signal,weight,probe_id,true_label,phrasing,is_prompt,score,band,fired
role_message,0,s5_imp_01,S5,imperative,False,0,none,0
role_message,0,s5_imp_02,S5,imperative,False,0,none,0
role_message,0,s5_imp_03,S5,imperative,False,4,none,0
role_message,0,s5_imp_04,S5,imperative,False,0,none,0
role_message,0,s5_imp_05,S5,imperative,False,0,none,0
role_message,0,s5_imp_06,S5,imperative,False,0,none,0
role_message,0,s5_imp_07,S5,imperative,False,0,none,0
role_message,0,s5_imp_08,S5,imperative,False,0,none,0
role_message,0,s5_imp_09,S5,imperative,False,4,none,0
role_message,0,s5_imp_10,S5,imperative,False,0,none,0
role_message,0,s5_imp_11,S5,imperative,False,0,none,0
role_message,0,s5_imp_12,S5,imperative,False,0,none,0
role_message,0,s5_imp_13,S5,imperative,False,0,none,0
role_message,0,s5_imp_14,S5,imperative,False,8,none,0
role_message,0,s5_imp_15,S5,imperative,False,0,none,0
role_message,0,s5_dec_01,S5,declarative,False,0,none,0
role_message,0,s5_dec_02,S5,declarative,False,0,none,0
role_message,0,s5_dec_03,S5,declarative,False,0,none,0
role_message,0,s5_dec_04,S5,declarative,False,0,none,0
role_message,0,s5_dec_05,S5,declarative,False,4,none,0
role_message,0,s5_dec_06,S5,declarative,False,0,none,0
role_message,0,s5_dec_07,S5,declarative,False,0,none,0
role_message,0,s5_dec_08,S5,declarative,False,0,none,0
role_message,0,s5_dec_09,S5,declarative,False,0,none,0
role_message,0,s5_dec_10,S5,declarative,False,0,none,0
role_message,0,s5_dec_11,S5,declarative,False,0,none,0
role_message,0,s5_dec_12,S5,declarative,False,0,none,0
role_message,0,s5_dec_13,S5,declarative,False,0,none,0
role_message,0,s5_dec_14,S5,declarative,False,0,none,0
role_message,0,s5_ind_01,S5,indirect,False,0,none,0
role_message,0,s5_ind_02,S5,indirect,False,0,none,0
role_message,0,s5_ind_03,S5,indirect,False,0,none,0
role_message,0,s5_ind_04,S5,indirect,False,0,none,0
role_message,0,s5_ind_05,S5,indirect,False,0,none,0
role_message,0,s5_ind_06,S5,indirect,False,0,none,0
role_message,0,s5_ind_07,S5,indirect,False,0,none,0
role_message,0,s5_ind_08,S5,indirect,False,0,none,0
role_message,0,s5_ind_09,S5,indirect,False,0,none,0
role_message,0,s5_ind_10,S5,indirect,False,0,none,0
role_message,0,s6_rp_01,S6,roleplay,False,4,none,0
role_message,0,s6_rp_02,S6,roleplay,False,4,none,0
role_message,0,s6_rp_03,S6,roleplay,False,4,none,0
role_message,0,s6_rp_04,S6,roleplay,False,0,none,0
role_message,0,s6_rp_05,S6,roleplay,False,8,none,0
role_message,0,s6_rp_06,S6,roleplay,False,0,none,0
role_message,0,s6_rp_07,S6,roleplay,False,0,none,0
role_message,0,s6_rp_08,S6,roleplay,False,0,none,0
role_message,0,s6_enc_01,S6,encoding,False,4,none,0
role_message,0,s6_enc_02,S6,encoding,False,0,none,0
role_message,0,s6_enc_03,S6,encoding,False,4,none,0
role_message,0,s6_enc_04,S6,encoding,False,4,none,0
role_message,0,safe_01,SAFE,benign,False,0,none,0
role_message,0,safe_02,SAFE,benign,False,4,none,0
role_message,0,safe_03,SAFE,benign,False,4,none,0
role_message,0,safe_04,SAFE,benign,False,4,none,0
role_message,0,safe_05,SAFE,benign,False,0,none,0
role_message,0,safe_06,SAFE,benign,False,0,none,0
role_message,0,safe_07,SAFE,benign,False,4,none,0
role_message,0,safe_08,SAFE,benign,False,0,none,0
role_message,0,safe_09,SAFE,benign,False,0,none,0
role_message,0,safe_10,SAFE,benign,False,0,none,0
role_message,0,safe_11,SAFE,benign,False,0,none,0
role_message,0,safe_12,SAFE,benign,False,4,none,0
role_message,0,safe_13,SAFE,benign,False,0,none,0
role_message,0,safe_14,SAFE,benign,False,4,none,0
role_message,0,safe_15,SAFE,benign,False,0,none,0
role_message,0,safe_16,SAFE,benign,False,0,none,0
role_message,0,safe_17,SAFE,benign,False,4,none,0
role_message,0,safe_18,SAFE,benign,False,0,none,0
role_message,0,safe_19,SAFE,benign,False,0,none,0
role_message,0,safe_20,SAFE,benign,False,0,none,0
role_message,0,hn_p_01,SAFE,legit_prompt,True,8,none,0
role_message,0,hn_p_02,SAFE,legit_prompt,True,12,none,0
role_message,0,hn_p_03,SAFE,legit_prompt,True,4,none,0
role_message,0,hn_p_04,SAFE,legit_prompt,True,8,none,0
role_message,0,hn_p_05,SAFE,legit_prompt,True,12,none,0
role_message,0,hn_p_06,SAFE,legit_prompt,True,8,none,0
role_message,0,hn_p_07,SAFE,legit_prompt,True,8,none,0
role_message,0,hn_p_08,SAFE,legit_prompt,True,12,none,0
role_message,0,hn_d_01,SAFE,security_doc,False,0,none,0
role_message,0,hn_d_02,SAFE,security_doc,False,0,none,0
role_message,0,hn_d_03,SAFE,security_doc,False,0,none,0
role_message,0,hn_d_04,SAFE,security_doc,False,4,none,0
role_message,0,hn_d_05,SAFE,security_doc,False,0,none,0
role_message,0,hn_d_06,SAFE,security_doc,False,0,none,0
role_message,0,hn_d_07,SAFE,security_doc,False,4,none,0
role_message,0,hn_d_08,SAFE,security_doc,False,0,none,0
role_message,0,hn_t_01,SAFE,benign_template,True,6,none,0
role_message,0,hn_t_02,SAFE,benign_template,True,6,none,0
role_message,0,hn_t_03,SAFE,benign_template,True,6,none,0
role_message,0,hn_t_04,SAFE,benign_template,True,14,none,0
role_message,5,s5_imp_01,S5,imperative,False,0,none,0
role_message,5,s5_imp_02,S5,imperative,False,0,none,0
role_message,5,s5_imp_03,S5,imperative,False,4,none,0
role_message,5,s5_imp_04,S5,imperative,False,0,none,0
role_message,5,s5_imp_05,S5,imperative,False,0,none,0
role_message,5,s5_imp_06,S5,imperative,False,0,none,0
role_message,5,s5_imp_07,S5,imperative,False,0,none,0
role_message,5,s5_imp_08,S5,imperative,False,0,none,0
role_message,5,s5_imp_09,S5,imperative,False,4,none,0
role_message,5,s5_imp_10,S5,imperative,False,0,none,0
role_message,5,s5_imp_11,S5,imperative,False,0,none,0
role_message,5,s5_imp_12,S5,imperative,False,0,none,0
role_message,5,s5_imp_13,S5,imperative,False,0,none,0
role_message,5,s5_imp_14,S5,imperative,False,8,none,0
role_message,5,s5_imp_15,S5,imperative,False,0,none,0
role_message,5,s5_dec_01,S5,declarative,False,0,none,0
role_message,5,s5_dec_02,S5,declarative,False,0,none,0
role_message,5,s5_dec_03,S5,declarative,False,0,none,0
role_message,5,s5_dec_04,S5,declarative,False,0,none,0
role_message,5,s5_dec_05,S5,declarative,False,4,none,0
role_message,5,s5_dec_06,S5,declarative,False,0,none,0
role_message,5,s5_dec_07,S5,declarative,False,0,none,0
role_message,5,s5_dec_08,S5,declarative,False,0,none,0
role_message,5,s5_dec_09,S5,declarative,False,0,none,0
role_message,5,s5_dec_10,S5,declarative,False,0,none,0
role_message,5,s5_dec_11,S5,declarative,False,0,none,0
role_message,5,s5_dec_12,S5,declarative,False,0,none,0
role_message,5,s5_dec_13,S5,declarative,False,0,none,0
role_message,5,s5_dec_14,S5,declarative,False,0,none,0
role_message,5,s5_ind_01,S5,indirect,False,0,none,0
role_message,5,s5_ind_02,S5,indirect,False,0,none,0
role_message,5,s5_ind_03,S5,indirect,False,0,none,0
role_message,5,s5_ind_04,S5,indirect,False,0,none,0
role_message,5,s5_ind_05,S5,indirect,False,0,none,0
role_message,5,s5_ind_06,S5,indirect,False,0,none,0
role_message,5,s5_ind_07,S5,indirect,False,0,none,0
role_message,5,s5_ind_08,S5,indirect,False,0,none,0
role_message,5,s5_ind_09,S5,indirect,False,0,none,0
role_message,5,s5_ind_10,S5,indirect,False,0,none,0
role_message,5,s6_rp_01,S6,roleplay,False,4,none,0
role_message,5,s6_rp_02,S6,roleplay,False,4,none,0
role_message,5,s6_rp_03,S6,roleplay,False,4,none,0
role_message,5,s6_rp_04,S6,roleplay,False,0,none,0
role_message,5,s6_rp_05,S6,roleplay,False,8,none,0
role_message,5,s6_rp_06,S6,roleplay,False,0,none,0
role_message,5,s6_rp_07,S6,roleplay,False,0,none,0
role_message,5,s6_rp_08,S6,roleplay,False,0,none,0
role_message,5,s6_enc_01,S6,encoding,False,4,none,0
role_message,5,s6_enc_02,S6,encoding,False,0,none,0
role_message,5,s6_enc_03,S6,encoding,False,4,none,0
role_message,5,s6_enc_04,S6,encoding,False,4,none,0
role_message,5,safe_01,SAFE,benign,False,0,none,0
role_message,5,safe_02,SAFE,benign,False,4,none,0
role_message,5,safe_03,SAFE,benign,False,4,none,0
role_message,5,safe_04,SAFE,benign,False,4,none,0
role_message,5,safe_05,SAFE,benign,False,0,none,0
role_message,5,safe_06,SAFE,benign,False,0,none,0
role_message,5,safe_07,SAFE,benign,False,4,none,0
role_message,5,safe_08,SAFE,benign,False,0,none,0
role_message,5,safe_09,SAFE,benign,False,0,none,0
role_message,5,safe_10,SAFE,benign,False,0,none,0
role_message,5,safe_11,SAFE,benign,False,0,none,0
role_message,5,safe_12,SAFE,benign,False,4,none,0
role_message,5,safe_13,SAFE,benign,False,0,none,0
role_message,5,safe_14,SAFE,benign,False,4,none,0
role_message,5,safe_15,SAFE,benign,False,0,none,0
role_message,5,safe_16,SAFE,benign,False,0,none,0
role_message,5,safe_17,SAFE,benign,False,4,none,0
role_message,5,safe_18,SAFE,benign,False,0,none,0
role_message,5,safe_19,SAFE,benign,False,0,none,0
role_message,5,safe_20,SAFE,benign,False,0,none,0
role_message,5,hn_p_01,SAFE,legit_prompt,True,8,none,0
role_message,5,hn_p_02,SAFE,legit_prompt,True,12,none,0
role_message,5,hn_p_03,SAFE,legit_prompt,True,4,none,0
role_message,5,hn_p_04,SAFE,legit_prompt,True,8,none,0
role_message,5,hn_p_05,SAFE,legit_prompt,True,12,none,0
role_message,5,hn_p_06,SAFE,legit_prompt,True,8,none,0
role_message,5,hn_p_07,SAFE,legit_prompt,True,8,none,0
role_message,5,hn_p_08,SAFE,legit_prompt,True,12,none,0
role_message,5,hn_d_01,SAFE,security_doc,False,0,none,0
role_message,5,hn_d_02,SAFE,security_doc,False,0,none,0
role_message,5,hn_d_03,SAFE,security_doc,False,0,none,0
role_message,5,hn_d_04,SAFE,security_doc,False,4,none,0
role_message,5,hn_d_05,SAFE,security_doc,False,0,none,0
role_message,5,hn_d_06,SAFE,security_doc,False,0,none,0
role_message,5,hn_d_07,SAFE,security_doc,False,4,none,0
role_message,5,hn_d_08,SAFE,security_doc,False,0,none,0
role_message,5,hn_t_01,SAFE,benign_template,True,6,none,0
role_message,5,hn_t_02,SAFE,benign_template,True,6,none,0
role_message,5,hn_t_03,SAFE,benign_template,True,6,none,0
role_message,5,hn_t_04,SAFE,benign_template,True,14,none,0
role_message,10,s5_imp_01,S5,imperative,False,0,none,0
role_message,10,s5_imp_02,S5,imperative,False,0,none,0
role_message,10,s5_imp_03,S5,imperative,False,4,none,0
role_message,10,s5_imp_04,S5,imperative,False,0,none,0
role_message,10,s5_imp_05,S5,imperative,False,0,none,0
role_message,10,s5_imp_06,S5,imperative,False,0,none,0
role_message,10,s5_imp_07,S5,imperative,False,0,none,0
role_message,10,s5_imp_08,S5,imperative,False,0,none,0
role_message,10,s5_imp_09,S5,imperative,False,4,none,0
role_message,10,s5_imp_10,S5,imperative,False,0,none,0
role_message,10,s5_imp_11,S5,imperative,False,0,none,0
role_message,10,s5_imp_12,S5,imperative,False,0,none,0
role_message,10,s5_imp_13,S5,imperative,False,0,none,0
role_message,10,s5_imp_14,S5,imperative,False,8,none,0
role_message,10,s5_imp_15,S5,imperative,False,0,none,0
role_message,10,s5_dec_01,S5,declarative,False,0,none,0
role_message,10,s5_dec_02,S5,declarative,False,0,none,0
role_message,10,s5_dec_03,S5,declarative,False,0,none,0
role_message,10,s5_dec_04,S5,declarative,False,0,none,0
role_message,10,s5_dec_05,S5,declarative,False,4,none,0
role_message,10,s5_dec_06,S5,declarative,False,0,none,0
role_message,10,s5_dec_07,S5,declarative,False,0,none,0
role_message,10,s5_dec_08,S5,declarative,False,0,none,0
role_message,10,s5_dec_09,S5,declarative,False,0,none,0
role_message,10,s5_dec_10,S5,declarative,False,0,none,0
role_message,10,s5_dec_11,S5,declarative,False,0,none,0
role_message,10,s5_dec_12,S5,declarative,False,0,none,0
role_message,10,s5_dec_13,S5,declarative,False,0,none,0
role_message,10,s5_dec_14,S5,declarative,False,0,none,0
role_message,10,s5_ind_01,S5,indirect,False,0,none,0
role_message,10,s5_ind_02,S5,indirect,False,0,none,0
role_message,10,s5_ind_03,S5,indirect,False,0,none,0
role_message,10,s5_ind_04,S5,indirect,False,0,none,0
role_message,10,s5_ind_05,S5,indirect,False,0,none,0
role_message,10,s5_ind_06,S5,indirect,False,0,none,0
role_message,10,s5_ind_07,S5,indirect,False,0,none,0
role_message,10,s5_ind_08,S5,indirect,False,0,none,0
role_message,10,s5_ind_09,S5,indirect,False,0,none,0
role_message,10,s5_ind_10,S5,indirect,False,0,none,0
role_message,10,s6_rp_01,S6,roleplay,False,4,none,0
role_message,10,s6_rp_02,S6,roleplay,False,4,none,0
role_message,10,s6_rp_03,S6,roleplay,False,4,none,0
role_message,10,s6_rp_04,S6,roleplay,False,0,none,0
role_message,10,s6_rp_05,S6,roleplay,False,8,none,0
role_message,10,s6_rp_06,S6,roleplay,False,0,none,0
role_message,10,s6_rp_07,S6,roleplay,False,0,none,0
role_message,10,s6_rp_08,S6,roleplay,False,0,none,0
role_message,10,s6_enc_01,S6,encoding,False,4,none,0
role_message,10,s6_enc_02,S6,encoding,False,0,none,0
role_message,10,s6_enc_03,S6,encoding,False,4,none,0
role_message,10,s6_enc_04,S6,encoding,False,4,none,0
role_message,10,safe_01,SAFE,benign,False,0,none,0
role_message,10,safe_02,SAFE,benign,False,4,none,0
role_message,10,safe_03,SAFE,benign,False,4,none,0
role_message,10,safe_04,SAFE,benign,False,4,none,0
role_message,10,safe_05,SAFE,benign,False,0,none,0
role_message,10,safe_06,SAFE,benign,False,0,none,0
role_message,10,safe_07,SAFE,benign,False,4,none,0
role_message,10,safe_08,SAFE,benign,False,0,none,0
role_message,10,safe_09,SAFE,benign,False,0,none,0
role_message,10,safe_10,SAFE,benign,False,0,none,0
role_message,10,safe_11,SAFE,benign,False,0,none,0
role_message,10,safe_12,SAFE,benign,False,4,none,0
role_message,10,safe_13,SAFE,benign,False,0,none,0
role_message,10,safe_14,SAFE,benign,False,4,none,0
role_message,10,safe_15,SAFE,benign,False,0,none,0
role_message,10,safe_16,SAFE,benign,False,0,none,0
role_message,10,safe_17,SAFE,benign,False,4,none,0
role_message,10,safe_18,SAFE,benign,False,0,none,0
role_message,10,safe_19,SAFE,benign,False,0,none,0
role_message,10,safe_20,SAFE,benign,False,0,none,0
role_message,10,hn_p_01,SAFE,legit_prompt,True,8,none,0
role_message,10,hn_p_02,SAFE,legit_prompt,True,12,none,0
role_message,10,hn_p_03,SAFE,legit_prompt,True,4,none,0
role_message,10,hn_p_04,SAFE,legit_prompt,True,8,none,0
role_message,10,hn_p_05,SAFE,legit_prompt,True,12,none,0
role_message,10,hn_p_06,SAFE,legit_prompt,True,8,none,0
role_message,10,hn_p_07,SAFE,legit_prompt,True,8,none,0
role_message,10,hn_p_08,SAFE,legit_prompt,True,12,none,0
role_message,10,hn_d_01,SAFE,security_doc,False,0,none,0
role_message,10,hn_d_02,SAFE,security_doc,False,0,none,0
role_message,10,hn_d_03,SAFE,security_doc,False,0,none,0
role_message,10,hn_d_04,SAFE,security_doc,False,4,none,0
role_message,10,hn_d_05,SAFE,security_doc,False,0,none,0
role_message,10,hn_d_06,SAFE,security_doc,False,0,none,0
role_message,10,hn_d_07,SAFE,security_doc,False,4,none,0
role_message,10,hn_d_08,SAFE,security_doc,False,0,none,0
role_message,10,hn_t_01,SAFE,benign_template,True,6,none,0
role_message,10,hn_t_02,SAFE,benign_template,True,6,none,0
role_message,10,hn_t_03,SAFE,benign_template,True,6,none,0
role_message,10,hn_t_04,SAFE,benign_template,True,14,none,0
role_message,15,s5_imp_01,S5,imperative,False,0,none,0
role_message,15,s5_imp_02,S5,imperative,False,0,none,0
role_message,15,s5_imp_03,S5,imperative,False,4,none,0
role_message,15,s5_imp_04,S5,imperative,False,0,none,0
role_message,15,s5_imp_05,S5,imperative,False,0,none,0
role_message,15,s5_imp_06,S5,imperative,False,0,none,0
role_message,15,s5_imp_07,S5,imperative,False,0,none,0
role_message,15,s5_imp_08,S5,imperative,False,0,none,0
role_message,15,s5_imp_09,S5,imperative,False,4,none,0
role_message,15,s5_imp_10,S5,imperative,False,0,none,0
role_message,15,s5_imp_11,S5,imperative,False,0,none,0
role_message,15,s5_imp_12,S5,imperative,False,0,none,0
role_message,15,s5_imp_13,S5,imperative,False,0,none,0
role_message,15,s5_imp_14,S5,imperative,False,8,none,0
role_message,15,s5_imp_15,S5,imperative,False,0,none,0
role_message,15,s5_dec_01,S5,declarative,False,0,none,0
role_message,15,s5_dec_02,S5,declarative,False,0,none,0
role_message,15,s5_dec_03,S5,declarative,False,0,none,0
role_message,15,s5_dec_04,S5,declarative,False,0,none,0
role_message,15,s5_dec_05,S5,declarative,False,4,none,0
role_message,15,s5_dec_06,S5,declarative,False,0,none,0
role_message,15,s5_dec_07,S5,declarative,False,0,none,0
role_message,15,s5_dec_08,S5,declarative,False,0,none,0
role_message,15,s5_dec_09,S5,declarative,False,0,none,0
role_message,15,s5_dec_10,S5,declarative,False,0,none,0
role_message,15,s5_dec_11,S5,declarative,False,0,none,0
role_message,15,s5_dec_12,S5,declarative,False,0,none,0
role_message,15,s5_dec_13,S5,declarative,False,0,none,0
role_message,15,s5_dec_14,S5,declarative,False,0,none,0
role_message,15,s5_ind_01,S5,indirect,False,0,none,0
role_message,15,s5_ind_02,S5,indirect,False,0,none,0
role_message,15,s5_ind_03,S5,indirect,False,0,none,0
role_message,15,s5_ind_04,S5,indirect,False,0,none,0
role_message,15,s5_ind_05,S5,indirect,False,0,none,0
role_message,15,s5_ind_06,S5,indirect,False,0,none,0
role_message,15,s5_ind_07,S5,indirect,False,0,none,0
role_message,15,s5_ind_08,S5,indirect,False,0,none,0
role_message,15,s5_ind_09,S5,indirect,False,0,none,0
role_message,15,s5_ind_10,S5,indirect,False,0,none,0
role_message,15,s6_rp_01,S6,roleplay,False,4,none,0
role_message,15,s6_rp_02,S6,roleplay,False,4,none,0
role_message,15,s6_rp_03,S6,roleplay,False,4,none,0
role_message,15,s6_rp_04,S6,roleplay,False,0,none,0
role_message,15,s6_rp_05,S6,roleplay,False,8,none,0
role_message,15,s6_rp_06,S6,roleplay,False,0,none,0
role_message,15,s6_rp_07,S6,roleplay,False,0,none,0
role_message,15,s6_rp_08,S6,roleplay,False,0,none,0
role_message,15,s6_enc_01,S6,encoding,False,4,none,0
role_message,15,s6_enc_02,S6,encoding,False,0,none,0
role_message,15,s6_enc_03,S6,encoding,False,4,none,0
role_message,15,s6_enc_04,S6,encoding,False,4,none,0
role_message,15,safe_01,SAFE,benign,False,0,none,0
role_message,15,safe_02,SAFE,benign,False,4,none,0
role_message,15,safe_03,SAFE,benign,False,4,none,0
role_message,15,safe_04,SAFE,benign,False,4,none,0
role_message,15,safe_05,SAFE,benign,False,0,none,0
role_message,15,safe_06,SAFE,benign,False,0,none,0
role_message,15,safe_07,SAFE,benign,False,4,none,0
role_message,15,safe_08,SAFE,benign,False,0,none,0
role_message,15,safe_09,SAFE,benign,False,0,none,0
role_message,15,safe_10,SAFE,benign,False,0,none,0
role_message,15,safe_11,SAFE,benign,False,0,none,0
role_message,15,safe_12,SAFE,benign,False,4,none,0
role_message,15,safe_13,SAFE,benign,False,0,none,0
role_message,15,safe_14,SAFE,benign,False,4,none,0
role_message,15,safe_15,SAFE,benign,False,0,none,0
role_message,15,safe_16,SAFE,benign,False,0,none,0
role_message,15,safe_17,SAFE,benign,False,4,none,0
role_message,15,safe_18,SAFE,benign,False,0,none,0
role_message,15,safe_19,SAFE,benign,False,0,none,0
role_message,15,safe_20,SAFE,benign,False,0,none,0
role_message,15,hn_p_01,SAFE,legit_prompt,True,8,none,0
role_message,15,hn_p_02,SAFE,legit_prompt,True,12,none,0
role_message,15,hn_p_03,SAFE,legit_prompt,True,4,none,0
role_message,15,hn_p_04,SAFE,legit_prompt,True,8,none,0
role_message,15,hn_p_05,SAFE,legit_prompt,True,12,none,0
role_message,15,hn_p_06,SAFE,legit_prompt,True,8,none,0
role_message,15,hn_p_07,SAFE,legit_prompt,True,8,none,0
role_message,15,hn_p_08,SAFE,legit_prompt,True,12,none,0
role_message,15,hn_d_01,SAFE,security_doc,False,0,none,0
role_message,15,hn_d_02,SAFE,security_doc,False,0,none,0
role_message,15,hn_d_03,SAFE,security_doc,False,0,none,0
role_message,15,hn_d_04,SAFE,security_doc,False,4,none,0
role_message,15,hn_d_05,SAFE,security_doc,False,0,none,0
role_message,15,hn_d_06,SAFE,security_doc,False,0,none,0
role_message,15,hn_d_07,SAFE,security_doc,False,4,none,0
role_message,15,hn_d_08,SAFE,security_doc,False,0,none,0
role_message,15,hn_t_01,SAFE,benign_template,True,6,none,0
role_message,15,hn_t_02,SAFE,benign_template,True,6,none,0
role_message,15,hn_t_03,SAFE,benign_template,True,6,none,0
role_message,15,hn_t_04,SAFE,benign_template,True,14,none,0
role_message,20,s5_imp_01,S5,imperative,False,0,none,0
role_message,20,s5_imp_02,S5,imperative,False,0,none,0
role_message,20,s5_imp_03,S5,imperative,False,4,none,0
role_message,20,s5_imp_04,S5,imperative,False,0,none,0
role_message,20,s5_imp_05,S5,imperative,False,0,none,0
role_message,20,s5_imp_06,S5,imperative,False,0,none,0
role_message,20,s5_imp_07,S5,imperative,False,0,none,0
role_message,20,s5_imp_08,S5,imperative,False,0,none,0
role_message,20,s5_imp_09,S5,imperative,False,4,none,0
role_message,20,s5_imp_10,S5,imperative,False,0,none,0
role_message,20,s5_imp_11,S5,imperative,False,0,none,0
role_message,20,s5_imp_12,S5,imperative,False,0,none,0
role_message,20,s5_imp_13,S5,imperative,False,0,none,0
role_message,20,s5_imp_14,S5,imperative,False,8,none,0
role_message,20,s5_imp_15,S5,imperative,False,0,none,0
role_message,20,s5_dec_01,S5,declarative,False,0,none,0
role_message,20,s5_dec_02,S5,declarative,False,0,none,0
role_message,20,s5_dec_03,S5,declarative,False,0,none,0
role_message,20,s5_dec_04,S5,declarative,False,0,none,0
role_message,20,s5_dec_05,S5,declarative,False,4,none,0
role_message,20,s5_dec_06,S5,declarative,False,0,none,0
role_message,20,s5_dec_07,S5,declarative,False,0,none,0
role_message,20,s5_dec_08,S5,declarative,False,0,none,0
role_message,20,s5_dec_09,S5,declarative,False,0,none,0
role_message,20,s5_dec_10,S5,declarative,False,0,none,0
role_message,20,s5_dec_11,S5,declarative,False,0,none,0
role_message,20,s5_dec_12,S5,declarative,False,0,none,0
role_message,20,s5_dec_13,S5,declarative,False,0,none,0
role_message,20,s5_dec_14,S5,declarative,False,0,none,0
role_message,20,s5_ind_01,S5,indirect,False,0,none,0
role_message,20,s5_ind_02,S5,indirect,False,0,none,0
role_message,20,s5_ind_03,S5,indirect,False,0,none,0
role_message,20,s5_ind_04,S5,indirect,False,0,none,0
role_message,20,s5_ind_05,S5,indirect,False,0,none,0
role_message,20,s5_ind_06,S5,indirect,False,0,none,0
role_message,20,s5_ind_07,S5,indirect,False,0,none,0
role_message,20,s5_ind_08,S5,indirect,False,0,none,0
role_message,20,s5_ind_09,S5,indirect,False,0,none,0
role_message,20,s5_ind_10,S5,indirect,False,0,none,0
role_message,20,s6_rp_01,S6,roleplay,False,4,none,0
role_message,20,s6_rp_02,S6,roleplay,False,4,none,0
role_message,20,s6_rp_03,S6,roleplay,False,4,none,0
role_message,20,s6_rp_04,S6,roleplay,False,0,none,0
role_message,20,s6_rp_05,S6,roleplay,False,8,none,0
role_message,20,s6_rp_06,S6,roleplay,False,0,none,0
role_message,20,s6_rp_07,S6,roleplay,False,0,none,0
role_message,20,s6_rp_08,S6,roleplay,False,0,none,0
role_message,20,s6_enc_01,S6,encoding,False,4,none,0
role_message,20,s6_enc_02,S6,encoding,False,0,none,0
role_message,20,s6_enc_03,S6,encoding,False,4,none,0
role_message,20,s6_enc_04,S6,encoding,False,4,none,0
role_message,20,safe_01,SAFE,benign,False,0,none,0
role_message,20,safe_02,SAFE,benign,False,4,none,0
role_message,20,safe_03,SAFE,benign,False,4,none,0
role_message,20,safe_04,SAFE,benign,False,4,none,0
role_message,20,safe_05,SAFE,benign,False,0,none,0
role_message,20,safe_06,SAFE,benign,False,0,none,0
role_message,20,safe_07,SAFE,benign,False,4,none,0
role_message,20,safe_08,SAFE,benign,False,0,none,0
role_message,20,safe_09,SAFE,benign,False,0,none,0
role_message,20,safe_10,SAFE,benign,False,0,none,0
role_message,20,safe_11,SAFE,benign,False,0,none,0
role_message,20,safe_12,SAFE,benign,False,4,none,0
role_message,20,safe_13,SAFE,benign,False,0,none,0
role_message,20,safe_14,SAFE,benign,False,4,none,0
role_message,20,safe_15,SAFE,benign,False,0,none,0
role_message,20,safe_16,SAFE,benign,False,0,none,0
role_message,20,safe_17,SAFE,benign,False,4,none,0
role_message,20,safe_18,SAFE,benign,False,0,none,0
role_message,20,safe_19,SAFE,benign,False,0,none,0
role_message,20,safe_20,SAFE,benign,False,0,none,0
role_message,20,hn_p_01,SAFE,legit_prompt,True,8,none,0
role_message,20,hn_p_02,SAFE,legit_prompt,True,12,none,0
role_message,20,hn_p_03,SAFE,legit_prompt,True,4,none,0
role_message,20,hn_p_04,SAFE,legit_prompt,True,8,none,0
role_message,20,hn_p_05,SAFE,legit_prompt,True,12,none,0
role_message,20,hn_p_06,SAFE,legit_prompt,True,8,none,0
role_message,20,hn_p_07,SAFE,legit_prompt,True,8,none,0
role_message,20,hn_p_08,SAFE,legit_prompt,True,12,none,0
role_message,20,hn_d_01,SAFE,security_doc,False,0,none,0
role_message,20,hn_d_02,SAFE,security_doc,False,0,none,0
role_message,20,hn_d_03,SAFE,security_doc,False,0,none,0
role_message,20,hn_d_04,SAFE,security_doc,False,4,none,0
role_message,20,hn_d_05,SAFE,security_doc,False,0,none,0
role_message,20,hn_d_06,SAFE,security_doc,False,0,none,0
role_message,20,hn_d_07,SAFE,security_doc,False,4,none,0
role_message,20,hn_d_08,SAFE,security_doc,False,0,none,0
role_message,20,hn_t_01,SAFE,benign_template,True,6,none,0
role_message,20,hn_t_02,SAFE,benign_template,True,6,none,0
role_message,20,hn_t_03,SAFE,benign_template,True,6,none,0
role_message,20,hn_t_04,SAFE,benign_template,True,14,none,0
role_message,25,s5_imp_01,S5,imperative,False,0,none,0
role_message,25,s5_imp_02,S5,imperative,False,0,none,0
role_message,25,s5_imp_03,S5,imperative,False,4,none,0
role_message,25,s5_imp_04,S5,imperative,False,0,none,0
role_message,25,s5_imp_05,S5,imperative,False,0,none,0
role_message,25,s5_imp_06,S5,imperative,False,0,none,0
role_message,25,s5_imp_07,S5,imperative,False,0,none,0
role_message,25,s5_imp_08,S5,imperative,False,0,none,0
role_message,25,s5_imp_09,S5,imperative,False,4,none,0
role_message,25,s5_imp_10,S5,imperative,False,0,none,0
role_message,25,s5_imp_11,S5,imperative,False,0,none,0
role_message,25,s5_imp_12,S5,imperative,False,0,none,0
role_message,25,s5_imp_13,S5,imperative,False,0,none,0
role_message,25,s5_imp_14,S5,imperative,False,8,none,0
role_message,25,s5_imp_15,S5,imperative,False,0,none,0
role_message,25,s5_dec_01,S5,declarative,False,0,none,0
role_message,25,s5_dec_02,S5,declarative,False,0,none,0
role_message,25,s5_dec_03,S5,declarative,False,0,none,0
role_message,25,s5_dec_04,S5,declarative,False,0,none,0
role_message,25,s5_dec_05,S5,declarative,False,4,none,0
role_message,25,s5_dec_06,S5,declarative,False,0,none,0
role_message,25,s5_dec_07,S5,declarative,False,0,none,0
role_message,25,s5_dec_08,S5,declarative,False,0,none,0
role_message,25,s5_dec_09,S5,declarative,False,0,none,0
role_message,25,s5_dec_10,S5,declarative,False,0,none,0
role_message,25,s5_dec_11,S5,declarative,False,0,none,0
role_message,25,s5_dec_12,S5,declarative,False,0,none,0
role_message,25,s5_dec_13,S5,declarative,False,0,none,0
role_message,25,s5_dec_14,S5,declarative,False,0,none,0
role_message,25,s5_ind_01,S5,indirect,False,0,none,0
role_message,25,s5_ind_02,S5,indirect,False,0,none,0
role_message,25,s5_ind_03,S5,indirect,False,0,none,0
role_message,25,s5_ind_04,S5,indirect,False,0,none,0
role_message,25,s5_ind_05,S5,indirect,False,0,none,0
role_message,25,s5_ind_06,S5,indirect,False,0,none,0
role_message,25,s5_ind_07,S5,indirect,False,0,none,0
role_message,25,s5_ind_08,S5,indirect,False,0,none,0
role_message,25,s5_ind_09,S5,indirect,False,0,none,0
role_message,25,s5_ind_10,S5,indirect,False,0,none,0
role_message,25,s6_rp_01,S6,roleplay,False,4,none,0
role_message,25,s6_rp_02,S6,roleplay,False,4,none,0
role_message,25,s6_rp_03,S6,roleplay,False,4,none,0
role_message,25,s6_rp_04,S6,roleplay,False,0,none,0
role_message,25,s6_rp_05,S6,roleplay,False,8,none,0
role_message,25,s6_rp_06,S6,roleplay,False,0,none,0
role_message,25,s6_rp_07,S6,roleplay,False,0,none,0
role_message,25,s6_rp_08,S6,roleplay,False,0,none,0
role_message,25,s6_enc_01,S6,encoding,False,4,none,0
role_message,25,s6_enc_02,S6,encoding,False,0,none,0
role_message,25,s6_enc_03,S6,encoding,False,4,none,0
role_message,25,s6_enc_04,S6,encoding,False,4,none,0
role_message,25,safe_01,SAFE,benign,False,0,none,0
role_message,25,safe_02,SAFE,benign,False,4,none,0
role_message,25,safe_03,SAFE,benign,False,4,none,0
role_message,25,safe_04,SAFE,benign,False,4,none,0
role_message,25,safe_05,SAFE,benign,False,0,none,0
role_message,25,safe_06,SAFE,benign,False,0,none,0
role_message,25,safe_07,SAFE,benign,False,4,none,0
role_message,25,safe_08,SAFE,benign,False,0,none,0
role_message,25,safe_09,SAFE,benign,False,0,none,0
role_message,25,safe_10,SAFE,benign,False,0,none,0
role_message,25,safe_11,SAFE,benign,False,0,none,0
role_message,25,safe_12,SAFE,benign,False,4,none,0
role_message,25,safe_13,SAFE,benign,False,0,none,0
role_message,25,safe_14,SAFE,benign,False,4,none,0
role_message,25,safe_15,SAFE,benign,False,0,none,0
role_message,25,safe_16,SAFE,benign,False,0,none,0
role_message,25,safe_17,SAFE,benign,False,4,none,0
role_message,25,safe_18,SAFE,benign,False,0,none,0
role_message,25,safe_19,SAFE,benign,False,0,none,0
role_message,25,safe_20,SAFE,benign,False,0,none,0
role_message,25,hn_p_01,SAFE,legit_prompt,True,8,none,0
role_message,25,hn_p_02,SAFE,legit_prompt,True,12,none,0
role_message,25,hn_p_03,SAFE,legit_prompt,True,4,none,0
role_message,25,hn_p_04,SAFE,legit_prompt,True,8,none,0
role_message,25,hn_p_05,SAFE,legit_prompt,True,12,none,0
role_message,25,hn_p_06,SAFE,legit_prompt,True,8,none,0
role_message,25,hn_p_07,SAFE,legit_prompt,True,8,none,0
role_message,25,hn_p_08,SAFE,legit_prompt,True,12,none,0
role_message,25,hn_d_01,SAFE,security_doc,False,0,none,0
role_message,25,hn_d_02,SAFE,security_doc,False,0,none,0
role_message,25,hn_d_03,SAFE,security_doc,False,0,none,0
role_message,25,hn_d_04,SAFE,security_doc,False,4,none,0
role_message,25,hn_d_05,SAFE,security_doc,False,0,none,0
role_message,25,hn_d_06,SAFE,security_doc,False,0,none,0
role_message,25,hn_d_07,SAFE,security_doc,False,4,none,0
role_message,25,hn_d_08,SAFE,security_doc,False,0,none,0
role_message,25,hn_t_01,SAFE,benign_template,True,6,none,0
role_message,25,hn_t_02,SAFE,benign_template,True,6,none,0
role_message,25,hn_t_03,SAFE,benign_template,True,6,none,0
role_message,25,hn_t_04,SAFE,benign_template,True,14,none,0
role_message,30,s5_imp_01,S5,imperative,False,0,none,0
role_message,30,s5_imp_02,S5,imperative,False,0,none,0
role_message,30,s5_imp_03,S5,imperative,False,4,none,0
role_message,30,s5_imp_04,S5,imperative,False,0,none,0
role_message,30,s5_imp_05,S5,imperative,False,0,none,0
role_message,30,s5_imp_06,S5,imperative,False,0,none,0
role_message,30,s5_imp_07,S5,imperative,False,0,none,0
role_message,30,s5_imp_08,S5,imperative,False,0,none,0
role_message,30,s5_imp_09,S5,imperative,False,4,none,0
role_message,30,s5_imp_10,S5,imperative,False,0,none,0
role_message,30,s5_imp_11,S5,imperative,False,0,none,0
role_message,30,s5_imp_12,S5,imperative,False,0,none,0
role_message,30,s5_imp_13,S5,imperative,False,0,none,0
role_message,30,s5_imp_14,S5,imperative,False,8,none,0
role_message,30,s5_imp_15,S5,imperative,False,0,none,0
role_message,30,s5_dec_01,S5,declarative,False,0,none,0
role_message,30,s5_dec_02,S5,declarative,False,0,none,0
role_message,30,s5_dec_03,S5,declarative,False,0,none,0
role_message,30,s5_dec_04,S5,declarative,False,0,none,0
role_message,30,s5_dec_05,S5,declarative,False,4,none,0
role_message,30,s5_dec_06,S5,declarative,False,0,none,0
role_message,30,s5_dec_07,S5,declarative,False,0,none,0
role_message,30,s5_dec_08,S5,declarative,False,0,none,0
role_message,30,s5_dec_09,S5,declarative,False,0,none,0
role_message,30,s5_dec_10,S5,declarative,False,0,none,0
role_message,30,s5_dec_11,S5,declarative,False,0,none,0
role_message,30,s5_dec_12,S5,declarative,False,0,none,0
role_message,30,s5_dec_13,S5,declarative,False,0,none,0
role_message,30,s5_dec_14,S5,declarative,False,0,none,0
role_message,30,s5_ind_01,S5,indirect,False,0,none,0
role_message,30,s5_ind_02,S5,indirect,False,0,none,0
role_message,30,s5_ind_03,S5,indirect,False,0,none,0
role_message,30,s5_ind_04,S5,indirect,False,0,none,0
role_message,30,s5_ind_05,S5,indirect,False,0,none,0
role_message,30,s5_ind_06,S5,indirect,False,0,none,0
role_message,30,s5_ind_07,S5,indirect,False,0,none,0
role_message,30,s5_ind_08,S5,indirect,False,0,none,0
role_message,30,s5_ind_09,S5,indirect,False,0,none,0
role_message,30,s5_ind_10,S5,indirect,False,0,none,0
role_message,30,s6_rp_01,S6,roleplay,False,4,none,0
role_message,30,s6_rp_02,S6,roleplay,False,4,none,0
role_message,30,s6_rp_03,S6,roleplay,False,4,none,0
role_message,30,s6_rp_04,S6,roleplay,False,0,none,0
role_message,30,s6_rp_05,S6,roleplay,False,8,none,0
role_message,30,s6_rp_06,S6,roleplay,False,0,none,0
role_message,30,s6_rp_07,S6,roleplay,False,0,none,0
role_message,30,s6_rp_08,S6,roleplay,False,0,none,0
role_message,30,s6_enc_01,S6,encoding,False,4,none,0
role_message,30,s6_enc_02,S6,encoding,False,0,none,0
role_message,30,s6_enc_03,S6,encoding,False,4,none,0
role_message,30,s6_enc_04,S6,encoding,False,4,none,0
role_message,30,safe_01,SAFE,benign,False,0,none,0
role_message,30,safe_02,SAFE,benign,False,4,none,0
role_message,30,safe_03,SAFE,benign,False,4,none,0
role_message,30,safe_04,SAFE,benign,False,4,none,0
role_message,30,safe_05,SAFE,benign,False,0,none,0
role_message,30,safe_06,SAFE,benign,False,0,none,0
role_message,30,safe_07,SAFE,benign,False,4,none,0
role_message,30,safe_08,SAFE,benign,False,0,none,0
role_message,30,safe_09,SAFE,benign,False,0,none,0
role_message,30,safe_10,SAFE,benign,False,0,none,0
role_message,30,safe_11,SAFE,benign,False,0,none,0
role_message,30,safe_12,SAFE,benign,False,4,none,0
role_message,30,safe_13,SAFE,benign,False,0,none,0
role_message,30,safe_14,SAFE,benign,False,4,none,0
role_message,30,safe_15,SAFE,benign,False,0,none,0
role_message,30,safe_16,SAFE,benign,False,0,none,0
role_message,30,safe_17,SAFE,benign,False,4,none,0
role_message,30,safe_18,SAFE,benign,False,0,none,0
role_message,30,safe_19,SAFE,benign,False,0,none,0
role_message,30,safe_20,SAFE,benign,False,0,none,0
role_message,30,hn_p_01,SAFE,legit_prompt,True,8,none,0
role_message,30,hn_p_02,SAFE,legit_prompt,True,12,none,0
role_message,30,hn_p_03,SAFE,legit_prompt,True,4,none,0
role_message,30,hn_p_04,SAFE,legit_prompt,True,8,none,0
role_message,30,hn_p_05,SAFE,legit_prompt,True,12,none,0
role_message,30,hn_p_06,SAFE,legit_prompt,True,8,none,0
role_message,30,hn_p_07,SAFE,legit_prompt,True,8,none,0
role_message,30,hn_p_08,SAFE,legit_prompt,True,12,none,0
role_message,30,hn_d_01,SAFE,security_doc,False,0,none,0
role_message,30,hn_d_02,SAFE,security_doc,False,0,none,0
role_message,30,hn_d_03,SAFE,security_doc,False,0,none,0
role_message,30,hn_d_04,SAFE,security_doc,False,4,none,0
role_message,30,hn_d_05,SAFE,security_doc,False,0,none,0
role_message,30,hn_d_06,SAFE,security_doc,False,0,none,0
role_message,30,hn_d_07,SAFE,security_doc,False,4,none,0
role_message,30,hn_d_08,SAFE,security_doc,False,0,none,0
role_message,30,hn_t_01,SAFE,benign_template,True,6,none,0
role_message,30,hn_t_02,SAFE,benign_template,True,6,none,0
role_message,30,hn_t_03,SAFE,benign_template,True,6,none,0
role_message,30,hn_t_04,SAFE,benign_template,True,14,none,0
role_message,35,s5_imp_01,S5,imperative,False,0,none,0
role_message,35,s5_imp_02,S5,imperative,False,0,none,0
role_message,35,s5_imp_03,S5,imperative,False,4,none,0
role_message,35,s5_imp_04,S5,imperative,False,0,none,0
role_message,35,s5_imp_05,S5,imperative,False,0,none,0
role_message,35,s5_imp_06,S5,imperative,False,0,none,0
role_message,35,s5_imp_07,S5,imperative,False,0,none,0
role_message,35,s5_imp_08,S5,imperative,False,0,none,0
role_message,35,s5_imp_09,S5,imperative,False,4,none,0
role_message,35,s5_imp_10,S5,imperative,False,0,none,0
role_message,35,s5_imp_11,S5,imperative,False,0,none,0
role_message,35,s5_imp_12,S5,imperative,False,0,none,0
role_message,35,s5_imp_13,S5,imperative,False,0,none,0
role_message,35,s5_imp_14,S5,imperative,False,8,none,0
role_message,35,s5_imp_15,S5,imperative,False,0,none,0
role_message,35,s5_dec_01,S5,declarative,False,0,none,0
role_message,35,s5_dec_02,S5,declarative,False,0,none,0
role_message,35,s5_dec_03,S5,declarative,False,0,none,0
role_message,35,s5_dec_04,S5,declarative,False,0,none,0
role_message,35,s5_dec_05,S5,declarative,False,4,none,0
role_message,35,s5_dec_06,S5,declarative,False,0,none,0
role_message,35,s5_dec_07,S5,declarative,False,0,none,0
role_message,35,s5_dec_08,S5,declarative,False,0,none,0
role_message,35,s5_dec_09,S5,declarative,False,0,none,0
role_message,35,s5_dec_10,S5,declarative,False,0,none,0
role_message,35,s5_dec_11,S5,declarative,False,0,none,0
role_message,35,s5_dec_12,S5,declarative,False,0,none,0
role_message,35,s5_dec_13,S5,declarative,False,0,none,0
role_message,35,s5_dec_14,S5,declarative,False,0,none,0
role_message,35,s5_ind_01,S5,indirect,False,0,none,0
role_message,35,s5_ind_02,S5,indirect,False,0,none,0
role_message,35,s5_ind_03,S5,indirect,False,0,none,0
role_message,35,s5_ind_04,S5,indirect,False,0,none,0
role_message,35,s5_ind_05,S5,indirect,False,0,none,0
role_message,35,s5_ind_06,S5,indirect,False,0,none,0
role_message,35,s5_ind_07,S5,indirect,False,0,none,0
role_message,35,s5_ind_08,S5,indirect,False,0,none,0
role_message,35,s5_ind_09,S5,indirect,False,0,none,0
role_message,35,s5_ind_10,S5,indirect,False,0,none,0
role_message,35,s6_rp_01,S6,roleplay,False,4,none,0
role_message,35,s6_rp_02,S6,roleplay,False,4,none,0
role_message,35,s6_rp_03,S6,roleplay,False,4,none,0
role_message,35,s6_rp_04,S6,roleplay,False,0,none,0
role_message,35,s6_rp_05,S6,roleplay,False,8,none,0
role_message,35,s6_rp_06,S6,roleplay,False,0,none,0
role_message,35,s6_rp_07,S6,roleplay,False,0,none,0
role_message,35,s6_rp_08,S6,roleplay,False,0,none,0
role_message,35,s6_enc_01,S6,encoding,False,4,none,0
role_message,35,s6_enc_02,S6,encoding,False,0,none,0
role_message,35,s6_enc_03,S6,encoding,False,4,none,0
role_message,35,s6_enc_04,S6,encoding,False,4,none,0
role_message,35,safe_01,SAFE,benign,False,0,none,0
role_message,35,safe_02,SAFE,benign,False,4,none,0
role_message,35,safe_03,SAFE,benign,False,4,none,0
role_message,35,safe_04,SAFE,benign,False,4,none,0
role_message,35,safe_05,SAFE,benign,False,0,none,0
role_message,35,safe_06,SAFE,benign,False,0,none,0
role_message,35,safe_07,SAFE,benign,False,4,none,0
role_message,35,safe_08,SAFE,benign,False,0,none,0
role_message,35,safe_09,SAFE,benign,False,0,none,0
role_message,35,safe_10,SAFE,benign,False,0,none,0
role_message,35,safe_11,SAFE,benign,False,0,none,0
role_message,35,safe_12,SAFE,benign,False,4,none,0
role_message,35,safe_13,SAFE,benign,False,0,none,0
role_message,35,safe_14,SAFE,benign,False,4,none,0
role_message,35,safe_15,SAFE,benign,False,0,none,0
role_message,35,safe_16,SAFE,benign,False,0,none,0
role_message,35,safe_17,SAFE,benign,False,4,none,0
role_message,35,safe_18,SAFE,benign,False,0,none,0
role_message,35,safe_19,SAFE,benign,False,0,none,0
role_message,35,safe_20,SAFE,benign,False,0,none,0
role_message,35,hn_p_01,SAFE,legit_prompt,True,8,none,0
role_message,35,hn_p_02,SAFE,legit_prompt,True,12,none,0
role_message,35,hn_p_03,SAFE,legit_prompt,True,4,none,0
role_message,35,hn_p_04,SAFE,legit_prompt,True,8,none,0
role_message,35,hn_p_05,SAFE,legit_prompt,True,12,none,0
role_message,35,hn_p_06,SAFE,legit_prompt,True,8,none,0
role_message,35,hn_p_07,SAFE,legit_prompt,True,8,none,0
role_message,35,hn_p_08,SAFE,legit_prompt,True,12,none,0
role_message,35,hn_d_01,SAFE,security_doc,False,0,none,0
role_message,35,hn_d_02,SAFE,security_doc,False,0,none,0
role_message,35,hn_d_03,SAFE,security_doc,False,0,none,0
role_message,35,hn_d_04,SAFE,security_doc,False,4,none,0
role_message,35,hn_d_05,SAFE,security_doc,False,0,none,0
role_message,35,hn_d_06,SAFE,security_doc,False,0,none,0
role_message,35,hn_d_07,SAFE,security_doc,False,4,none,0
role_message,35,hn_d_08,SAFE,security_doc,False,0,none,0
role_message,35,hn_t_01,SAFE,benign_template,True,6,none,0
role_message,35,hn_t_02,SAFE,benign_template,True,6,none,0
role_message,35,hn_t_03,SAFE,benign_template,True,6,none,0
role_message,35,hn_t_04,SAFE,benign_template,True,14,none,0
role_message,40,s5_imp_01,S5,imperative,False,0,none,0
role_message,40,s5_imp_02,S5,imperative,False,0,none,0
role_message,40,s5_imp_03,S5,imperative,False,4,none,0
role_message,40,s5_imp_04,S5,imperative,False,0,none,0
role_message,40,s5_imp_05,S5,imperative,False,0,none,0
role_message,40,s5_imp_06,S5,imperative,False,0,none,0
role_message,40,s5_imp_07,S5,imperative,False,0,none,0
role_message,40,s5_imp_08,S5,imperative,False,0,none,0
role_message,40,s5_imp_09,S5,imperative,False,4,none,0
role_message,40,s5_imp_10,S5,imperative,False,0,none,0
role_message,40,s5_imp_11,S5,imperative,False,0,none,0
role_message,40,s5_imp_12,S5,imperative,False,0,none,0
role_message,40,s5_imp_13,S5,imperative,False,0,none,0
role_message,40,s5_imp_14,S5,imperative,False,8,none,0
role_message,40,s5_imp_15,S5,imperative,False,0,none,0
role_message,40,s5_dec_01,S5,declarative,False,0,none,0
role_message,40,s5_dec_02,S5,declarative,False,0,none,0
role_message,40,s5_dec_03,S5,declarative,False,0,none,0
role_message,40,s5_dec_04,S5,declarative,False,0,none,0
role_message,40,s5_dec_05,S5,declarative,False,4,none,0
role_message,40,s5_dec_06,S5,declarative,False,0,none,0
role_message,40,s5_dec_07,S5,declarative,False,0,none,0
role_message,40,s5_dec_08,S5,declarative,False,0,none,0
role_message,40,s5_dec_09,S5,declarative,False,0,none,0
role_message,40,s5_dec_10,S5,declarative,False,0,none,0
role_message,40,s5_dec_11,S5,declarative,False,0,none,0
role_message,40,s5_dec_12,S5,declarative,False,0,none,0
role_message,40,s5_dec_13,S5,declarative,False,0,none,0
role_message,40,s5_dec_14,S5,declarative,False,0,none,0
role_message,40,s5_ind_01,S5,indirect,False,0,none,0
role_message,40,s5_ind_02,S5,indirect,False,0,none,0
role_message,40,s5_ind_03,S5,indirect,False,0,none,0
role_message,40,s5_ind_04,S5,indirect,False,0,none,0
role_message,40,s5_ind_05,S5,indirect,False,0,none,0
role_message,40,s5_ind_06,S5,indirect,False,0,none,0
role_message,40,s5_ind_07,S5,indirect,False,0,none,0
role_message,40,s5_ind_08,S5,indirect,False,0,none,0
role_message,40,s5_ind_09,S5,indirect,False,0,none,0
role_message,40,s5_ind_10,S5,indirect,False,0,none,0
role_message,40,s6_rp_01,S6,roleplay,False,4,none,0
role_message,40,s6_rp_02,S6,roleplay,False,4,none,0
role_message,40,s6_rp_03,S6,roleplay,False,4,none,0
role_message,40,s6_rp_04,S6,roleplay,False,0,none,0
role_message,40,s6_rp_05,S6,roleplay,False,8,none,0
role_message,40,s6_rp_06,S6,roleplay,False,0,none,0
role_message,40,s6_rp_07,S6,roleplay,False,0,none,0
role_message,40,s6_rp_08,S6,roleplay,False,0,none,0
role_message,40,s6_enc_01,S6,encoding,False,4,none,0
role_message,40,s6_enc_02,S6,encoding,False,0,none,0
role_message,40,s6_enc_03,S6,encoding,False,4,none,0
role_message,40,s6_enc_04,S6,encoding,False,4,none,0
role_message,40,safe_01,SAFE,benign,False,0,none,0
role_message,40,safe_02,SAFE,benign,False,4,none,0
role_message,40,safe_03,SAFE,benign,False,4,none,0
role_message,40,safe_04,SAFE,benign,False,4,none,0
role_message,40,safe_05,SAFE,benign,False,0,none,0
role_message,40,safe_06,SAFE,benign,False,0,none,0
role_message,40,safe_07,SAFE,benign,False,4,none,0
role_message,40,safe_08,SAFE,benign,False,0,none,0
role_message,40,safe_09,SAFE,benign,False,0,none,0
role_message,40,safe_10,SAFE,benign,False,0,none,0
role_message,40,safe_11,SAFE,benign,False,0,none,0
role_message,40,safe_12,SAFE,benign,False,4,none,0
role_message,40,safe_13,SAFE,benign,False,0,none,0
role_message,40,safe_14,SAFE,benign,False,4,none,0
role_message,40,safe_15,SAFE,benign,False,0,none,0
role_message,40,safe_16,SAFE,benign,False,0,none,0
role_message,40,safe_17,SAFE,benign,False,4,none,0
role_message,40,safe_18,SAFE,benign,False,0,none,0
role_message,40,safe_19,SAFE,benign,False,0,none,0
role_message,40,safe_20,SAFE,benign,False,0,none,0
role_message,40,hn_p_01,SAFE,legit_prompt,True,8,none,0
role_message,40,hn_p_02,SAFE,legit_prompt,True,12,none,0
role_message,40,hn_p_03,SAFE,legit_prompt,True,4,none,0
role_message,40,hn_p_04,SAFE,legit_prompt,True,8,none,0
role_message,40,hn_p_05,SAFE,legit_prompt,True,12,none,0
role_message,40,hn_p_06,SAFE,legit_prompt,True,8,none,0
role_message,40,hn_p_07,SAFE,legit_prompt,True,8,none,0
role_message,40,hn_p_08,SAFE,legit_prompt,True,12,none,0
role_message,40,hn_d_01,SAFE,security_doc,False,0,none,0
role_message,40,hn_d_02,SAFE,security_doc,False,0,none,0
role_message,40,hn_d_03,SAFE,security_doc,False,0,none,0
role_message,40,hn_d_04,SAFE,security_doc,False,4,none,0
role_message,40,hn_d_05,SAFE,security_doc,False,0,none,0
role_message,40,hn_d_06,SAFE,security_doc,False,0,none,0
role_message,40,hn_d_07,SAFE,security_doc,False,4,none,0
role_message,40,hn_d_08,SAFE,security_doc,False,0,none,0
role_message,40,hn_t_01,SAFE,benign_template,True,6,none,0
role_message,40,hn_t_02,SAFE,benign_template,True,6,none,0
role_message,40,hn_t_03,SAFE,benign_template,True,6,none,0
role_message,40,hn_t_04,SAFE,benign_template,True,14,none,0
role_message,45,s5_imp_01,S5,imperative,False,0,none,0
role_message,45,s5_imp_02,S5,imperative,False,0,none,0
role_message,45,s5_imp_03,S5,imperative,False,4,none,0
role_message,45,s5_imp_04,S5,imperative,False,0,none,0
role_message,45,s5_imp_05,S5,imperative,False,0,none,0
role_message,45,s5_imp_06,S5,imperative,False,0,none,0
role_message,45,s5_imp_07,S5,imperative,False,0,none,0
role_message,45,s5_imp_08,S5,imperative,False,0,none,0
role_message,45,s5_imp_09,S5,imperative,False,4,none,0
role_message,45,s5_imp_10,S5,imperative,False,0,none,0
role_message,45,s5_imp_11,S5,imperative,False,0,none,0
role_message,45,s5_imp_12,S5,imperative,False,0,none,0
role_message,45,s5_imp_13,S5,imperative,False,0,none,0
role_message,45,s5_imp_14,S5,imperative,False,8,none,0
role_message,45,s5_imp_15,S5,imperative,False,0,none,0
role_message,45,s5_dec_01,S5,declarative,False,0,none,0
role_message,45,s5_dec_02,S5,declarative,False,0,none,0
role_message,45,s5_dec_03,S5,declarative,False,0,none,0
role_message,45,s5_dec_04,S5,declarative,False,0,none,0
role_message,45,s5_dec_05,S5,declarative,False,4,none,0
role_message,45,s5_dec_06,S5,declarative,False,0,none,0
role_message,45,s5_dec_07,S5,declarative,False,0,none,0
role_message,45,s5_dec_08,S5,declarative,False,0,none,0
role_message,45,s5_dec_09,S5,declarative,False,0,none,0
role_message,45,s5_dec_10,S5,declarative,False,0,none,0
role_message,45,s5_dec_11,S5,declarative,False,0,none,0
role_message,45,s5_dec_12,S5,declarative,False,0,none,0
role_message,45,s5_dec_13,S5,declarative,False,0,none,0
role_message,45,s5_dec_14,S5,declarative,False,0,none,0
role_message,45,s5_ind_01,S5,indirect,False,0,none,0
role_message,45,s5_ind_02,S5,indirect,False,0,none,0
role_message,45,s5_ind_03,S5,indirect,False,0,none,0
role_message,45,s5_ind_04,S5,indirect,False,0,none,0
role_message,45,s5_ind_05,S5,indirect,False,0,none,0
role_message,45,s5_ind_06,S5,indirect,False,0,none,0
role_message,45,s5_ind_07,S5,indirect,False,0,none,0
role_message,45,s5_ind_08,S5,indirect,False,0,none,0
role_message,45,s5_ind_09,S5,indirect,False,0,none,0
role_message,45,s5_ind_10,S5,indirect,False,0,none,0
role_message,45,s6_rp_01,S6,roleplay,False,4,none,0
role_message,45,s6_rp_02,S6,roleplay,False,4,none,0
role_message,45,s6_rp_03,S6,roleplay,False,4,none,0
role_message,45,s6_rp_04,S6,roleplay,False,0,none,0
role_message,45,s6_rp_05,S6,roleplay,False,8,none,0
role_message,45,s6_rp_06,S6,roleplay,False,0,none,0
role_message,45,s6_rp_07,S6,roleplay,False,0,none,0
role_message,45,s6_rp_08,S6,roleplay,False,0,none,0
role_message,45,s6_enc_01,S6,encoding,False,4,none,0
role_message,45,s6_enc_02,S6,encoding,False,0,none,0
role_message,45,s6_enc_03,S6,encoding,False,4,none,0
role_message,45,s6_enc_04,S6,encoding,False,4,none,0
role_message,45,safe_01,SAFE,benign,False,0,none,0
role_message,45,safe_02,SAFE,benign,False,4,none,0
role_message,45,safe_03,SAFE,benign,False,4,none,0
role_message,45,safe_04,SAFE,benign,False,4,none,0
role_message,45,safe_05,SAFE,benign,False,0,none,0
role_message,45,safe_06,SAFE,benign,False,0,none,0
role_message,45,safe_07,SAFE,benign,False,4,none,0
role_message,45,safe_08,SAFE,benign,False,0,none,0
role_message,45,safe_09,SAFE,benign,False,0,none,0
role_message,45,safe_10,SAFE,benign,False,0,none,0
role_message,45,safe_11,SAFE,benign,False,0,none,0
role_message,45,safe_12,SAFE,benign,False,4,none,0
role_message,45,safe_13,SAFE,benign,False,0,none,0
role_message,45,safe_14,SAFE,benign,False,4,none,0
role_message,45,safe_15,SAFE,benign,False,0,none,0
role_message,45,safe_16,SAFE,benign,False,0,none,0
role_message,45,safe_17,SAFE,benign,False,4,none,0
role_message,45,safe_18,SAFE,benign,False,0,none,0
role_message,45,safe_19,SAFE,benign,False,0,none,0
role_message,45,safe_20,SAFE,benign,False,0,none,0
role_message,45,hn_p_01,SAFE,legit_prompt,True,8,none,0
role_message,45,hn_p_02,SAFE,legit_prompt,True,12,none,0
role_message,45,hn_p_03,SAFE,legit_prompt,True,4,none,0
role_message,45,hn_p_04,SAFE,legit_prompt,True,8,none,0
role_message,45,hn_p_05,SAFE,legit_prompt,True,12,none,0
role_message,45,hn_p_06,SAFE,legit_prompt,True,8,none,0
role_message,45,hn_p_07,SAFE,legit_prompt,True,8,none,0
role_message,45,hn_p_08,SAFE,legit_prompt,True,12,none,0
role_message,45,hn_d_01,SAFE,security_doc,False,0,none,0
role_message,45,hn_d_02,SAFE,security_doc,False,0,none,0
role_message,45,hn_d_03,SAFE,security_doc,False,0,none,0
role_message,45,hn_d_04,SAFE,security_doc,False,4,none,0
role_message,45,hn_d_05,SAFE,security_doc,False,0,none,0
role_message,45,hn_d_06,SAFE,security_doc,False,0,none,0
role_message,45,hn_d_07,SAFE,security_doc,False,4,none,0
role_message,45,hn_d_08,SAFE,security_doc,False,0,none,0
role_message,45,hn_t_01,SAFE,benign_template,True,6,none,0
role_message,45,hn_t_02,SAFE,benign_template,True,6,none,0
role_message,45,hn_t_03,SAFE,benign_template,True,6,none,0
role_message,45,hn_t_04,SAFE,benign_template,True,14,none,0
role_message,50,s5_imp_01,S5,imperative,False,0,none,0
role_message,50,s5_imp_02,S5,imperative,False,0,none,0
role_message,50,s5_imp_03,S5,imperative,False,4,none,0
role_message,50,s5_imp_04,S5,imperative,False,0,none,0
role_message,50,s5_imp_05,S5,imperative,False,0,none,0
role_message,50,s5_imp_06,S5,imperative,False,0,none,0
role_message,50,s5_imp_07,S5,imperative,False,0,none,0
role_message,50,s5_imp_08,S5,imperative,False,0,none,0
role_message,50,s5_imp_09,S5,imperative,False,4,none,0
role_message,50,s5_imp_10,S5,imperative,False,0,none,0
role_message,50,s5_imp_11,S5,imperative,False,0,none,0
role_message,50,s5_imp_12,S5,imperative,False,0,none,0
role_message,50,s5_imp_13,S5,imperative,False,0,none,0
role_message,50,s5_imp_14,S5,imperative,False,8,none,0
role_message,50,s5_imp_15,S5,imperative,False,0,none,0
role_message,50,s5_dec_01,S5,declarative,False,0,none,0
role_message,50,s5_dec_02,S5,declarative,False,0,none,0
role_message,50,s5_dec_03,S5,declarative,False,0,none,0
role_message,50,s5_dec_04,S5,declarative,False,0,none,0
role_message,50,s5_dec_05,S5,declarative,False,4,none,0
role_message,50,s5_dec_06,S5,declarative,False,0,none,0
role_message,50,s5_dec_07,S5,declarative,False,0,none,0
role_message,50,s5_dec_08,S5,declarative,False,0,none,0
role_message,50,s5_dec_09,S5,declarative,False,0,none,0
role_message,50,s5_dec_10,S5,declarative,False,0,none,0
role_message,50,s5_dec_11,S5,declarative,False,0,none,0
role_message,50,s5_dec_12,S5,declarative,False,0,none,0
role_message,50,s5_dec_13,S5,declarative,False,0,none,0
role_message,50,s5_dec_14,S5,declarative,False,0,none,0
role_message,50,s5_ind_01,S5,indirect,False,0,none,0
role_message,50,s5_ind_02,S5,indirect,False,0,none,0
role_message,50,s5_ind_03,S5,indirect,False,0,none,0
role_message,50,s5_ind_04,S5,indirect,False,0,none,0
role_message,50,s5_ind_05,S5,indirect,False,0,none,0
role_message,50,s5_ind_06,S5,indirect,False,0,none,0
role_message,50,s5_ind_07,S5,indirect,False,0,none,0
role_message,50,s5_ind_08,S5,indirect,False,0,none,0
role_message,50,s5_ind_09,S5,indirect,False,0,none,0
role_message,50,s5_ind_10,S5,indirect,False,0,none,0
role_message,50,s6_rp_01,S6,roleplay,False,4,none,0
role_message,50,s6_rp_02,S6,roleplay,False,4,none,0
role_message,50,s6_rp_03,S6,roleplay,False,4,none,0
role_message,50,s6_rp_04,S6,roleplay,False,0,none,0
role_message,50,s6_rp_05,S6,roleplay,False,8,none,0
role_message,50,s6_rp_06,S6,roleplay,False,0,none,0
role_message,50,s6_rp_07,S6,roleplay,False,0,none,0
role_message,50,s6_rp_08,S6,roleplay,False,0,none,0
role_message,50,s6_enc_01,S6,encoding,False,4,none,0
role_message,50,s6_enc_02,S6,encoding,False,0,none,0
role_message,50,s6_enc_03,S6,encoding,False,4,none,0
role_message,50,s6_enc_04,S6,encoding,False,4,none,0
role_message,50,safe_01,SAFE,benign,False,0,none,0
role_message,50,safe_02,SAFE,benign,False,4,none,0
role_message,50,safe_03,SAFE,benign,False,4,none,0
role_message,50,safe_04,SAFE,benign,False,4,none,0
role_message,50,safe_05,SAFE,benign,False,0,none,0
role_message,50,safe_06,SAFE,benign,False,0,none,0
role_message,50,safe_07,SAFE,benign,False,4,none,0
role_message,50,safe_08,SAFE,benign,False,0,none,0
role_message,50,safe_09,SAFE,benign,False,0,none,0
role_message,50,safe_10,SAFE,benign,False,0,none,0
role_message,50,safe_11,SAFE,benign,False,0,none,0
role_message,50,safe_12,SAFE,benign,False,4,none,0
role_message,50,safe_13,SAFE,benign,False,0,none,0
role_message,50,safe_14,SAFE,benign,False,4,none,0
role_message,50,safe_15,SAFE,benign,False,0,none,0
role_message,50,safe_16,SAFE,benign,False,0,none,0
role_message,50,safe_17,SAFE,benign,False,4,none,0
role_message,50,safe_18,SAFE,benign,False,0,none,0
role_message,50,safe_19,SAFE,benign,False,0,none,0
role_message,50,safe_20,SAFE,benign,False,0,none,0
role_message,50,hn_p_01,SAFE,legit_prompt,True,8,none,0
role_message,50,hn_p_02,SAFE,legit_prompt,True,12,none,0
role_message,50,hn_p_03,SAFE,legit_prompt,True,4,none,0
role_message,50,hn_p_04,SAFE,legit_prompt,True,8,none,0
role_message,50,hn_p_05,SAFE,legit_prompt,True,12,none,0
role_message,50,hn_p_06,SAFE,legit_prompt,True,8,none,0
role_message,50,hn_p_07,SAFE,legit_prompt,True,8,none,0
role_message,50,hn_p_08,SAFE,legit_prompt,True,12,none,0
role_message,50,hn_d_01,SAFE,security_doc,False,0,none,0
role_message,50,hn_d_02,SAFE,security_doc,False,0,none,0
role_message,50,hn_d_03,SAFE,security_doc,False,0,none,0
role_message,50,hn_d_04,SAFE,security_doc,False,4,none,0
role_message,50,hn_d_05,SAFE,security_doc,False,0,none,0
role_message,50,hn_d_06,SAFE,security_doc,False,0,none,0
role_message,50,hn_d_07,SAFE,security_doc,False,4,none,0
role_message,50,hn_d_08,SAFE,security_doc,False,0,none,0
role_message,50,hn_t_01,SAFE,benign_template,True,6,none,0
role_message,50,hn_t_02,SAFE,benign_template,True,6,none,0
role_message,50,hn_t_03,SAFE,benign_template,True,6,none,0
role_message,50,hn_t_04,SAFE,benign_template,True,14,none,0
role_message,60,s5_imp_01,S5,imperative,False,0,none,0
role_message,60,s5_imp_02,S5,imperative,False,0,none,0
role_message,60,s5_imp_03,S5,imperative,False,4,none,0
role_message,60,s5_imp_04,S5,imperative,False,0,none,0
role_message,60,s5_imp_05,S5,imperative,False,0,none,0
role_message,60,s5_imp_06,S5,imperative,False,0,none,0
role_message,60,s5_imp_07,S5,imperative,False,0,none,0
role_message,60,s5_imp_08,S5,imperative,False,0,none,0
role_message,60,s5_imp_09,S5,imperative,False,4,none,0
role_message,60,s5_imp_10,S5,imperative,False,0,none,0
role_message,60,s5_imp_11,S5,imperative,False,0,none,0
role_message,60,s5_imp_12,S5,imperative,False,0,none,0
role_message,60,s5_imp_13,S5,imperative,False,0,none,0
role_message,60,s5_imp_14,S5,imperative,False,8,none,0
role_message,60,s5_imp_15,S5,imperative,False,0,none,0
role_message,60,s5_dec_01,S5,declarative,False,0,none,0
role_message,60,s5_dec_02,S5,declarative,False,0,none,0
role_message,60,s5_dec_03,S5,declarative,False,0,none,0
role_message,60,s5_dec_04,S5,declarative,False,0,none,0
role_message,60,s5_dec_05,S5,declarative,False,4,none,0
role_message,60,s5_dec_06,S5,declarative,False,0,none,0
role_message,60,s5_dec_07,S5,declarative,False,0,none,0
role_message,60,s5_dec_08,S5,declarative,False,0,none,0
role_message,60,s5_dec_09,S5,declarative,False,0,none,0
role_message,60,s5_dec_10,S5,declarative,False,0,none,0
role_message,60,s5_dec_11,S5,declarative,False,0,none,0
role_message,60,s5_dec_12,S5,declarative,False,0,none,0
role_message,60,s5_dec_13,S5,declarative,False,0,none,0
role_message,60,s5_dec_14,S5,declarative,False,0,none,0
role_message,60,s5_ind_01,S5,indirect,False,0,none,0
role_message,60,s5_ind_02,S5,indirect,False,0,none,0
role_message,60,s5_ind_03,S5,indirect,False,0,none,0
role_message,60,s5_ind_04,S5,indirect,False,0,none,0
role_message,60,s5_ind_05,S5,indirect,False,0,none,0
role_message,60,s5_ind_06,S5,indirect,False,0,none,0
role_message,60,s5_ind_07,S5,indirect,False,0,none,0
role_message,60,s5_ind_08,S5,indirect,False,0,none,0
role_message,60,s5_ind_09,S5,indirect,False,0,none,0
role_message,60,s5_ind_10,S5,indirect,False,0,none,0
role_message,60,s6_rp_01,S6,roleplay,False,4,none,0
role_message,60,s6_rp_02,S6,roleplay,False,4,none,0
role_message,60,s6_rp_03,S6,roleplay,False,4,none,0
role_message,60,s6_rp_04,S6,roleplay,False,0,none,0
role_message,60,s6_rp_05,S6,roleplay,False,8,none,0
role_message,60,s6_rp_06,S6,roleplay,False,0,none,0
role_message,60,s6_rp_07,S6,roleplay,False,0,none,0
role_message,60,s6_rp_08,S6,roleplay,False,0,none,0
role_message,60,s6_enc_01,S6,encoding,False,4,none,0
role_message,60,s6_enc_02,S6,encoding,False,0,none,0
role_message,60,s6_enc_03,S6,encoding,False,4,none,0
role_message,60,s6_enc_04,S6,encoding,False,4,none,0
role_message,60,safe_01,SAFE,benign,False,0,none,0
role_message,60,safe_02,SAFE,benign,False,4,none,0
role_message,60,safe_03,SAFE,benign,False,4,none,0
role_message,60,safe_04,SAFE,benign,False,4,none,0
role_message,60,safe_05,SAFE,benign,False,0,none,0
role_message,60,safe_06,SAFE,benign,False,0,none,0
role_message,60,safe_07,SAFE,benign,False,4,none,0
role_message,60,safe_08,SAFE,benign,False,0,none,0
role_message,60,safe_09,SAFE,benign,False,0,none,0
role_message,60,safe_10,SAFE,benign,False,0,none,0
role_message,60,safe_11,SAFE,benign,False,0,none,0
role_message,60,safe_12,SAFE,benign,False,4,none,0
role_message,60,safe_13,SAFE,benign,False,0,none,0
role_message,60,safe_14,SAFE,benign,False,4,none,0
role_message,60,safe_15,SAFE,benign,False,0,none,0
role_message,60,safe_16,SAFE,benign,False,0,none,0
role_message,60,safe_17,SAFE,benign,False,4,none,0
role_message,60,safe_18,SAFE,benign,False,0,none,0
role_message,60,safe_19,SAFE,benign,False,0,none,0
role_message,60,safe_20,SAFE,benign,False,0,none,0
role_message,60,hn_p_01,SAFE,legit_prompt,True,8,none,0
role_message,60,hn_p_02,SAFE,legit_prompt,True,12,none,0
role_message,60,hn_p_03,SAFE,legit_prompt,True,4,none,0
role_message,60,hn_p_04,SAFE,legit_prompt,True,8,none,0
role_message,60,hn_p_05,SAFE,legit_prompt,True,12,none,0
role_message,60,hn_p_06,SAFE,legit_prompt,True,8,none,0
role_message,60,hn_p_07,SAFE,legit_prompt,True,8,none,0
role_message,60,hn_p_08,SAFE,legit_prompt,True,12,none,0
role_message,60,hn_d_01,SAFE,security_doc,False,0,none,0
role_message,60,hn_d_02,SAFE,security_doc,False,0,none,0
role_message,60,hn_d_03,SAFE,security_doc,False,0,none,0
role_message,60,hn_d_04,SAFE,security_doc,False,4,none,0
role_message,60,hn_d_05,SAFE,security_doc,False,0,none,0
role_message,60,hn_d_06,SAFE,security_doc,False,0,none,0
role_message,60,hn_d_07,SAFE,security_doc,False,4,none,0
role_message,60,hn_d_08,SAFE,security_doc,False,0,none,0
role_message,60,hn_t_01,SAFE,benign_template,True,6,none,0
role_message,60,hn_t_02,SAFE,benign_template,True,6,none,0
role_message,60,hn_t_03,SAFE,benign_template,True,6,none,0
role_message,60,hn_t_04,SAFE,benign_template,True,14,none,0
role_message,70,s5_imp_01,S5,imperative,False,0,none,0
role_message,70,s5_imp_02,S5,imperative,False,0,none,0
role_message,70,s5_imp_03,S5,imperative,False,4,none,0
role_message,70,s5_imp_04,S5,imperative,False,0,none,0
role_message,70,s5_imp_05,S5,imperative,False,0,none,0
role_message,70,s5_imp_06,S5,imperative,False,0,none,0
role_message,70,s5_imp_07,S5,imperative,False,0,none,0
role_message,70,s5_imp_08,S5,imperative,False,0,none,0
role_message,70,s5_imp_09,S5,imperative,False,4,none,0
role_message,70,s5_imp_10,S5,imperative,False,0,none,0
role_message,70,s5_imp_11,S5,imperative,False,0,none,0
role_message,70,s5_imp_12,S5,imperative,False,0,none,0
role_message,70,s5_imp_13,S5,imperative,False,0,none,0
role_message,70,s5_imp_14,S5,imperative,False,8,none,0
role_message,70,s5_imp_15,S5,imperative,False,0,none,0
role_message,70,s5_dec_01,S5,declarative,False,0,none,0
role_message,70,s5_dec_02,S5,declarative,False,0,none,0
role_message,70,s5_dec_03,S5,declarative,False,0,none,0
role_message,70,s5_dec_04,S5,declarative,False,0,none,0
role_message,70,s5_dec_05,S5,declarative,False,4,none,0
role_message,70,s5_dec_06,S5,declarative,False,0,none,0
role_message,70,s5_dec_07,S5,declarative,False,0,none,0
role_message,70,s5_dec_08,S5,declarative,False,0,none,0
role_message,70,s5_dec_09,S5,declarative,False,0,none,0
role_message,70,s5_dec_10,S5,declarative,False,0,none,0
role_message,70,s5_dec_11,S5,declarative,False,0,none,0
role_message,70,s5_dec_12,S5,declarative,False,0,none,0
role_message,70,s5_dec_13,S5,declarative,False,0,none,0
role_message,70,s5_dec_14,S5,declarative,False,0,none,0
role_message,70,s5_ind_01,S5,indirect,False,0,none,0
role_message,70,s5_ind_02,S5,indirect,False,0,none,0
role_message,70,s5_ind_03,S5,indirect,False,0,none,0
role_message,70,s5_ind_04,S5,indirect,False,0,none,0
role_message,70,s5_ind_05,S5,indirect,False,0,none,0
role_message,70,s5_ind_06,S5,indirect,False,0,none,0
role_message,70,s5_ind_07,S5,indirect,False,0,none,0
role_message,70,s5_ind_08,S5,indirect,False,0,none,0
role_message,70,s5_ind_09,S5,indirect,False,0,none,0
role_message,70,s5_ind_10,S5,indirect,False,0,none,0
role_message,70,s6_rp_01,S6,roleplay,False,4,none,0
role_message,70,s6_rp_02,S6,roleplay,False,4,none,0
role_message,70,s6_rp_03,S6,roleplay,False,4,none,0
role_message,70,s6_rp_04,S6,roleplay,False,0,none,0
role_message,70,s6_rp_05,S6,roleplay,False,8,none,0
role_message,70,s6_rp_06,S6,roleplay,False,0,none,0
role_message,70,s6_rp_07,S6,roleplay,False,0,none,0
role_message,70,s6_rp_08,S6,roleplay,False,0,none,0
role_message,70,s6_enc_01,S6,encoding,False,4,none,0
role_message,70,s6_enc_02,S6,encoding,False,0,none,0
role_message,70,s6_enc_03,S6,encoding,False,4,none,0
role_message,70,s6_enc_04,S6,encoding,False,4,none,0
role_message,70,safe_01,SAFE,benign,False,0,none,0
role_message,70,safe_02,SAFE,benign,False,4,none,0
role_message,70,safe_03,SAFE,benign,False,4,none,0
role_message,70,safe_04,SAFE,benign,False,4,none,0
role_message,70,safe_05,SAFE,benign,False,0,none,0
role_message,70,safe_06,SAFE,benign,False,0,none,0
role_message,70,safe_07,SAFE,benign,False,4,none,0
role_message,70,safe_08,SAFE,benign,False,0,none,0
role_message,70,safe_09,SAFE,benign,False,0,none,0
role_message,70,safe_10,SAFE,benign,False,0,none,0
role_message,70,safe_11,SAFE,benign,False,0,none,0
role_message,70,safe_12,SAFE,benign,False,4,none,0
role_message,70,safe_13,SAFE,benign,False,0,none,0
role_message,70,safe_14,SAFE,benign,False,4,none,0
role_message,70,safe_15,SAFE,benign,False,0,none,0
role_message,70,safe_16,SAFE,benign,False,0,none,0
role_message,70,safe_17,SAFE,benign,False,4,none,0
role_message,70,safe_18,SAFE,benign,False,0,none,0
role_message,70,safe_19,SAFE,benign,False,0,none,0
role_message,70,safe_20,SAFE,benign,False,0,none,0
role_message,70,hn_p_01,SAFE,legit_prompt,True,8,none,0
role_message,70,hn_p_02,SAFE,legit_prompt,True,12,none,0
role_message,70,hn_p_03,SAFE,legit_prompt,True,4,none,0
role_message,70,hn_p_04,SAFE,legit_prompt,True,8,none,0
role_message,70,hn_p_05,SAFE,legit_prompt,True,12,none,0
role_message,70,hn_p_06,SAFE,legit_prompt,True,8,none,0
role_message,70,hn_p_07,SAFE,legit_prompt,True,8,none,0
role_message,70,hn_p_08,SAFE,legit_prompt,True,12,none,0
role_message,70,hn_d_01,SAFE,security_doc,False,0,none,0
role_message,70,hn_d_02,SAFE,security_doc,False,0,none,0
role_message,70,hn_d_03,SAFE,security_doc,False,0,none,0
role_message,70,hn_d_04,SAFE,security_doc,False,4,none,0
role_message,70,hn_d_05,SAFE,security_doc,False,0,none,0
role_message,70,hn_d_06,SAFE,security_doc,False,0,none,0
role_message,70,hn_d_07,SAFE,security_doc,False,4,none,0
role_message,70,hn_d_08,SAFE,security_doc,False,0,none,0
role_message,70,hn_t_01,SAFE,benign_template,True,6,none,0
role_message,70,hn_t_02,SAFE,benign_template,True,6,none,0
role_message,70,hn_t_03,SAFE,benign_template,True,6,none,0
role_message,70,hn_t_04,SAFE,benign_template,True,14,none,0
role_message,80,s5_imp_01,S5,imperative,False,0,none,0
role_message,80,s5_imp_02,S5,imperative,False,0,none,0
role_message,80,s5_imp_03,S5,imperative,False,4,none,0
role_message,80,s5_imp_04,S5,imperative,False,0,none,0
role_message,80,s5_imp_05,S5,imperative,False,0,none,0
role_message,80,s5_imp_06,S5,imperative,False,0,none,0
role_message,80,s5_imp_07,S5,imperative,False,0,none,0
role_message,80,s5_imp_08,S5,imperative,False,0,none,0
role_message,80,s5_imp_09,S5,imperative,False,4,none,0
role_message,80,s5_imp_10,S5,imperative,False,0,none,0
role_message,80,s5_imp_11,S5,imperative,False,0,none,0
role_message,80,s5_imp_12,S5,imperative,False,0,none,0
role_message,80,s5_imp_13,S5,imperative,False,0,none,0
role_message,80,s5_imp_14,S5,imperative,False,8,none,0
role_message,80,s5_imp_15,S5,imperative,False,0,none,0
role_message,80,s5_dec_01,S5,declarative,False,0,none,0
role_message,80,s5_dec_02,S5,declarative,False,0,none,0
role_message,80,s5_dec_03,S5,declarative,False,0,none,0
role_message,80,s5_dec_04,S5,declarative,False,0,none,0
role_message,80,s5_dec_05,S5,declarative,False,4,none,0
role_message,80,s5_dec_06,S5,declarative,False,0,none,0
role_message,80,s5_dec_07,S5,declarative,False,0,none,0
role_message,80,s5_dec_08,S5,declarative,False,0,none,0
role_message,80,s5_dec_09,S5,declarative,False,0,none,0
role_message,80,s5_dec_10,S5,declarative,False,0,none,0
role_message,80,s5_dec_11,S5,declarative,False,0,none,0
role_message,80,s5_dec_12,S5,declarative,False,0,none,0
role_message,80,s5_dec_13,S5,declarative,False,0,none,0
role_message,80,s5_dec_14,S5,declarative,False,0,none,0
role_message,80,s5_ind_01,S5,indirect,False,0,none,0
role_message,80,s5_ind_02,S5,indirect,False,0,none,0
role_message,80,s5_ind_03,S5,indirect,False,0,none,0
role_message,80,s5_ind_04,S5,indirect,False,0,none,0
role_message,80,s5_ind_05,S5,indirect,False,0,none,0
role_message,80,s5_ind_06,S5,indirect,False,0,none,0
role_message,80,s5_ind_07,S5,indirect,False,0,none,0
role_message,80,s5_ind_08,S5,indirect,False,0,none,0
role_message,80,s5_ind_09,S5,indirect,False,0,none,0
role_message,80,s5_ind_10,S5,indirect,False,0,none,0
role_message,80,s6_rp_01,S6,roleplay,False,4,none,0
role_message,80,s6_rp_02,S6,roleplay,False,4,none,0
role_message,80,s6_rp_03,S6,roleplay,False,4,none,0
role_message,80,s6_rp_04,S6,roleplay,False,0,none,0
role_message,80,s6_rp_05,S6,roleplay,False,8,none,0
role_message,80,s6_rp_06,S6,roleplay,False,0,none,0
role_message,80,s6_rp_07,S6,roleplay,False,0,none,0
role_message,80,s6_rp_08,S6,roleplay,False,0,none,0
role_message,80,s6_enc_01,S6,encoding,False,4,none,0
role_message,80,s6_enc_02,S6,encoding,False,0,none,0
role_message,80,s6_enc_03,S6,encoding,False,4,none,0
role_message,80,s6_enc_04,S6,encoding,False,4,none,0
role_message,80,safe_01,SAFE,benign,False,0,none,0
role_message,80,safe_02,SAFE,benign,False,4,none,0
role_message,80,safe_03,SAFE,benign,False,4,none,0
role_message,80,safe_04,SAFE,benign,False,4,none,0
role_message,80,safe_05,SAFE,benign,False,0,none,0
role_message,80,safe_06,SAFE,benign,False,0,none,0
role_message,80,safe_07,SAFE,benign,False,4,none,0
role_message,80,safe_08,SAFE,benign,False,0,none,0
role_message,80,safe_09,SAFE,benign,False,0,none,0
role_message,80,safe_10,SAFE,benign,False,0,none,0
role_message,80,safe_11,SAFE,benign,False,0,none,0
role_message,80,safe_12,SAFE,benign,False,4,none,0
role_message,80,safe_13,SAFE,benign,False,0,none,0
role_message,80,safe_14,SAFE,benign,False,4,none,0
role_message,80,safe_15,SAFE,benign,False,0,none,0
role_message,80,safe_16,SAFE,benign,False,0,none,0
role_message,80,safe_17,SAFE,benign,False,4,none,0
role_message,80,safe_18,SAFE,benign,False,0,none,0
role_message,80,safe_19,SAFE,benign,False,0,none,0
role_message,80,safe_20,SAFE,benign,False,0,none,0
role_message,80,hn_p_01,SAFE,legit_prompt,True,8,none,0
role_message,80,hn_p_02,SAFE,legit_prompt,True,12,none,0
role_message,80,hn_p_03,SAFE,legit_prompt,True,4,none,0
role_message,80,hn_p_04,SAFE,legit_prompt,True,8,none,0
role_message,80,hn_p_05,SAFE,legit_prompt,True,12,none,0
role_message,80,hn_p_06,SAFE,legit_prompt,True,8,none,0
role_message,80,hn_p_07,SAFE,legit_prompt,True,8,none,0
role_message,80,hn_p_08,SAFE,legit_prompt,True,12,none,0
role_message,80,hn_d_01,SAFE,security_doc,False,0,none,0
role_message,80,hn_d_02,SAFE,security_doc,False,0,none,0
role_message,80,hn_d_03,SAFE,security_doc,False,0,none,0
role_message,80,hn_d_04,SAFE,security_doc,False,4,none,0
role_message,80,hn_d_05,SAFE,security_doc,False,0,none,0
role_message,80,hn_d_06,SAFE,security_doc,False,0,none,0
role_message,80,hn_d_07,SAFE,security_doc,False,4,none,0
role_message,80,hn_d_08,SAFE,security_doc,False,0,none,0
role_message,80,hn_t_01,SAFE,benign_template,True,6,none,0
role_message,80,hn_t_02,SAFE,benign_template,True,6,none,0
role_message,80,hn_t_03,SAFE,benign_template,True,6,none,0
role_message,80,hn_t_04,SAFE,benign_template,True,14,none,0
role_message,90,s5_imp_01,S5,imperative,False,0,none,0
role_message,90,s5_imp_02,S5,imperative,False,0,none,0
role_message,90,s5_imp_03,S5,imperative,False,4,none,0
role_message,90,s5_imp_04,S5,imperative,False,0,none,0
role_message,90,s5_imp_05,S5,imperative,False,0,none,0
role_message,90,s5_imp_06,S5,imperative,False,0,none,0
role_message,90,s5_imp_07,S5,imperative,False,0,none,0
role_message,90,s5_imp_08,S5,imperative,False,0,none,0
role_message,90,s5_imp_09,S5,imperative,False,4,none,0
role_message,90,s5_imp_10,S5,imperative,False,0,none,0
role_message,90,s5_imp_11,S5,imperative,False,0,none,0
role_message,90,s5_imp_12,S5,imperative,False,0,none,0
role_message,90,s5_imp_13,S5,imperative,False,0,none,0
role_message,90,s5_imp_14,S5,imperative,False,8,none,0
role_message,90,s5_imp_15,S5,imperative,False,0,none,0
role_message,90,s5_dec_01,S5,declarative,False,0,none,0
role_message,90,s5_dec_02,S5,declarative,False,0,none,0
role_message,90,s5_dec_03,S5,declarative,False,0,none,0
role_message,90,s5_dec_04,S5,declarative,False,0,none,0
role_message,90,s5_dec_05,S5,declarative,False,4,none,0
role_message,90,s5_dec_06,S5,declarative,False,0,none,0
role_message,90,s5_dec_07,S5,declarative,False,0,none,0
role_message,90,s5_dec_08,S5,declarative,False,0,none,0
role_message,90,s5_dec_09,S5,declarative,False,0,none,0
role_message,90,s5_dec_10,S5,declarative,False,0,none,0
role_message,90,s5_dec_11,S5,declarative,False,0,none,0
role_message,90,s5_dec_12,S5,declarative,False,0,none,0
role_message,90,s5_dec_13,S5,declarative,False,0,none,0
role_message,90,s5_dec_14,S5,declarative,False,0,none,0
role_message,90,s5_ind_01,S5,indirect,False,0,none,0
role_message,90,s5_ind_02,S5,indirect,False,0,none,0
role_message,90,s5_ind_03,S5,indirect,False,0,none,0
role_message,90,s5_ind_04,S5,indirect,False,0,none,0
role_message,90,s5_ind_05,S5,indirect,False,0,none,0
role_message,90,s5_ind_06,S5,indirect,False,0,none,0
role_message,90,s5_ind_07,S5,indirect,False,0,none,0
role_message,90,s5_ind_08,S5,indirect,False,0,none,0
role_message,90,s5_ind_09,S5,indirect,False,0,none,0
role_message,90,s5_ind_10,S5,indirect,False,0,none,0
role_message,90,s6_rp_01,S6,roleplay,False,4,none,0
role_message,90,s6_rp_02,S6,roleplay,False,4,none,0
role_message,90,s6_rp_03,S6,roleplay,False,4,none,0
role_message,90,s6_rp_04,S6,roleplay,False,0,none,0
role_message,90,s6_rp_05,S6,roleplay,False,8,none,0
role_message,90,s6_rp_06,S6,roleplay,False,0,none,0
role_message,90,s6_rp_07,S6,roleplay,False,0,none,0
role_message,90,s6_rp_08,S6,roleplay,False,0,none,0
role_message,90,s6_enc_01,S6,encoding,False,4,none,0
role_message,90,s6_enc_02,S6,encoding,False,0,none,0
role_message,90,s6_enc_03,S6,encoding,False,4,none,0
role_message,90,s6_enc_04,S6,encoding,False,4,none,0
role_message,90,safe_01,SAFE,benign,False,0,none,0
role_message,90,safe_02,SAFE,benign,False,4,none,0
role_message,90,safe_03,SAFE,benign,False,4,none,0
role_message,90,safe_04,SAFE,benign,False,4,none,0
role_message,90,safe_05,SAFE,benign,False,0,none,0
role_message,90,safe_06,SAFE,benign,False,0,none,0
role_message,90,safe_07,SAFE,benign,False,4,none,0
role_message,90,safe_08,SAFE,benign,False,0,none,0
role_message,90,safe_09,SAFE,benign,False,0,none,0
role_message,90,safe_10,SAFE,benign,False,0,none,0
role_message,90,safe_11,SAFE,benign,False,0,none,0
role_message,90,safe_12,SAFE,benign,False,4,none,0
role_message,90,safe_13,SAFE,benign,False,0,none,0
role_message,90,safe_14,SAFE,benign,False,4,none,0
role_message,90,safe_15,SAFE,benign,False,0,none,0
role_message,90,safe_16,SAFE,benign,False,0,none,0
role_message,90,safe_17,SAFE,benign,False,4,none,0
role_message,90,safe_18,SAFE,benign,False,0,none,0
role_message,90,safe_19,SAFE,benign,False,0,none,0
role_message,90,safe_20,SAFE,benign,False,0,none,0
role_message,90,hn_p_01,SAFE,legit_prompt,True,8,none,0
role_message,90,hn_p_02,SAFE,legit_prompt,True,12,none,0
role_message,90,hn_p_03,SAFE,legit_prompt,True,4,none,0
role_message,90,hn_p_04,SAFE,legit_prompt,True,8,none,0
role_message,90,hn_p_05,SAFE,legit_prompt,True,12,none,0
role_message,90,hn_p_06,SAFE,legit_prompt,True,8,none,0
role_message,90,hn_p_07,SAFE,legit_prompt,True,8,none,0
role_message,90,hn_p_08,SAFE,legit_prompt,True,12,none,0
role_message,90,hn_d_01,SAFE,security_doc,False,0,none,0
role_message,90,hn_d_02,SAFE,security_doc,False,0,none,0
role_message,90,hn_d_03,SAFE,security_doc,False,0,none,0
role_message,90,hn_d_04,SAFE,security_doc,False,4,none,0
role_message,90,hn_d_05,SAFE,security_doc,False,0,none,0
role_message,90,hn_d_06,SAFE,security_doc,False,0,none,0
role_message,90,hn_d_07,SAFE,security_doc,False,4,none,0
role_message,90,hn_d_08,SAFE,security_doc,False,0,none,0
role_message,90,hn_t_01,SAFE,benign_template,True,6,none,0
role_message,90,hn_t_02,SAFE,benign_template,True,6,none,0
role_message,90,hn_t_03,SAFE,benign_template,True,6,none,0
role_message,90,hn_t_04,SAFE,benign_template,True,14,none,0
role_message,100,s5_imp_01,S5,imperative,False,0,none,0
role_message,100,s5_imp_02,S5,imperative,False,0,none,0
role_message,100,s5_imp_03,S5,imperative,False,4,none,0
role_message,100,s5_imp_04,S5,imperative,False,0,none,0
role_message,100,s5_imp_05,S5,imperative,False,0,none,0
role_message,100,s5_imp_06,S5,imperative,False,0,none,0
role_message,100,s5_imp_07,S5,imperative,False,0,none,0
role_message,100,s5_imp_08,S5,imperative,False,0,none,0
role_message,100,s5_imp_09,S5,imperative,False,4,none,0
role_message,100,s5_imp_10,S5,imperative,False,0,none,0
role_message,100,s5_imp_11,S5,imperative,False,0,none,0
role_message,100,s5_imp_12,S5,imperative,False,0,none,0
role_message,100,s5_imp_13,S5,imperative,False,0,none,0
role_message,100,s5_imp_14,S5,imperative,False,8,none,0
role_message,100,s5_imp_15,S5,imperative,False,0,none,0
role_message,100,s5_dec_01,S5,declarative,False,0,none,0
role_message,100,s5_dec_02,S5,declarative,False,0,none,0
role_message,100,s5_dec_03,S5,declarative,False,0,none,0
role_message,100,s5_dec_04,S5,declarative,False,0,none,0
role_message,100,s5_dec_05,S5,declarative,False,4,none,0
role_message,100,s5_dec_06,S5,declarative,False,0,none,0
role_message,100,s5_dec_07,S5,declarative,False,0,none,0
role_message,100,s5_dec_08,S5,declarative,False,0,none,0
role_message,100,s5_dec_09,S5,declarative,False,0,none,0
role_message,100,s5_dec_10,S5,declarative,False,0,none,0
role_message,100,s5_dec_11,S5,declarative,False,0,none,0
role_message,100,s5_dec_12,S5,declarative,False,0,none,0
role_message,100,s5_dec_13,S5,declarative,False,0,none,0
role_message,100,s5_dec_14,S5,declarative,False,0,none,0
role_message,100,s5_ind_01,S5,indirect,False,0,none,0
role_message,100,s5_ind_02,S5,indirect,False,0,none,0
role_message,100,s5_ind_03,S5,indirect,False,0,none,0
role_message,100,s5_ind_04,S5,indirect,False,0,none,0
role_message,100,s5_ind_05,S5,indirect,False,0,none,0
role_message,100,s5_ind_06,S5,indirect,False,0,none,0
role_message,100,s5_ind_07,S5,indirect,False,0,none,0
role_message,100,s5_ind_08,S5,indirect,False,0,none,0
role_message,100,s5_ind_09,S5,indirect,False,0,none,0
role_message,100,s5_ind_10,S5,indirect,False,0,none,0
role_message,100,s6_rp_01,S6,roleplay,False,4,none,0
role_message,100,s6_rp_02,S6,roleplay,False,4,none,0
role_message,100,s6_rp_03,S6,roleplay,False,4,none,0
role_message,100,s6_rp_04,S6,roleplay,False,0,none,0
role_message,100,s6_rp_05,S6,roleplay,False,8,none,0
role_message,100,s6_rp_06,S6,roleplay,False,0,none,0
role_message,100,s6_rp_07,S6,roleplay,False,0,none,0
role_message,100,s6_rp_08,S6,roleplay,False,0,none,0
role_message,100,s6_enc_01,S6,encoding,False,4,none,0
role_message,100,s6_enc_02,S6,encoding,False,0,none,0
role_message,100,s6_enc_03,S6,encoding,False,4,none,0
role_message,100,s6_enc_04,S6,encoding,False,4,none,0
role_message,100,safe_01,SAFE,benign,False,0,none,0
role_message,100,safe_02,SAFE,benign,False,4,none,0
role_message,100,safe_03,SAFE,benign,False,4,none,0
role_message,100,safe_04,SAFE,benign,False,4,none,0
role_message,100,safe_05,SAFE,benign,False,0,none,0
role_message,100,safe_06,SAFE,benign,False,0,none,0
role_message,100,safe_07,SAFE,benign,False,4,none,0
role_message,100,safe_08,SAFE,benign,False,0,none,0
role_message,100,safe_09,SAFE,benign,False,0,none,0
role_message,100,safe_10,SAFE,benign,False,0,none,0
role_message,100,safe_11,SAFE,benign,False,0,none,0
role_message,100,safe_12,SAFE,benign,False,4,none,0
role_message,100,safe_13,SAFE,benign,False,0,none,0
role_message,100,safe_14,SAFE,benign,False,4,none,0
role_message,100,safe_15,SAFE,benign,False,0,none,0
role_message,100,safe_16,SAFE,benign,False,0,none,0
role_message,100,safe_17,SAFE,benign,False,4,none,0
role_message,100,safe_18,SAFE,benign,False,0,none,0
role_message,100,safe_19,SAFE,benign,False,0,none,0
role_message,100,safe_20,SAFE,benign,False,0,none,0
role_message,100,hn_p_01,SAFE,legit_prompt,True,8,none,0
role_message,100,hn_p_02,SAFE,legit_prompt,True,12,none,0
role_message,100,hn_p_03,SAFE,legit_prompt,True,4,none,0
role_message,100,hn_p_04,SAFE,legit_prompt,True,8,none,0
role_message,100,hn_p_05,SAFE,legit_prompt,True,12,none,0
role_message,100,hn_p_06,SAFE,legit_prompt,True,8,none,0
role_message,100,hn_p_07,SAFE,legit_prompt,True,8,none,0
role_message,100,hn_p_08,SAFE,legit_prompt,True,12,none,0
role_message,100,hn_d_01,SAFE,security_doc,False,0,none,0
role_message,100,hn_d_02,SAFE,security_doc,False,0,none,0
role_message,100,hn_d_03,SAFE,security_doc,False,0,none,0
role_message,100,hn_d_04,SAFE,security_doc,False,4,none,0
role_message,100,hn_d_05,SAFE,security_doc,False,0,none,0
role_message,100,hn_d_06,SAFE,security_doc,False,0,none,0
role_message,100,hn_d_07,SAFE,security_doc,False,4,none,0
role_message,100,hn_d_08,SAFE,security_doc,False,0,none,0
role_message,100,hn_t_01,SAFE,benign_template,True,6,none,0
role_message,100,hn_t_02,SAFE,benign_template,True,6,none,0
role_message,100,hn_t_03,SAFE,benign_template,True,6,none,0
role_message,100,hn_t_04,SAFE,benign_template,True,14,none,0
framework_construct,0,s5_imp_01,S5,imperative,False,0,none,0
framework_construct,0,s5_imp_02,S5,imperative,False,0,none,0
framework_construct,0,s5_imp_03,S5,imperative,False,4,none,0
framework_construct,0,s5_imp_04,S5,imperative,False,0,none,0
framework_construct,0,s5_imp_05,S5,imperative,False,0,none,0
framework_construct,0,s5_imp_06,S5,imperative,False,0,none,0
framework_construct,0,s5_imp_07,S5,imperative,False,0,none,0
framework_construct,0,s5_imp_08,S5,imperative,False,0,none,0
framework_construct,0,s5_imp_09,S5,imperative,False,4,none,0
framework_construct,0,s5_imp_10,S5,imperative,False,0,none,0
framework_construct,0,s5_imp_11,S5,imperative,False,0,none,0
framework_construct,0,s5_imp_12,S5,imperative,False,0,none,0
framework_construct,0,s5_imp_13,S5,imperative,False,0,none,0
framework_construct,0,s5_imp_14,S5,imperative,False,8,none,0
framework_construct,0,s5_imp_15,S5,imperative,False,0,none,0
framework_construct,0,s5_dec_01,S5,declarative,False,0,none,0
framework_construct,0,s5_dec_02,S5,declarative,False,0,none,0
framework_construct,0,s5_dec_03,S5,declarative,False,0,none,0
framework_construct,0,s5_dec_04,S5,declarative,False,0,none,0
framework_construct,0,s5_dec_05,S5,declarative,False,4,none,0
framework_construct,0,s5_dec_06,S5,declarative,False,0,none,0
framework_construct,0,s5_dec_07,S5,declarative,False,0,none,0
framework_construct,0,s5_dec_08,S5,declarative,False,0,none,0
framework_construct,0,s5_dec_09,S5,declarative,False,0,none,0
framework_construct,0,s5_dec_10,S5,declarative,False,0,none,0
framework_construct,0,s5_dec_11,S5,declarative,False,0,none,0
framework_construct,0,s5_dec_12,S5,declarative,False,0,none,0
framework_construct,0,s5_dec_13,S5,declarative,False,0,none,0
framework_construct,0,s5_dec_14,S5,declarative,False,0,none,0
framework_construct,0,s5_ind_01,S5,indirect,False,0,none,0
framework_construct,0,s5_ind_02,S5,indirect,False,0,none,0
framework_construct,0,s5_ind_03,S5,indirect,False,0,none,0
framework_construct,0,s5_ind_04,S5,indirect,False,0,none,0
framework_construct,0,s5_ind_05,S5,indirect,False,0,none,0
framework_construct,0,s5_ind_06,S5,indirect,False,0,none,0
framework_construct,0,s5_ind_07,S5,indirect,False,0,none,0
framework_construct,0,s5_ind_08,S5,indirect,False,0,none,0
framework_construct,0,s5_ind_09,S5,indirect,False,0,none,0
framework_construct,0,s5_ind_10,S5,indirect,False,0,none,0
framework_construct,0,s6_rp_01,S6,roleplay,False,4,none,0
framework_construct,0,s6_rp_02,S6,roleplay,False,4,none,0
framework_construct,0,s6_rp_03,S6,roleplay,False,4,none,0
framework_construct,0,s6_rp_04,S6,roleplay,False,0,none,0
framework_construct,0,s6_rp_05,S6,roleplay,False,8,none,0
framework_construct,0,s6_rp_06,S6,roleplay,False,0,none,0
framework_construct,0,s6_rp_07,S6,roleplay,False,0,none,0
framework_construct,0,s6_rp_08,S6,roleplay,False,0,none,0
framework_construct,0,s6_enc_01,S6,encoding,False,4,none,0
framework_construct,0,s6_enc_02,S6,encoding,False,0,none,0
framework_construct,0,s6_enc_03,S6,encoding,False,4,none,0
framework_construct,0,s6_enc_04,S6,encoding,False,4,none,0
framework_construct,0,safe_01,SAFE,benign,False,0,none,0
framework_construct,0,safe_02,SAFE,benign,False,4,none,0
framework_construct,0,safe_03,SAFE,benign,False,4,none,0
framework_construct,0,safe_04,SAFE,benign,False,4,none,0
framework_construct,0,safe_05,SAFE,benign,False,0,none,0
framework_construct,0,safe_06,SAFE,benign,False,0,none,0
framework_construct,0,safe_07,SAFE,benign,False,4,none,0
framework_construct,0,safe_08,SAFE,benign,False,0,none,0
framework_construct,0,safe_09,SAFE,benign,False,0,none,0
framework_construct,0,safe_10,SAFE,benign,False,0,none,0
framework_construct,0,safe_11,SAFE,benign,False,0,none,0
framework_construct,0,safe_12,SAFE,benign,False,4,none,0
framework_construct,0,safe_13,SAFE,benign,False,0,none,0
framework_construct,0,safe_14,SAFE,benign,False,4,none,0
framework_construct,0,safe_15,SAFE,benign,False,0,none,0
framework_construct,0,safe_16,SAFE,benign,False,0,none,0
framework_construct,0,safe_17,SAFE,benign,False,4,none,0
framework_construct,0,safe_18,SAFE,benign,False,0,none,0
framework_construct,0,safe_19,SAFE,benign,False,0,none,0
framework_construct,0,safe_20,SAFE,benign,False,0,none,0
framework_construct,0,hn_p_01,SAFE,legit_prompt,True,8,none,0
framework_construct,0,hn_p_02,SAFE,legit_prompt,True,12,none,0
framework_construct,0,hn_p_03,SAFE,legit_prompt,True,4,none,0
framework_construct,0,hn_p_04,SAFE,legit_prompt,True,8,none,0
framework_construct,0,hn_p_05,SAFE,legit_prompt,True,12,none,0
framework_construct,0,hn_p_06,SAFE,legit_prompt,True,8,none,0
framework_construct,0,hn_p_07,SAFE,legit_prompt,True,8,none,0
framework_construct,0,hn_p_08,SAFE,legit_prompt,True,12,none,0
framework_construct,0,hn_d_01,SAFE,security_doc,False,0,none,0
framework_construct,0,hn_d_02,SAFE,security_doc,False,0,none,0
framework_construct,0,hn_d_03,SAFE,security_doc,False,0,none,0
framework_construct,0,hn_d_04,SAFE,security_doc,False,4,none,0
framework_construct,0,hn_d_05,SAFE,security_doc,False,0,none,0
framework_construct,0,hn_d_06,SAFE,security_doc,False,0,none,0
framework_construct,0,hn_d_07,SAFE,security_doc,False,4,none,0
framework_construct,0,hn_d_08,SAFE,security_doc,False,0,none,0
framework_construct,0,hn_t_01,SAFE,benign_template,True,6,none,0
framework_construct,0,hn_t_02,SAFE,benign_template,True,6,none,0
framework_construct,0,hn_t_03,SAFE,benign_template,True,6,none,0
framework_construct,0,hn_t_04,SAFE,benign_template,True,14,none,0
framework_construct,5,s5_imp_01,S5,imperative,False,0,none,0
framework_construct,5,s5_imp_02,S5,imperative,False,0,none,0
framework_construct,5,s5_imp_03,S5,imperative,False,4,none,0
framework_construct,5,s5_imp_04,S5,imperative,False,0,none,0
framework_construct,5,s5_imp_05,S5,imperative,False,0,none,0
framework_construct,5,s5_imp_06,S5,imperative,False,0,none,0
framework_construct,5,s5_imp_07,S5,imperative,False,0,none,0
framework_construct,5,s5_imp_08,S5,imperative,False,0,none,0
framework_construct,5,s5_imp_09,S5,imperative,False,4,none,0
framework_construct,5,s5_imp_10,S5,imperative,False,0,none,0
framework_construct,5,s5_imp_11,S5,imperative,False,0,none,0
framework_construct,5,s5_imp_12,S5,imperative,False,0,none,0
framework_construct,5,s5_imp_13,S5,imperative,False,0,none,0
framework_construct,5,s5_imp_14,S5,imperative,False,8,none,0
framework_construct,5,s5_imp_15,S5,imperative,False,0,none,0
framework_construct,5,s5_dec_01,S5,declarative,False,0,none,0
framework_construct,5,s5_dec_02,S5,declarative,False,0,none,0
framework_construct,5,s5_dec_03,S5,declarative,False,0,none,0
framework_construct,5,s5_dec_04,S5,declarative,False,0,none,0
framework_construct,5,s5_dec_05,S5,declarative,False,4,none,0
framework_construct,5,s5_dec_06,S5,declarative,False,0,none,0
framework_construct,5,s5_dec_07,S5,declarative,False,0,none,0
framework_construct,5,s5_dec_08,S5,declarative,False,0,none,0
framework_construct,5,s5_dec_09,S5,declarative,False,0,none,0
framework_construct,5,s5_dec_10,S5,declarative,False,0,none,0
framework_construct,5,s5_dec_11,S5,declarative,False,0,none,0
framework_construct,5,s5_dec_12,S5,declarative,False,0,none,0
framework_construct,5,s5_dec_13,S5,declarative,False,0,none,0
framework_construct,5,s5_dec_14,S5,declarative,False,0,none,0
framework_construct,5,s5_ind_01,S5,indirect,False,0,none,0
framework_construct,5,s5_ind_02,S5,indirect,False,0,none,0
framework_construct,5,s5_ind_03,S5,indirect,False,0,none,0
framework_construct,5,s5_ind_04,S5,indirect,False,0,none,0
framework_construct,5,s5_ind_05,S5,indirect,False,0,none,0
framework_construct,5,s5_ind_06,S5,indirect,False,0,none,0
framework_construct,5,s5_ind_07,S5,indirect,False,0,none,0
framework_construct,5,s5_ind_08,S5,indirect,False,0,none,0
framework_construct,5,s5_ind_09,S5,indirect,False,0,none,0
framework_construct,5,s5_ind_10,S5,indirect,False,0,none,0
framework_construct,5,s6_rp_01,S6,roleplay,False,4,none,0
framework_construct,5,s6_rp_02,S6,roleplay,False,4,none,0
framework_construct,5,s6_rp_03,S6,roleplay,False,4,none,0
framework_construct,5,s6_rp_04,S6,roleplay,False,0,none,0
framework_construct,5,s6_rp_05,S6,roleplay,False,8,none,0
framework_construct,5,s6_rp_06,S6,roleplay,False,0,none,0
framework_construct,5,s6_rp_07,S6,roleplay,False,0,none,0
framework_construct,5,s6_rp_08,S6,roleplay,False,0,none,0
framework_construct,5,s6_enc_01,S6,encoding,False,4,none,0
framework_construct,5,s6_enc_02,S6,encoding,False,0,none,0
framework_construct,5,s6_enc_03,S6,encoding,False,4,none,0
framework_construct,5,s6_enc_04,S6,encoding,False,4,none,0
framework_construct,5,safe_01,SAFE,benign,False,0,none,0
framework_construct,5,safe_02,SAFE,benign,False,4,none,0
framework_construct,5,safe_03,SAFE,benign,False,4,none,0
framework_construct,5,safe_04,SAFE,benign,False,4,none,0
framework_construct,5,safe_05,SAFE,benign,False,0,none,0
framework_construct,5,safe_06,SAFE,benign,False,0,none,0
framework_construct,5,safe_07,SAFE,benign,False,4,none,0
framework_construct,5,safe_08,SAFE,benign,False,0,none,0
framework_construct,5,safe_09,SAFE,benign,False,0,none,0
framework_construct,5,safe_10,SAFE,benign,False,0,none,0
framework_construct,5,safe_11,SAFE,benign,False,0,none,0
framework_construct,5,safe_12,SAFE,benign,False,4,none,0
framework_construct,5,safe_13,SAFE,benign,False,0,none,0
framework_construct,5,safe_14,SAFE,benign,False,4,none,0
framework_construct,5,safe_15,SAFE,benign,False,0,none,0
framework_construct,5,safe_16,SAFE,benign,False,0,none,0
framework_construct,5,safe_17,SAFE,benign,False,4,none,0
framework_construct,5,safe_18,SAFE,benign,False,0,none,0
framework_construct,5,safe_19,SAFE,benign,False,0,none,0
framework_construct,5,safe_20,SAFE,benign,False,0,none,0
framework_construct,5,hn_p_01,SAFE,legit_prompt,True,8,none,0
framework_construct,5,hn_p_02,SAFE,legit_prompt,True,12,none,0
framework_construct,5,hn_p_03,SAFE,legit_prompt,True,4,none,0
framework_construct,5,hn_p_04,SAFE,legit_prompt,True,8,none,0
framework_construct,5,hn_p_05,SAFE,legit_prompt,True,12,none,0
framework_construct,5,hn_p_06,SAFE,legit_prompt,True,8,none,0
framework_construct,5,hn_p_07,SAFE,legit_prompt,True,8,none,0
framework_construct,5,hn_p_08,SAFE,legit_prompt,True,12,none,0
framework_construct,5,hn_d_01,SAFE,security_doc,False,0,none,0
framework_construct,5,hn_d_02,SAFE,security_doc,False,0,none,0
framework_construct,5,hn_d_03,SAFE,security_doc,False,0,none,0
framework_construct,5,hn_d_04,SAFE,security_doc,False,4,none,0
framework_construct,5,hn_d_05,SAFE,security_doc,False,0,none,0
framework_construct,5,hn_d_06,SAFE,security_doc,False,0,none,0
framework_construct,5,hn_d_07,SAFE,security_doc,False,4,none,0
framework_construct,5,hn_d_08,SAFE,security_doc,False,0,none,0
framework_construct,5,hn_t_01,SAFE,benign_template,True,6,none,0
framework_construct,5,hn_t_02,SAFE,benign_template,True,6,none,0
framework_construct,5,hn_t_03,SAFE,benign_template,True,6,none,0
framework_construct,5,hn_t_04,SAFE,benign_template,True,14,none,0
framework_construct,10,s5_imp_01,S5,imperative,False,0,none,0
framework_construct,10,s5_imp_02,S5,imperative,False,0,none,0
framework_construct,10,s5_imp_03,S5,imperative,False,4,none,0
framework_construct,10,s5_imp_04,S5,imperative,False,0,none,0
framework_construct,10,s5_imp_05,S5,imperative,False,0,none,0
framework_construct,10,s5_imp_06,S5,imperative,False,0,none,0
framework_construct,10,s5_imp_07,S5,imperative,False,0,none,0
framework_construct,10,s5_imp_08,S5,imperative,False,0,none,0
framework_construct,10,s5_imp_09,S5,imperative,False,4,none,0
framework_construct,10,s5_imp_10,S5,imperative,False,0,none,0
framework_construct,10,s5_imp_11,S5,imperative,False,0,none,0
framework_construct,10,s5_imp_12,S5,imperative,False,0,none,0
framework_construct,10,s5_imp_13,S5,imperative,False,0,none,0
framework_construct,10,s5_imp_14,S5,imperative,False,8,none,0
framework_construct,10,s5_imp_15,S5,imperative,False,0,none,0
framework_construct,10,s5_dec_01,S5,declarative,False,0,none,0
framework_construct,10,s5_dec_02,S5,declarative,False,0,none,0
framework_construct,10,s5_dec_03,S5,declarative,False,0,none,0
framework_construct,10,s5_dec_04,S5,declarative,False,0,none,0
framework_construct,10,s5_dec_05,S5,declarative,False,4,none,0
framework_construct,10,s5_dec_06,S5,declarative,False,0,none,0
framework_construct,10,s5_dec_07,S5,declarative,False,0,none,0
framework_construct,10,s5_dec_08,S5,declarative,False,0,none,0
framework_construct,10,s5_dec_09,S5,declarative,False,0,none,0
framework_construct,10,s5_dec_10,S5,declarative,False,0,none,0
framework_construct,10,s5_dec_11,S5,declarative,False,0,none,0
framework_construct,10,s5_dec_12,S5,declarative,False,0,none,0
framework_construct,10,s5_dec_13,S5,declarative,False,0,none,0
framework_construct,10,s5_dec_14,S5,declarative,False,0,none,0
framework_construct,10,s5_ind_01,S5,indirect,False,0,none,0
framework_construct,10,s5_ind_02,S5,indirect,False,0,none,0
framework_construct,10,s5_ind_03,S5,indirect,False,0,none,0
framework_construct,10,s5_ind_04,S5,indirect,False,0,none,0
framework_construct,10,s5_ind_05,S5,indirect,False,0,none,0
framework_construct,10,s5_ind_06,S5,indirect,False,0,none,0
framework_construct,10,s5_ind_07,S5,indirect,False,0,none,0
framework_construct,10,s5_ind_08,S5,indirect,False,0,none,0
framework_construct,10,s5_ind_09,S5,indirect,False,0,none,0
framework_construct,10,s5_ind_10,S5,indirect,False,0,none,0
framework_construct,10,s6_rp_01,S6,roleplay,False,4,none,0
framework_construct,10,s6_rp_02,S6,roleplay,False,4,none,0
framework_construct,10,s6_rp_03,S6,roleplay,False,4,none,0
framework_construct,10,s6_rp_04,S6,roleplay,False,0,none,0
framework_construct,10,s6_rp_05,S6,roleplay,False,8,none,0
framework_construct,10,s6_rp_06,S6,roleplay,False,0,none,0
framework_construct,10,s6_rp_07,S6,roleplay,False,0,none,0
framework_construct,10,s6_rp_08,S6,roleplay,False,0,none,0
framework_construct,10,s6_enc_01,S6,encoding,False,4,none,0
framework_construct,10,s6_enc_02,S6,encoding,False,0,none,0
framework_construct,10,s6_enc_03,S6,encoding,False,4,none,0
framework_construct,10,s6_enc_04,S6,encoding,False,4,none,0
framework_construct,10,safe_01,SAFE,benign,False,0,none,0
framework_construct,10,safe_02,SAFE,benign,False,4,none,0
framework_construct,10,safe_03,SAFE,benign,False,4,none,0
framework_construct,10,safe_04,SAFE,benign,False,4,none,0
framework_construct,10,safe_05,SAFE,benign,False,0,none,0
framework_construct,10,safe_06,SAFE,benign,False,0,none,0
framework_construct,10,safe_07,SAFE,benign,False,4,none,0
framework_construct,10,safe_08,SAFE,benign,False,0,none,0
framework_construct,10,safe_09,SAFE,benign,False,0,none,0
framework_construct,10,safe_10,SAFE,benign,False,0,none,0
framework_construct,10,safe_11,SAFE,benign,False,0,none,0
framework_construct,10,safe_12,SAFE,benign,False,4,none,0
framework_construct,10,safe_13,SAFE,benign,False,0,none,0
framework_construct,10,safe_14,SAFE,benign,False,4,none,0
framework_construct,10,safe_15,SAFE,benign,False,0,none,0
framework_construct,10,safe_16,SAFE,benign,False,0,none,0
framework_construct,10,safe_17,SAFE,benign,False,4,none,0
framework_construct,10,safe_18,SAFE,benign,False,0,none,0
framework_construct,10,safe_19,SAFE,benign,False,0,none,0
framework_construct,10,safe_20,SAFE,benign,False,0,none,0
framework_construct,10,hn_p_01,SAFE,legit_prompt,True,8,none,0
framework_construct,10,hn_p_02,SAFE,legit_prompt,True,12,none,0
framework_construct,10,hn_p_03,SAFE,legit_prompt,True,4,none,0
framework_construct,10,hn_p_04,SAFE,legit_prompt,True,8,none,0
framework_construct,10,hn_p_05,SAFE,legit_prompt,True,12,none,0
framework_construct,10,hn_p_06,SAFE,legit_prompt,True,8,none,0
framework_construct,10,hn_p_07,SAFE,legit_prompt,True,8,none,0
framework_construct,10,hn_p_08,SAFE,legit_prompt,True,12,none,0
framework_construct,10,hn_d_01,SAFE,security_doc,False,0,none,0
framework_construct,10,hn_d_02,SAFE,security_doc,False,0,none,0
framework_construct,10,hn_d_03,SAFE,security_doc,False,0,none,0
framework_construct,10,hn_d_04,SAFE,security_doc,False,4,none,0
framework_construct,10,hn_d_05,SAFE,security_doc,False,0,none,0
framework_construct,10,hn_d_06,SAFE,security_doc,False,0,none,0
framework_construct,10,hn_d_07,SAFE,security_doc,False,4,none,0
framework_construct,10,hn_d_08,SAFE,security_doc,False,0,none,0
framework_construct,10,hn_t_01,SAFE,benign_template,True,6,none,0
framework_construct,10,hn_t_02,SAFE,benign_template,True,6,none,0
framework_construct,10,hn_t_03,SAFE,benign_template,True,6,none,0
framework_construct,10,hn_t_04,SAFE,benign_template,True,14,none,0
framework_construct,15,s5_imp_01,S5,imperative,False,0,none,0
framework_construct,15,s5_imp_02,S5,imperative,False,0,none,0
framework_construct,15,s5_imp_03,S5,imperative,False,4,none,0
framework_construct,15,s5_imp_04,S5,imperative,False,0,none,0
framework_construct,15,s5_imp_05,S5,imperative,False,0,none,0
framework_construct,15,s5_imp_06,S5,imperative,False,0,none,0
framework_construct,15,s5_imp_07,S5,imperative,False,0,none,0
framework_construct,15,s5_imp_08,S5,imperative,False,0,none,0
framework_construct,15,s5_imp_09,S5,imperative,False,4,none,0
framework_construct,15,s5_imp_10,S5,imperative,False,0,none,0
framework_construct,15,s5_imp_11,S5,imperative,False,0,none,0
framework_construct,15,s5_imp_12,S5,imperative,False,0,none,0
framework_construct,15,s5_imp_13,S5,imperative,False,0,none,0
framework_construct,15,s5_imp_14,S5,imperative,False,8,none,0
framework_construct,15,s5_imp_15,S5,imperative,False,0,none,0
framework_construct,15,s5_dec_01,S5,declarative,False,0,none,0
framework_construct,15,s5_dec_02,S5,declarative,False,0,none,0
framework_construct,15,s5_dec_03,S5,declarative,False,0,none,0
framework_construct,15,s5_dec_04,S5,declarative,False,0,none,0
framework_construct,15,s5_dec_05,S5,declarative,False,4,none,0
framework_construct,15,s5_dec_06,S5,declarative,False,0,none,0
framework_construct,15,s5_dec_07,S5,declarative,False,0,none,0
framework_construct,15,s5_dec_08,S5,declarative,False,0,none,0
framework_construct,15,s5_dec_09,S5,declarative,False,0,none,0
framework_construct,15,s5_dec_10,S5,declarative,False,0,none,0
framework_construct,15,s5_dec_11,S5,declarative,False,0,none,0
framework_construct,15,s5_dec_12,S5,declarative,False,0,none,0
framework_construct,15,s5_dec_13,S5,declarative,False,0,none,0
framework_construct,15,s5_dec_14,S5,declarative,False,0,none,0
framework_construct,15,s5_ind_01,S5,indirect,False,0,none,0
framework_construct,15,s5_ind_02,S5,indirect,False,0,none,0
framework_construct,15,s5_ind_03,S5,indirect,False,0,none,0
framework_construct,15,s5_ind_04,S5,indirect,False,0,none,0
framework_construct,15,s5_ind_05,S5,indirect,False,0,none,0
framework_construct,15,s5_ind_06,S5,indirect,False,0,none,0
framework_construct,15,s5_ind_07,S5,indirect,False,0,none,0
framework_construct,15,s5_ind_08,S5,indirect,False,0,none,0
framework_construct,15,s5_ind_09,S5,indirect,False,0,none,0
framework_construct,15,s5_ind_10,S5,indirect,False,0,none,0
framework_construct,15,s6_rp_01,S6,roleplay,False,4,none,0
framework_construct,15,s6_rp_02,S6,roleplay,False,4,none,0
framework_construct,15,s6_rp_03,S6,roleplay,False,4,none,0
framework_construct,15,s6_rp_04,S6,roleplay,False,0,none,0
framework_construct,15,s6_rp_05,S6,roleplay,False,8,none,0
framework_construct,15,s6_rp_06,S6,roleplay,False,0,none,0
framework_construct,15,s6_rp_07,S6,roleplay,False,0,none,0
framework_construct,15,s6_rp_08,S6,roleplay,False,0,none,0
framework_construct,15,s6_enc_01,S6,encoding,False,4,none,0
framework_construct,15,s6_enc_02,S6,encoding,False,0,none,0
framework_construct,15,s6_enc_03,S6,encoding,False,4,none,0
framework_construct,15,s6_enc_04,S6,encoding,False,4,none,0
framework_construct,15,safe_01,SAFE,benign,False,0,none,0
framework_construct,15,safe_02,SAFE,benign,False,4,none,0
framework_construct,15,safe_03,SAFE,benign,False,4,none,0
framework_construct,15,safe_04,SAFE,benign,False,4,none,0
framework_construct,15,safe_05,SAFE,benign,False,0,none,0
framework_construct,15,safe_06,SAFE,benign,False,0,none,0
framework_construct,15,safe_07,SAFE,benign,False,4,none,0
framework_construct,15,safe_08,SAFE,benign,False,0,none,0
framework_construct,15,safe_09,SAFE,benign,False,0,none,0
framework_construct,15,safe_10,SAFE,benign,False,0,none,0
framework_construct,15,safe_11,SAFE,benign,False,0,none,0
framework_construct,15,safe_12,SAFE,benign,False,4,none,0
framework_construct,15,safe_13,SAFE,benign,False,0,none,0
framework_construct,15,safe_14,SAFE,benign,False,4,none,0
framework_construct,15,safe_15,SAFE,benign,False,0,none,0
framework_construct,15,safe_16,SAFE,benign,False,0,none,0
framework_construct,15,safe_17,SAFE,benign,False,4,none,0
framework_construct,15,safe_18,SAFE,benign,False,0,none,0
framework_construct,15,safe_19,SAFE,benign,False,0,none,0
framework_construct,15,safe_20,SAFE,benign,False,0,none,0
framework_construct,15,hn_p_01,SAFE,legit_prompt,True,8,none,0
framework_construct,15,hn_p_02,SAFE,legit_prompt,True,12,none,0
framework_construct,15,hn_p_03,SAFE,legit_prompt,True,4,none,0
framework_construct,15,hn_p_04,SAFE,legit_prompt,True,8,none,0
framework_construct,15,hn_p_05,SAFE,legit_prompt,True,12,none,0
framework_construct,15,hn_p_06,SAFE,legit_prompt,True,8,none,0
framework_construct,15,hn_p_07,SAFE,legit_prompt,True,8,none,0
framework_construct,15,hn_p_08,SAFE,legit_prompt,True,12,none,0
framework_construct,15,hn_d_01,SAFE,security_doc,False,0,none,0
framework_construct,15,hn_d_02,SAFE,security_doc,False,0,none,0
framework_construct,15,hn_d_03,SAFE,security_doc,False,0,none,0
framework_construct,15,hn_d_04,SAFE,security_doc,False,4,none,0
framework_construct,15,hn_d_05,SAFE,security_doc,False,0,none,0
framework_construct,15,hn_d_06,SAFE,security_doc,False,0,none,0
framework_construct,15,hn_d_07,SAFE,security_doc,False,4,none,0
framework_construct,15,hn_d_08,SAFE,security_doc,False,0,none,0
framework_construct,15,hn_t_01,SAFE,benign_template,True,6,none,0
framework_construct,15,hn_t_02,SAFE,benign_template,True,6,none,0
framework_construct,15,hn_t_03,SAFE,benign_template,True,6,none,0
framework_construct,15,hn_t_04,SAFE,benign_template,True,14,none,0
framework_construct,20,s5_imp_01,S5,imperative,False,0,none,0
framework_construct,20,s5_imp_02,S5,imperative,False,0,none,0
framework_construct,20,s5_imp_03,S5,imperative,False,4,none,0
framework_construct,20,s5_imp_04,S5,imperative,False,0,none,0
framework_construct,20,s5_imp_05,S5,imperative,False,0,none,0
framework_construct,20,s5_imp_06,S5,imperative,False,0,none,0
framework_construct,20,s5_imp_07,S5,imperative,False,0,none,0
framework_construct,20,s5_imp_08,S5,imperative,False,0,none,0
framework_construct,20,s5_imp_09,S5,imperative,False,4,none,0
framework_construct,20,s5_imp_10,S5,imperative,False,0,none,0
framework_construct,20,s5_imp_11,S5,imperative,False,0,none,0
framework_construct,20,s5_imp_12,S5,imperative,False,0,none,0
framework_construct,20,s5_imp_13,S5,imperative,False,0,none,0
framework_construct,20,s5_imp_14,S5,imperative,False,8,none,0
framework_construct,20,s5_imp_15,S5,imperative,False,0,none,0
framework_construct,20,s5_dec_01,S5,declarative,False,0,none,0
framework_construct,20,s5_dec_02,S5,declarative,False,0,none,0
framework_construct,20,s5_dec_03,S5,declarative,False,0,none,0
framework_construct,20,s5_dec_04,S5,declarative,False,0,none,0
framework_construct,20,s5_dec_05,S5,declarative,False,4,none,0
framework_construct,20,s5_dec_06,S5,declarative,False,0,none,0
framework_construct,20,s5_dec_07,S5,declarative,False,0,none,0
framework_construct,20,s5_dec_08,S5,declarative,False,0,none,0
framework_construct,20,s5_dec_09,S5,declarative,False,0,none,0
framework_construct,20,s5_dec_10,S5,declarative,False,0,none,0
framework_construct,20,s5_dec_11,S5,declarative,False,0,none,0
framework_construct,20,s5_dec_12,S5,declarative,False,0,none,0
framework_construct,20,s5_dec_13,S5,declarative,False,0,none,0
framework_construct,20,s5_dec_14,S5,declarative,False,0,none,0
framework_construct,20,s5_ind_01,S5,indirect,False,0,none,0
framework_construct,20,s5_ind_02,S5,indirect,False,0,none,0
framework_construct,20,s5_ind_03,S5,indirect,False,0,none,0
framework_construct,20,s5_ind_04,S5,indirect,False,0,none,0
framework_construct,20,s5_ind_05,S5,indirect,False,0,none,0
framework_construct,20,s5_ind_06,S5,indirect,False,0,none,0
framework_construct,20,s5_ind_07,S5,indirect,False,0,none,0
framework_construct,20,s5_ind_08,S5,indirect,False,0,none,0
framework_construct,20,s5_ind_09,S5,indirect,False,0,none,0
framework_construct,20,s5_ind_10,S5,indirect,False,0,none,0
framework_construct,20,s6_rp_01,S6,roleplay,False,4,none,0
framework_construct,20,s6_rp_02,S6,roleplay,False,4,none,0
framework_construct,20,s6_rp_03,S6,roleplay,False,4,none,0
framework_construct,20,s6_rp_04,S6,roleplay,False,0,none,0
framework_construct,20,s6_rp_05,S6,roleplay,False,8,none,0
framework_construct,20,s6_rp_06,S6,roleplay,False,0,none,0
framework_construct,20,s6_rp_07,S6,roleplay,False,0,none,0
framework_construct,20,s6_rp_08,S6,roleplay,False,0,none,0
framework_construct,20,s6_enc_01,S6,encoding,False,4,none,0
framework_construct,20,s6_enc_02,S6,encoding,False,0,none,0
framework_construct,20,s6_enc_03,S6,encoding,False,4,none,0
framework_construct,20,s6_enc_04,S6,encoding,False,4,none,0
framework_construct,20,safe_01,SAFE,benign,False,0,none,0
framework_construct,20,safe_02,SAFE,benign,False,4,none,0
framework_construct,20,safe_03,SAFE,benign,False,4,none,0
framework_construct,20,safe_04,SAFE,benign,False,4,none,0
framework_construct,20,safe_05,SAFE,benign,False,0,none,0
framework_construct,20,safe_06,SAFE,benign,False,0,none,0
framework_construct,20,safe_07,SAFE,benign,False,4,none,0
framework_construct,20,safe_08,SAFE,benign,False,0,none,0
framework_construct,20,safe_09,SAFE,benign,False,0,none,0
framework_construct,20,safe_10,SAFE,benign,False,0,none,0
framework_construct,20,safe_11,SAFE,benign,False,0,none,0
framework_construct,20,safe_12,SAFE,benign,False,4,none,0
framework_construct,20,safe_13,SAFE,benign,False,0,none,0
framework_construct,20,safe_14,SAFE,benign,False,4,none,0
framework_construct,20,safe_15,SAFE,benign,False,0,none,0
framework_construct,20,safe_16,SAFE,benign,False,0,none,0
framework_construct,20,safe_17,SAFE,benign,False,4,none,0
framework_construct,20,safe_18,SAFE,benign,False,0,none,0
framework_construct,20,safe_19,SAFE,benign,False,0,none,0
framework_construct,20,safe_20,SAFE,benign,False,0,none,0
framework_construct,20,hn_p_01,SAFE,legit_prompt,True,8,none,0
framework_construct,20,hn_p_02,SAFE,legit_prompt,True,12,none,0
framework_construct,20,hn_p_03,SAFE,legit_prompt,True,4,none,0
framework_construct,20,hn_p_04,SAFE,legit_prompt,True,8,none,0
framework_construct,20,hn_p_05,SAFE,legit_prompt,True,12,none,0
framework_construct,20,hn_p_06,SAFE,legit_prompt,True,8,none,0
framework_construct,20,hn_p_07,SAFE,legit_prompt,True,8,none,0
framework_construct,20,hn_p_08,SAFE,legit_prompt,True,12,none,0
framework_construct,20,hn_d_01,SAFE,security_doc,False,0,none,0
framework_construct,20,hn_d_02,SAFE,security_doc,False,0,none,0
framework_construct,20,hn_d_03,SAFE,security_doc,False,0,none,0
framework_construct,20,hn_d_04,SAFE,security_doc,False,4,none,0
framework_construct,20,hn_d_05,SAFE,security_doc,False,0,none,0
framework_construct,20,hn_d_06,SAFE,security_doc,False,0,none,0
framework_construct,20,hn_d_07,SAFE,security_doc,False,4,none,0
framework_construct,20,hn_d_08,SAFE,security_doc,False,0,none,0
framework_construct,20,hn_t_01,SAFE,benign_template,True,6,none,0
framework_construct,20,hn_t_02,SAFE,benign_template,True,6,none,0
framework_construct,20,hn_t_03,SAFE,benign_template,True,6,none,0
framework_construct,20,hn_t_04,SAFE,benign_template,True,14,none,0
framework_construct,25,s5_imp_01,S5,imperative,False,0,none,0
framework_construct,25,s5_imp_02,S5,imperative,False,0,none,0
framework_construct,25,s5_imp_03,S5,imperative,False,4,none,0
framework_construct,25,s5_imp_04,S5,imperative,False,0,none,0
framework_construct,25,s5_imp_05,S5,imperative,False,0,none,0
framework_construct,25,s5_imp_06,S5,imperative,False,0,none,0
framework_construct,25,s5_imp_07,S5,imperative,False,0,none,0
framework_construct,25,s5_imp_08,S5,imperative,False,0,none,0
framework_construct,25,s5_imp_09,S5,imperative,False,4,none,0
framework_construct,25,s5_imp_10,S5,imperative,False,0,none,0
framework_construct,25,s5_imp_11,S5,imperative,False,0,none,0
framework_construct,25,s5_imp_12,S5,imperative,False,0,none,0
framework_construct,25,s5_imp_13,S5,imperative,False,0,none,0
framework_construct,25,s5_imp_14,S5,imperative,False,8,none,0
framework_construct,25,s5_imp_15,S5,imperative,False,0,none,0
framework_construct,25,s5_dec_01,S5,declarative,False,0,none,0
framework_construct,25,s5_dec_02,S5,declarative,False,0,none,0
framework_construct,25,s5_dec_03,S5,declarative,False,0,none,0
framework_construct,25,s5_dec_04,S5,declarative,False,0,none,0
framework_construct,25,s5_dec_05,S5,declarative,False,4,none,0
framework_construct,25,s5_dec_06,S5,declarative,False,0,none,0
framework_construct,25,s5_dec_07,S5,declarative,False,0,none,0
framework_construct,25,s5_dec_08,S5,declarative,False,0,none,0
framework_construct,25,s5_dec_09,S5,declarative,False,0,none,0
framework_construct,25,s5_dec_10,S5,declarative,False,0,none,0
framework_construct,25,s5_dec_11,S5,declarative,False,0,none,0
framework_construct,25,s5_dec_12,S5,declarative,False,0,none,0
framework_construct,25,s5_dec_13,S5,declarative,False,0,none,0
framework_construct,25,s5_dec_14,S5,declarative,False,0,none,0
framework_construct,25,s5_ind_01,S5,indirect,False,0,none,0
framework_construct,25,s5_ind_02,S5,indirect,False,0,none,0
framework_construct,25,s5_ind_03,S5,indirect,False,0,none,0
framework_construct,25,s5_ind_04,S5,indirect,False,0,none,0
framework_construct,25,s5_ind_05,S5,indirect,False,0,none,0
framework_construct,25,s5_ind_06,S5,indirect,False,0,none,0
framework_construct,25,s5_ind_07,S5,indirect,False,0,none,0
framework_construct,25,s5_ind_08,S5,indirect,False,0,none,0
framework_construct,25,s5_ind_09,S5,indirect,False,0,none,0
framework_construct,25,s5_ind_10,S5,indirect,False,0,none,0
framework_construct,25,s6_rp_01,S6,roleplay,False,4,none,0
framework_construct,25,s6_rp_02,S6,roleplay,False,4,none,0
framework_construct,25,s6_rp_03,S6,roleplay,False,4,none,0
framework_construct,25,s6_rp_04,S6,roleplay,False,0,none,0
framework_construct,25,s6_rp_05,S6,roleplay,False,8,none,0
framework_construct,25,s6_rp_06,S6,roleplay,False,0,none,0
framework_construct,25,s6_rp_07,S6,roleplay,False,0,none,0
framework_construct,25,s6_rp_08,S6,roleplay,False,0,none,0
framework_construct,25,s6_enc_01,S6,encoding,False,4,none,0
framework_construct,25,s6_enc_02,S6,encoding,False,0,none,0
framework_construct,25,s6_enc_03,S6,encoding,False,4,none,0
framework_construct,25,s6_enc_04,S6,encoding,False,4,none,0
framework_construct,25,safe_01,SAFE,benign,False,0,none,0
framework_construct,25,safe_02,SAFE,benign,False,4,none,0
framework_construct,25,safe_03,SAFE,benign,False,4,none,0
framework_construct,25,safe_04,SAFE,benign,False,4,none,0
framework_construct,25,safe_05,SAFE,benign,False,0,none,0
framework_construct,25,safe_06,SAFE,benign,False,0,none,0
framework_construct,25,safe_07,SAFE,benign,False,4,none,0
framework_construct,25,safe_08,SAFE,benign,False,0,none,0
framework_construct,25,safe_09,SAFE,benign,False,0,none,0
framework_construct,25,safe_10,SAFE,benign,False,0,none,0
framework_construct,25,safe_11,SAFE,benign,False,0,none,0
framework_construct,25,safe_12,SAFE,benign,False,4,none,0
framework_construct,25,safe_13,SAFE,benign,False,0,none,0
framework_construct,25,safe_14,SAFE,benign,False,4,none,0
framework_construct,25,safe_15,SAFE,benign,False,0,none,0
framework_construct,25,safe_16,SAFE,benign,False,0,none,0
framework_construct,25,safe_17,SAFE,benign,False,4,none,0
framework_construct,25,safe_18,SAFE,benign,False,0,none,0
framework_construct,25,safe_19,SAFE,benign,False,0,none,0
framework_construct,25,safe_20,SAFE,benign,False,0,none,0
framework_construct,25,hn_p_01,SAFE,legit_prompt,True,8,none,0
framework_construct,25,hn_p_02,SAFE,legit_prompt,True,12,none,0
framework_construct,25,hn_p_03,SAFE,legit_prompt,True,4,none,0
framework_construct,25,hn_p_04,SAFE,legit_prompt,True,8,none,0
framework_construct,25,hn_p_05,SAFE,legit_prompt,True,12,none,0
framework_construct,25,hn_p_06,SAFE,legit_prompt,True,8,none,0
framework_construct,25,hn_p_07,SAFE,legit_prompt,True,8,none,0
framework_construct,25,hn_p_08,SAFE,legit_prompt,True,12,none,0
framework_construct,25,hn_d_01,SAFE,security_doc,False,0,none,0
framework_construct,25,hn_d_02,SAFE,security_doc,False,0,none,0
framework_construct,25,hn_d_03,SAFE,security_doc,False,0,none,0
framework_construct,25,hn_d_04,SAFE,security_doc,False,4,none,0
framework_construct,25,hn_d_05,SAFE,security_doc,False,0,none,0
framework_construct,25,hn_d_06,SAFE,security_doc,False,0,none,0
framework_construct,25,hn_d_07,SAFE,security_doc,False,4,none,0
framework_construct,25,hn_d_08,SAFE,security_doc,False,0,none,0
framework_construct,25,hn_t_01,SAFE,benign_template,True,6,none,0
framework_construct,25,hn_t_02,SAFE,benign_template,True,6,none,0
framework_construct,25,hn_t_03,SAFE,benign_template,True,6,none,0
framework_construct,25,hn_t_04,SAFE,benign_template,True,14,none,0
framework_construct,30,s5_imp_01,S5,imperative,False,0,none,0
framework_construct,30,s5_imp_02,S5,imperative,False,0,none,0
framework_construct,30,s5_imp_03,S5,imperative,False,4,none,0
framework_construct,30,s5_imp_04,S5,imperative,False,0,none,0
framework_construct,30,s5_imp_05,S5,imperative,False,0,none,0
framework_construct,30,s5_imp_06,S5,imperative,False,0,none,0
framework_construct,30,s5_imp_07,S5,imperative,False,0,none,0
framework_construct,30,s5_imp_08,S5,imperative,False,0,none,0
framework_construct,30,s5_imp_09,S5,imperative,False,4,none,0
framework_construct,30,s5_imp_10,S5,imperative,False,0,none,0
framework_construct,30,s5_imp_11,S5,imperative,False,0,none,0
framework_construct,30,s5_imp_12,S5,imperative,False,0,none,0
framework_construct,30,s5_imp_13,S5,imperative,False,0,none,0
framework_construct,30,s5_imp_14,S5,imperative,False,8,none,0
framework_construct,30,s5_imp_15,S5,imperative,False,0,none,0
framework_construct,30,s5_dec_01,S5,declarative,False,0,none,0
framework_construct,30,s5_dec_02,S5,declarative,False,0,none,0
framework_construct,30,s5_dec_03,S5,declarative,False,0,none,0
framework_construct,30,s5_dec_04,S5,declarative,False,0,none,0
framework_construct,30,s5_dec_05,S5,declarative,False,4,none,0
framework_construct,30,s5_dec_06,S5,declarative,False,0,none,0
framework_construct,30,s5_dec_07,S5,declarative,False,0,none,0
framework_construct,30,s5_dec_08,S5,declarative,False,0,none,0
framework_construct,30,s5_dec_09,S5,declarative,False,0,none,0
framework_construct,30,s5_dec_10,S5,declarative,False,0,none,0
framework_construct,30,s5_dec_11,S5,declarative,False,0,none,0
framework_construct,30,s5_dec_12,S5,declarative,False,0,none,0
framework_construct,30,s5_dec_13,S5,declarative,False,0,none,0
framework_construct,30,s5_dec_14,S5,declarative,False,0,none,0
framework_construct,30,s5_ind_01,S5,indirect,False,0,none,0
framework_construct,30,s5_ind_02,S5,indirect,False,0,none,0
framework_construct,30,s5_ind_03,S5,indirect,False,0,none,0
framework_construct,30,s5_ind_04,S5,indirect,False,0,none,0
framework_construct,30,s5_ind_05,S5,indirect,False,0,none,0
framework_construct,30,s5_ind_06,S5,indirect,False,0,none,0
framework_construct,30,s5_ind_07,S5,indirect,False,0,none,0
framework_construct,30,s5_ind_08,S5,indirect,False,0,none,0
framework_construct,30,s5_ind_09,S5,indirect,False,0,none,0
framework_construct,30,s5_ind_10,S5,indirect,False,0,none,0
framework_construct,30,s6_rp_01,S6,roleplay,False,4,none,0
framework_construct,30,s6_rp_02,S6,roleplay,False,4,none,0
framework_construct,30,s6_rp_03,S6,roleplay,False,4,none,0
framework_construct,30,s6_rp_04,S6,roleplay,False,0,none,0
framework_construct,30,s6_rp_05,S6,roleplay,False,8,none,0
framework_construct,30,s6_rp_06,S6,roleplay,False,0,none,0
framework_construct,30,s6_rp_07,S6,roleplay,False,0,none,0
framework_construct,30,s6_rp_08,S6,roleplay,False,0,none,0
framework_construct,30,s6_enc_01,S6,encoding,False,4,none,0
framework_construct,30,s6_enc_02,S6,encoding,False,0,none,0
framework_construct,30,s6_enc_03,S6,encoding,False,4,none,0
framework_construct,30,s6_enc_04,S6,encoding,False,4,none,0
framework_construct,30,safe_01,SAFE,benign,False,0,none,0
framework_construct,30,safe_02,SAFE,benign,False,4,none,0
framework_construct,30,safe_03,SAFE,benign,False,4,none,0
framework_construct,30,safe_04,SAFE,benign,False,4,none,0
framework_construct,30,safe_05,SAFE,benign,False,0,none,0
framework_construct,30,safe_06,SAFE,benign,False,0,none,0
framework_construct,30,safe_07,SAFE,benign,False,4,none,0
framework_construct,30,safe_08,SAFE,benign,False,0,none,0
framework_construct,30,safe_09,SAFE,benign,False,0,none,0
framework_construct,30,safe_10,SAFE,benign,False,0,none,0
framework_construct,30,safe_11,SAFE,benign,False,0,none,0
framework_construct,30,safe_12,SAFE,benign,False,4,none,0
framework_construct,30,safe_13,SAFE,benign,False,0,none,0
framework_construct,30,safe_14,SAFE,benign,False,4,none,0
framework_construct,30,safe_15,SAFE,benign,False,0,none,0
framework_construct,30,safe_16,SAFE,benign,False,0,none,0
framework_construct,30,safe_17,SAFE,benign,False,4,none,0
framework_construct,30,safe_18,SAFE,benign,False,0,none,0
framework_construct,30,safe_19,SAFE,benign,False,0,none,0
framework_construct,30,safe_20,SAFE,benign,False,0,none,0
framework_construct,30,hn_p_01,SAFE,legit_prompt,True,8,none,0
framework_construct,30,hn_p_02,SAFE,legit_prompt,True,12,none,0
framework_construct,30,hn_p_03,SAFE,legit_prompt,True,4,none,0
framework_construct,30,hn_p_04,SAFE,legit_prompt,True,8,none,0
framework_construct,30,hn_p_05,SAFE,legit_prompt,True,12,none,0
framework_construct,30,hn_p_06,SAFE,legit_prompt,True,8,none,0
framework_construct,30,hn_p_07,SAFE,legit_prompt,True,8,none,0
framework_construct,30,hn_p_08,SAFE,legit_prompt,True,12,none,0
framework_construct,30,hn_d_01,SAFE,security_doc,False,0,none,0
framework_construct,30,hn_d_02,SAFE,security_doc,False,0,none,0
framework_construct,30,hn_d_03,SAFE,security_doc,False,0,none,0
framework_construct,30,hn_d_04,SAFE,security_doc,False,4,none,0
framework_construct,30,hn_d_05,SAFE,security_doc,False,0,none,0
framework_construct,30,hn_d_06,SAFE,security_doc,False,0,none,0
framework_construct,30,hn_d_07,SAFE,security_doc,False,4,none,0
framework_construct,30,hn_d_08,SAFE,security_doc,False,0,none,0
framework_construct,30,hn_t_01,SAFE,benign_template,True,6,none,0
framework_construct,30,hn_t_02,SAFE,benign_template,True,6,none,0
framework_construct,30,hn_t_03,SAFE,benign_template,True,6,none,0
framework_construct,30,hn_t_04,SAFE,benign_template,True,14,none,0
framework_construct,35,s5_imp_01,S5,imperative,False,0,none,0
framework_construct,35,s5_imp_02,S5,imperative,False,0,none,0
framework_construct,35,s5_imp_03,S5,imperative,False,4,none,0
framework_construct,35,s5_imp_04,S5,imperative,False,0,none,0
framework_construct,35,s5_imp_05,S5,imperative,False,0,none,0
framework_construct,35,s5_imp_06,S5,imperative,False,0,none,0
framework_construct,35,s5_imp_07,S5,imperative,False,0,none,0
framework_construct,35,s5_imp_08,S5,imperative,False,0,none,0
framework_construct,35,s5_imp_09,S5,imperative,False,4,none,0
framework_construct,35,s5_imp_10,S5,imperative,False,0,none,0
framework_construct,35,s5_imp_11,S5,imperative,False,0,none,0
framework_construct,35,s5_imp_12,S5,imperative,False,0,none,0
framework_construct,35,s5_imp_13,S5,imperative,False,0,none,0
framework_construct,35,s5_imp_14,S5,imperative,False,8,none,0
framework_construct,35,s5_imp_15,S5,imperative,False,0,none,0
framework_construct,35,s5_dec_01,S5,declarative,False,0,none,0
framework_construct,35,s5_dec_02,S5,declarative,False,0,none,0
framework_construct,35,s5_dec_03,S5,declarative,False,0,none,0
framework_construct,35,s5_dec_04,S5,declarative,False,0,none,0
framework_construct,35,s5_dec_05,S5,declarative,False,4,none,0
framework_construct,35,s5_dec_06,S5,declarative,False,0,none,0
framework_construct,35,s5_dec_07,S5,declarative,False,0,none,0
framework_construct,35,s5_dec_08,S5,declarative,False,0,none,0
framework_construct,35,s5_dec_09,S5,declarative,False,0,none,0
framework_construct,35,s5_dec_10,S5,declarative,False,0,none,0
framework_construct,35,s5_dec_11,S5,declarative,False,0,none,0
framework_construct,35,s5_dec_12,S5,declarative,False,0,none,0
framework_construct,35,s5_dec_13,S5,declarative,False,0,none,0
framework_construct,35,s5_dec_14,S5,declarative,False,0,none,0
framework_construct,35,s5_ind_01,S5,indirect,False,0,none,0
framework_construct,35,s5_ind_02,S5,indirect,False,0,none,0
framework_construct,35,s5_ind_03,S5,indirect,False,0,none,0
framework_construct,35,s5_ind_04,S5,indirect,False,0,none,0
framework_construct,35,s5_ind_05,S5,indirect,False,0,none,0
framework_construct,35,s5_ind_06,S5,indirect,False,0,none,0
framework_construct,35,s5_ind_07,S5,indirect,False,0,none,0
framework_construct,35,s5_ind_08,S5,indirect,False,0,none,0
framework_construct,35,s5_ind_09,S5,indirect,False,0,none,0
framework_construct,35,s5_ind_10,S5,indirect,False,0,none,0
framework_construct,35,s6_rp_01,S6,roleplay,False,4,none,0
framework_construct,35,s6_rp_02,S6,roleplay,False,4,none,0
framework_construct,35,s6_rp_03,S6,roleplay,False,4,none,0
framework_construct,35,s6_rp_04,S6,roleplay,False,0,none,0
framework_construct,35,s6_rp_05,S6,roleplay,False,8,none,0
framework_construct,35,s6_rp_06,S6,roleplay,False,0,none,0
framework_construct,35,s6_rp_07,S6,roleplay,False,0,none,0
framework_construct,35,s6_rp_08,S6,roleplay,False,0,none,0
framework_construct,35,s6_enc_01,S6,encoding,False,4,none,0
framework_construct,35,s6_enc_02,S6,encoding,False,0,none,0
framework_construct,35,s6_enc_03,S6,encoding,False,4,none,0
framework_construct,35,s6_enc_04,S6,encoding,False,4,none,0
framework_construct,35,safe_01,SAFE,benign,False,0,none,0
framework_construct,35,safe_02,SAFE,benign,False,4,none,0
framework_construct,35,safe_03,SAFE,benign,False,4,none,0
framework_construct,35,safe_04,SAFE,benign,False,4,none,0
framework_construct,35,safe_05,SAFE,benign,False,0,none,0
framework_construct,35,safe_06,SAFE,benign,False,0,none,0
framework_construct,35,safe_07,SAFE,benign,False,4,none,0
framework_construct,35,safe_08,SAFE,benign,False,0,none,0
framework_construct,35,safe_09,SAFE,benign,False,0,none,0
framework_construct,35,safe_10,SAFE,benign,False,0,none,0
framework_construct,35,safe_11,SAFE,benign,False,0,none,0
framework_construct,35,safe_12,SAFE,benign,False,4,none,0
framework_construct,35,safe_13,SAFE,benign,False,0,none,0
framework_construct,35,safe_14,SAFE,benign,False,4,none,0
framework_construct,35,safe_15,SAFE,benign,False,0,none,0
framework_construct,35,safe_16,SAFE,benign,False,0,none,0
framework_construct,35,safe_17,SAFE,benign,False,4,none,0
framework_construct,35,safe_18,SAFE,benign,False,0,none,0
framework_construct,35,safe_19,SAFE,benign,False,0,none,0
framework_construct,35,safe_20,SAFE,benign,False,0,none,0
framework_construct,35,hn_p_01,SAFE,legit_prompt,True,8,none,0
framework_construct,35,hn_p_02,SAFE,legit_prompt,True,12,none,0
framework_construct,35,hn_p_03,SAFE,legit_prompt,True,4,none,0
framework_construct,35,hn_p_04,SAFE,legit_prompt,True,8,none,0
framework_construct,35,hn_p_05,SAFE,legit_prompt,True,12,none,0
framework_construct,35,hn_p_06,SAFE,legit_prompt,True,8,none,0
framework_construct,35,hn_p_07,SAFE,legit_prompt,True,8,none,0
framework_construct,35,hn_p_08,SAFE,legit_prompt,True,12,none,0
framework_construct,35,hn_d_01,SAFE,security_doc,False,0,none,0
framework_construct,35,hn_d_02,SAFE,security_doc,False,0,none,0
framework_construct,35,hn_d_03,SAFE,security_doc,False,0,none,0
framework_construct,35,hn_d_04,SAFE,security_doc,False,4,none,0
framework_construct,35,hn_d_05,SAFE,security_doc,False,0,none,0
framework_construct,35,hn_d_06,SAFE,security_doc,False,0,none,0
framework_construct,35,hn_d_07,SAFE,security_doc,False,4,none,0
framework_construct,35,hn_d_08,SAFE,security_doc,False,0,none,0
framework_construct,35,hn_t_01,SAFE,benign_template,True,6,none,0
framework_construct,35,hn_t_02,SAFE,benign_template,True,6,none,0
framework_construct,35,hn_t_03,SAFE,benign_template,True,6,none,0
framework_construct,35,hn_t_04,SAFE,benign_template,True,14,none,0
framework_construct,40,s5_imp_01,S5,imperative,False,0,none,0
framework_construct,40,s5_imp_02,S5,imperative,False,0,none,0
framework_construct,40,s5_imp_03,S5,imperative,False,4,none,0
framework_construct,40,s5_imp_04,S5,imperative,False,0,none,0
framework_construct,40,s5_imp_05,S5,imperative,False,0,none,0
framework_construct,40,s5_imp_06,S5,imperative,False,0,none,0
framework_construct,40,s5_imp_07,S5,imperative,False,0,none,0
framework_construct,40,s5_imp_08,S5,imperative,False,0,none,0
framework_construct,40,s5_imp_09,S5,imperative,False,4,none,0
framework_construct,40,s5_imp_10,S5,imperative,False,0,none,0
framework_construct,40,s5_imp_11,S5,imperative,False,0,none,0
framework_construct,40,s5_imp_12,S5,imperative,False,0,none,0
framework_construct,40,s5_imp_13,S5,imperative,False,0,none,0
framework_construct,40,s5_imp_14,S5,imperative,False,8,none,0
framework_construct,40,s5_imp_15,S5,imperative,False,0,none,0
framework_construct,40,s5_dec_01,S5,declarative,False,0,none,0
framework_construct,40,s5_dec_02,S5,declarative,False,0,none,0
framework_construct,40,s5_dec_03,S5,declarative,False,0,none,0
framework_construct,40,s5_dec_04,S5,declarative,False,0,none,0
framework_construct,40,s5_dec_05,S5,declarative,False,4,none,0
framework_construct,40,s5_dec_06,S5,declarative,False,0,none,0
framework_construct,40,s5_dec_07,S5,declarative,False,0,none,0
framework_construct,40,s5_dec_08,S5,declarative,False,0,none,0
framework_construct,40,s5_dec_09,S5,declarative,False,0,none,0
framework_construct,40,s5_dec_10,S5,declarative,False,0,none,0
framework_construct,40,s5_dec_11,S5,declarative,False,0,none,0
framework_construct,40,s5_dec_12,S5,declarative,False,0,none,0
framework_construct,40,s5_dec_13,S5,declarative,False,0,none,0
framework_construct,40,s5_dec_14,S5,declarative,False,0,none,0
framework_construct,40,s5_ind_01,S5,indirect,False,0,none,0
framework_construct,40,s5_ind_02,S5,indirect,False,0,none,0
framework_construct,40,s5_ind_03,S5,indirect,False,0,none,0
framework_construct,40,s5_ind_04,S5,indirect,False,0,none,0
framework_construct,40,s5_ind_05,S5,indirect,False,0,none,0
framework_construct,40,s5_ind_06,S5,indirect,False,0,none,0
framework_construct,40,s5_ind_07,S5,indirect,False,0,none,0
framework_construct,40,s5_ind_08,S5,indirect,False,0,none,0
framework_construct,40,s5_ind_09,S5,indirect,False,0,none,0
framework_construct,40,s5_ind_10,S5,indirect,False,0,none,0
framework_construct,40,s6_rp_01,S6,roleplay,False,4,none,0
framework_construct,40,s6_rp_02,S6,roleplay,False,4,none,0
framework_construct,40,s6_rp_03,S6,roleplay,False,4,none,0
framework_construct,40,s6_rp_04,S6,roleplay,False,0,none,0
framework_construct,40,s6_rp_05,S6,roleplay,False,8,none,0
framework_construct,40,s6_rp_06,S6,roleplay,False,0,none,0
framework_construct,40,s6_rp_07,S6,roleplay,False,0,none,0
framework_construct,40,s6_rp_08,S6,roleplay,False,0,none,0
framework_construct,40,s6_enc_01,S6,encoding,False,4,none,0
framework_construct,40,s6_enc_02,S6,encoding,False,0,none,0
framework_construct,40,s6_enc_03,S6,encoding,False,4,none,0
framework_construct,40,s6_enc_04,S6,encoding,False,4,none,0
framework_construct,40,safe_01,SAFE,benign,False,0,none,0
framework_construct,40,safe_02,SAFE,benign,False,4,none,0
framework_construct,40,safe_03,SAFE,benign,False,4,none,0
framework_construct,40,safe_04,SAFE,benign,False,4,none,0
framework_construct,40,safe_05,SAFE,benign,False,0,none,0
framework_construct,40,safe_06,SAFE,benign,False,0,none,0
framework_construct,40,safe_07,SAFE,benign,False,4,none,0
framework_construct,40,safe_08,SAFE,benign,False,0,none,0
framework_construct,40,safe_09,SAFE,benign,False,0,none,0
framework_construct,40,safe_10,SAFE,benign,False,0,none,0
framework_construct,40,safe_11,SAFE,benign,False,0,none,0
framework_construct,40,safe_12,SAFE,benign,False,4,none,0
framework_construct,40,safe_13,SAFE,benign,False,0,none,0
framework_construct,40,safe_14,SAFE,benign,False,4,none,0
framework_construct,40,safe_15,SAFE,benign,False,0,none,0
framework_construct,40,safe_16,SAFE,benign,False,0,none,0
framework_construct,40,safe_17,SAFE,benign,False,4,none,0
framework_construct,40,safe_18,SAFE,benign,False,0,none,0
framework_construct,40,safe_19,SAFE,benign,False,0,none,0
framework_construct,40,safe_20,SAFE,benign,False,0,none,0
framework_construct,40,hn_p_01,SAFE,legit_prompt,True,8,none,0
framework_construct,40,hn_p_02,SAFE,legit_prompt,True,12,none,0
framework_construct,40,hn_p_03,SAFE,legit_prompt,True,4,none,0
framework_construct,40,hn_p_04,SAFE,legit_prompt,True,8,none,0
framework_construct,40,hn_p_05,SAFE,legit_prompt,True,12,none,0
framework_construct,40,hn_p_06,SAFE,legit_prompt,True,8,none,0
framework_construct,40,hn_p_07,SAFE,legit_prompt,True,8,none,0
framework_construct,40,hn_p_08,SAFE,legit_prompt,True,12,none,0
framework_construct,40,hn_d_01,SAFE,security_doc,False,0,none,0
framework_construct,40,hn_d_02,SAFE,security_doc,False,0,none,0
framework_construct,40,hn_d_03,SAFE,security_doc,False,0,none,0
framework_construct,40,hn_d_04,SAFE,security_doc,False,4,none,0
framework_construct,40,hn_d_05,SAFE,security_doc,False,0,none,0
framework_construct,40,hn_d_06,SAFE,security_doc,False,0,none,0
framework_construct,40,hn_d_07,SAFE,security_doc,False,4,none,0
framework_construct,40,hn_d_08,SAFE,security_doc,False,0,none,0
framework_construct,40,hn_t_01,SAFE,benign_template,True,6,none,0
framework_construct,40,hn_t_02,SAFE,benign_template,True,6,none,0
framework_construct,40,hn_t_03,SAFE,benign_template,True,6,none,0
framework_construct,40,hn_t_04,SAFE,benign_template,True,14,none,0
framework_construct,45,s5_imp_01,S5,imperative,False,0,none,0
framework_construct,45,s5_imp_02,S5,imperative,False,0,none,0
framework_construct,45,s5_imp_03,S5,imperative,False,4,none,0
framework_construct,45,s5_imp_04,S5,imperative,False,0,none,0
framework_construct,45,s5_imp_05,S5,imperative,False,0,none,0
framework_construct,45,s5_imp_06,S5,imperative,False,0,none,0
framework_construct,45,s5_imp_07,S5,imperative,False,0,none,0
framework_construct,45,s5_imp_08,S5,imperative,False,0,none,0
framework_construct,45,s5_imp_09,S5,imperative,False,4,none,0
framework_construct,45,s5_imp_10,S5,imperative,False,0,none,0
framework_construct,45,s5_imp_11,S5,imperative,False,0,none,0
framework_construct,45,s5_imp_12,S5,imperative,False,0,none,0
framework_construct,45,s5_imp_13,S5,imperative,False,0,none,0
framework_construct,45,s5_imp_14,S5,imperative,False,8,none,0
framework_construct,45,s5_imp_15,S5,imperative,False,0,none,0
framework_construct,45,s5_dec_01,S5,declarative,False,0,none,0
framework_construct,45,s5_dec_02,S5,declarative,False,0,none,0
framework_construct,45,s5_dec_03,S5,declarative,False,0,none,0
framework_construct,45,s5_dec_04,S5,declarative,False,0,none,0
framework_construct,45,s5_dec_05,S5,declarative,False,4,none,0
framework_construct,45,s5_dec_06,S5,declarative,False,0,none,0
framework_construct,45,s5_dec_07,S5,declarative,False,0,none,0
framework_construct,45,s5_dec_08,S5,declarative,False,0,none,0
framework_construct,45,s5_dec_09,S5,declarative,False,0,none,0
framework_construct,45,s5_dec_10,S5,declarative,False,0,none,0
framework_construct,45,s5_dec_11,S5,declarative,False,0,none,0
framework_construct,45,s5_dec_12,S5,declarative,False,0,none,0
framework_construct,45,s5_dec_13,S5,declarative,False,0,none,0
framework_construct,45,s5_dec_14,S5,declarative,False,0,none,0
framework_construct,45,s5_ind_01,S5,indirect,False,0,none,0
framework_construct,45,s5_ind_02,S5,indirect,False,0,none,0
framework_construct,45,s5_ind_03,S5,indirect,False,0,none,0
framework_construct,45,s5_ind_04,S5,indirect,False,0,none,0
framework_construct,45,s5_ind_05,S5,indirect,False,0,none,0
framework_construct,45,s5_ind_06,S5,indirect,False,0,none,0
framework_construct,45,s5_ind_07,S5,indirect,False,0,none,0
framework_construct,45,s5_ind_08,S5,indirect,False,0,none,0
framework_construct,45,s5_ind_09,S5,indirect,False,0,none,0
framework_construct,45,s5_ind_10,S5,indirect,False,0,none,0
framework_construct,45,s6_rp_01,S6,roleplay,False,4,none,0
framework_construct,45,s6_rp_02,S6,roleplay,False,4,none,0
framework_construct,45,s6_rp_03,S6,roleplay,False,4,none,0
framework_construct,45,s6_rp_04,S6,roleplay,False,0,none,0
framework_construct,45,s6_rp_05,S6,roleplay,False,8,none,0
framework_construct,45,s6_rp_06,S6,roleplay,False,0,none,0
framework_construct,45,s6_rp_07,S6,roleplay,False,0,none,0
framework_construct,45,s6_rp_08,S6,roleplay,False,0,none,0
framework_construct,45,s6_enc_01,S6,encoding,False,4,none,0
framework_construct,45,s6_enc_02,S6,encoding,False,0,none,0
framework_construct,45,s6_enc_03,S6,encoding,False,4,none,0
framework_construct,45,s6_enc_04,S6,encoding,False,4,none,0
framework_construct,45,safe_01,SAFE,benign,False,0,none,0
framework_construct,45,safe_02,SAFE,benign,False,4,none,0
framework_construct,45,safe_03,SAFE,benign,False,4,none,0
framework_construct,45,safe_04,SAFE,benign,False,4,none,0
framework_construct,45,safe_05,SAFE,benign,False,0,none,0
framework_construct,45,safe_06,SAFE,benign,False,0,none,0
framework_construct,45,safe_07,SAFE,benign,False,4,none,0
framework_construct,45,safe_08,SAFE,benign,False,0,none,0
framework_construct,45,safe_09,SAFE,benign,False,0,none,0
framework_construct,45,safe_10,SAFE,benign,False,0,none,0
framework_construct,45,safe_11,SAFE,benign,False,0,none,0
framework_construct,45,safe_12,SAFE,benign,False,4,none,0
framework_construct,45,safe_13,SAFE,benign,False,0,none,0
framework_construct,45,safe_14,SAFE,benign,False,4,none,0
framework_construct,45,safe_15,SAFE,benign,False,0,none,0
framework_construct,45,safe_16,SAFE,benign,False,0,none,0
framework_construct,45,safe_17,SAFE,benign,False,4,none,0
framework_construct,45,safe_18,SAFE,benign,False,0,none,0
framework_construct,45,safe_19,SAFE,benign,False,0,none,0
framework_construct,45,safe_20,SAFE,benign,False,0,none,0
framework_construct,45,hn_p_01,SAFE,legit_prompt,True,8,none,0
framework_construct,45,hn_p_02,SAFE,legit_prompt,True,12,none,0
framework_construct,45,hn_p_03,SAFE,legit_prompt,True,4,none,0
framework_construct,45,hn_p_04,SAFE,legit_prompt,True,8,none,0
framework_construct,45,hn_p_05,SAFE,legit_prompt,True,12,none,0
framework_construct,45,hn_p_06,SAFE,legit_prompt,True,8,none,0
framework_construct,45,hn_p_07,SAFE,legit_prompt,True,8,none,0
framework_construct,45,hn_p_08,SAFE,legit_prompt,True,12,none,0
framework_construct,45,hn_d_01,SAFE,security_doc,False,0,none,0
framework_construct,45,hn_d_02,SAFE,security_doc,False,0,none,0
framework_construct,45,hn_d_03,SAFE,security_doc,False,0,none,0
framework_construct,45,hn_d_04,SAFE,security_doc,False,4,none,0
framework_construct,45,hn_d_05,SAFE,security_doc,False,0,none,0
framework_construct,45,hn_d_06,SAFE,security_doc,False,0,none,0
framework_construct,45,hn_d_07,SAFE,security_doc,False,4,none,0
framework_construct,45,hn_d_08,SAFE,security_doc,False,0,none,0
framework_construct,45,hn_t_01,SAFE,benign_template,True,6,none,0
framework_construct,45,hn_t_02,SAFE,benign_template,True,6,none,0
framework_construct,45,hn_t_03,SAFE,benign_template,True,6,none,0
framework_construct,45,hn_t_04,SAFE,benign_template,True,14,none,0
framework_construct,50,s5_imp_01,S5,imperative,False,0,none,0
framework_construct,50,s5_imp_02,S5,imperative,False,0,none,0
framework_construct,50,s5_imp_03,S5,imperative,False,4,none,0
framework_construct,50,s5_imp_04,S5,imperative,False,0,none,0
framework_construct,50,s5_imp_05,S5,imperative,False,0,none,0
framework_construct,50,s5_imp_06,S5,imperative,False,0,none,0
framework_construct,50,s5_imp_07,S5,imperative,False,0,none,0
framework_construct,50,s5_imp_08,S5,imperative,False,0,none,0
framework_construct,50,s5_imp_09,S5,imperative,False,4,none,0
framework_construct,50,s5_imp_10,S5,imperative,False,0,none,0
framework_construct,50,s5_imp_11,S5,imperative,False,0,none,0
framework_construct,50,s5_imp_12,S5,imperative,False,0,none,0
framework_construct,50,s5_imp_13,S5,imperative,False,0,none,0
framework_construct,50,s5_imp_14,S5,imperative,False,8,none,0
framework_construct,50,s5_imp_15,S5,imperative,False,0,none,0
framework_construct,50,s5_dec_01,S5,declarative,False,0,none,0
framework_construct,50,s5_dec_02,S5,declarative,False,0,none,0
framework_construct,50,s5_dec_03,S5,declarative,False,0,none,0
framework_construct,50,s5_dec_04,S5,declarative,False,0,none,0
framework_construct,50,s5_dec_05,S5,declarative,False,4,none,0
framework_construct,50,s5_dec_06,S5,declarative,False,0,none,0
framework_construct,50,s5_dec_07,S5,declarative,False,0,none,0
framework_construct,50,s5_dec_08,S5,declarative,False,0,none,0
framework_construct,50,s5_dec_09,S5,declarative,False,0,none,0
framework_construct,50,s5_dec_10,S5,declarative,False,0,none,0
framework_construct,50,s5_dec_11,S5,declarative,False,0,none,0
framework_construct,50,s5_dec_12,S5,declarative,False,0,none,0
framework_construct,50,s5_dec_13,S5,declarative,False,0,none,0
framework_construct,50,s5_dec_14,S5,declarative,False,0,none,0
framework_construct,50,s5_ind_01,S5,indirect,False,0,none,0
framework_construct,50,s5_ind_02,S5,indirect,False,0,none,0
framework_construct,50,s5_ind_03,S5,indirect,False,0,none,0
framework_construct,50,s5_ind_04,S5,indirect,False,0,none,0
framework_construct,50,s5_ind_05,S5,indirect,False,0,none,0
framework_construct,50,s5_ind_06,S5,indirect,False,0,none,0
framework_construct,50,s5_ind_07,S5,indirect,False,0,none,0
framework_construct,50,s5_ind_08,S5,indirect,False,0,none,0
framework_construct,50,s5_ind_09,S5,indirect,False,0,none,0
framework_construct,50,s5_ind_10,S5,indirect,False,0,none,0
framework_construct,50,s6_rp_01,S6,roleplay,False,4,none,0
framework_construct,50,s6_rp_02,S6,roleplay,False,4,none,0
framework_construct,50,s6_rp_03,S6,roleplay,False,4,none,0
framework_construct,50,s6_rp_04,S6,roleplay,False,0,none,0
framework_construct,50,s6_rp_05,S6,roleplay,False,8,none,0
framework_construct,50,s6_rp_06,S6,roleplay,False,0,none,0
framework_construct,50,s6_rp_07,S6,roleplay,False,0,none,0
framework_construct,50,s6_rp_08,S6,roleplay,False,0,none,0
framework_construct,50,s6_enc_01,S6,encoding,False,4,none,0
framework_construct,50,s6_enc_02,S6,encoding,False,0,none,0
framework_construct,50,s6_enc_03,S6,encoding,False,4,none,0
framework_construct,50,s6_enc_04,S6,encoding,False,4,none,0
framework_construct,50,safe_01,SAFE,benign,False,0,none,0
framework_construct,50,safe_02,SAFE,benign,False,4,none,0
framework_construct,50,safe_03,SAFE,benign,False,4,none,0
framework_construct,50,safe_04,SAFE,benign,False,4,none,0
framework_construct,50,safe_05,SAFE,benign,False,0,none,0
framework_construct,50,safe_06,SAFE,benign,False,0,none,0
framework_construct,50,safe_07,SAFE,benign,False,4,none,0
framework_construct,50,safe_08,SAFE,benign,False,0,none,0
framework_construct,50,safe_09,SAFE,benign,False,0,none,0
framework_construct,50,safe_10,SAFE,benign,False,0,none,0
framework_construct,50,safe_11,SAFE,benign,False,0,none,0
framework_construct,50,safe_12,SAFE,benign,False,4,none,0
framework_construct,50,safe_13,SAFE,benign,False,0,none,0
framework_construct,50,safe_14,SAFE,benign,False,4,none,0
framework_construct,50,safe_15,SAFE,benign,False,0,none,0
framework_construct,50,safe_16,SAFE,benign,False,0,none,0
framework_construct,50,safe_17,SAFE,benign,False,4,none,0
framework_construct,50,safe_18,SAFE,benign,False,0,none,0
framework_construct,50,safe_19,SAFE,benign,False,0,none,0
framework_construct,50,safe_20,SAFE,benign,False,0,none,0
framework_construct,50,hn_p_01,SAFE,legit_prompt,True,8,none,0
framework_construct,50,hn_p_02,SAFE,legit_prompt,True,12,none,0
framework_construct,50,hn_p_03,SAFE,legit_prompt,True,4,none,0
framework_construct,50,hn_p_04,SAFE,legit_prompt,True,8,none,0
framework_construct,50,hn_p_05,SAFE,legit_prompt,True,12,none,0
framework_construct,50,hn_p_06,SAFE,legit_prompt,True,8,none,0
framework_construct,50,hn_p_07,SAFE,legit_prompt,True,8,none,0
framework_construct,50,hn_p_08,SAFE,legit_prompt,True,12,none,0
framework_construct,50,hn_d_01,SAFE,security_doc,False,0,none,0
framework_construct,50,hn_d_02,SAFE,security_doc,False,0,none,0
framework_construct,50,hn_d_03,SAFE,security_doc,False,0,none,0
framework_construct,50,hn_d_04,SAFE,security_doc,False,4,none,0
framework_construct,50,hn_d_05,SAFE,security_doc,False,0,none,0
framework_construct,50,hn_d_06,SAFE,security_doc,False,0,none,0
framework_construct,50,hn_d_07,SAFE,security_doc,False,4,none,0
framework_construct,50,hn_d_08,SAFE,security_doc,False,0,none,0
framework_construct,50,hn_t_01,SAFE,benign_template,True,6,none,0
framework_construct,50,hn_t_02,SAFE,benign_template,True,6,none,0
framework_construct,50,hn_t_03,SAFE,benign_template,True,6,none,0
framework_construct,50,hn_t_04,SAFE,benign_template,True,14,none,0
framework_construct,60,s5_imp_01,S5,imperative,False,0,none,0
framework_construct,60,s5_imp_02,S5,imperative,False,0,none,0
framework_construct,60,s5_imp_03,S5,imperative,False,4,none,0
framework_construct,60,s5_imp_04,S5,imperative,False,0,none,0
framework_construct,60,s5_imp_05,S5,imperative,False,0,none,0
framework_construct,60,s5_imp_06,S5,imperative,False,0,none,0
framework_construct,60,s5_imp_07,S5,imperative,False,0,none,0
framework_construct,60,s5_imp_08,S5,imperative,False,0,none,0
framework_construct,60,s5_imp_09,S5,imperative,False,4,none,0
framework_construct,60,s5_imp_10,S5,imperative,False,0,none,0
framework_construct,60,s5_imp_11,S5,imperative,False,0,none,0
framework_construct,60,s5_imp_12,S5,imperative,False,0,none,0
framework_construct,60,s5_imp_13,S5,imperative,False,0,none,0
framework_construct,60,s5_imp_14,S5,imperative,False,8,none,0
framework_construct,60,s5_imp_15,S5,imperative,False,0,none,0
framework_construct,60,s5_dec_01,S5,declarative,False,0,none,0
framework_construct,60,s5_dec_02,S5,declarative,False,0,none,0
framework_construct,60,s5_dec_03,S5,declarative,False,0,none,0
framework_construct,60,s5_dec_04,S5,declarative,False,0,none,0
framework_construct,60,s5_dec_05,S5,declarative,False,4,none,0
framework_construct,60,s5_dec_06,S5,declarative,False,0,none,0
framework_construct,60,s5_dec_07,S5,declarative,False,0,none,0
framework_construct,60,s5_dec_08,S5,declarative,False,0,none,0
framework_construct,60,s5_dec_09,S5,declarative,False,0,none,0
framework_construct,60,s5_dec_10,S5,declarative,False,0,none,0
framework_construct,60,s5_dec_11,S5,declarative,False,0,none,0
framework_construct,60,s5_dec_12,S5,declarative,False,0,none,0
framework_construct,60,s5_dec_13,S5,declarative,False,0,none,0
framework_construct,60,s5_dec_14,S5,declarative,False,0,none,0
framework_construct,60,s5_ind_01,S5,indirect,False,0,none,0
framework_construct,60,s5_ind_02,S5,indirect,False,0,none,0
framework_construct,60,s5_ind_03,S5,indirect,False,0,none,0
framework_construct,60,s5_ind_04,S5,indirect,False,0,none,0
framework_construct,60,s5_ind_05,S5,indirect,False,0,none,0
framework_construct,60,s5_ind_06,S5,indirect,False,0,none,0
framework_construct,60,s5_ind_07,S5,indirect,False,0,none,0
framework_construct,60,s5_ind_08,S5,indirect,False,0,none,0
framework_construct,60,s5_ind_09,S5,indirect,False,0,none,0
framework_construct,60,s5_ind_10,S5,indirect,False,0,none,0
framework_construct,60,s6_rp_01,S6,roleplay,False,4,none,0
framework_construct,60,s6_rp_02,S6,roleplay,False,4,none,0
framework_construct,60,s6_rp_03,S6,roleplay,False,4,none,0
framework_construct,60,s6_rp_04,S6,roleplay,False,0,none,0
framework_construct,60,s6_rp_05,S6,roleplay,False,8,none,0
framework_construct,60,s6_rp_06,S6,roleplay,False,0,none,0
framework_construct,60,s6_rp_07,S6,roleplay,False,0,none,0
framework_construct,60,s6_rp_08,S6,roleplay,False,0,none,0
framework_construct,60,s6_enc_01,S6,encoding,False,4,none,0
framework_construct,60,s6_enc_02,S6,encoding,False,0,none,0
framework_construct,60,s6_enc_03,S6,encoding,False,4,none,0
framework_construct,60,s6_enc_04,S6,encoding,False,4,none,0
framework_construct,60,safe_01,SAFE,benign,False,0,none,0
framework_construct,60,safe_02,SAFE,benign,False,4,none,0
framework_construct,60,safe_03,SAFE,benign,False,4,none,0
framework_construct,60,safe_04,SAFE,benign,False,4,none,0
framework_construct,60,safe_05,SAFE,benign,False,0,none,0
framework_construct,60,safe_06,SAFE,benign,False,0,none,0
framework_construct,60,safe_07,SAFE,benign,False,4,none,0
framework_construct,60,safe_08,SAFE,benign,False,0,none,0
framework_construct,60,safe_09,SAFE,benign,False,0,none,0
framework_construct,60,safe_10,SAFE,benign,False,0,none,0
framework_construct,60,safe_11,SAFE,benign,False,0,none,0
framework_construct,60,safe_12,SAFE,benign,False,4,none,0
framework_construct,60,safe_13,SAFE,benign,False,0,none,0
framework_construct,60,safe_14,SAFE,benign,False,4,none,0
framework_construct,60,safe_15,SAFE,benign,False,0,none,0
framework_construct,60,safe_16,SAFE,benign,False,0,none,0
framework_construct,60,safe_17,SAFE,benign,False,4,none,0
framework_construct,60,safe_18,SAFE,benign,False,0,none,0
framework_construct,60,safe_19,SAFE,benign,False,0,none,0
framework_construct,60,safe_20,SAFE,benign,False,0,none,0
framework_construct,60,hn_p_01,SAFE,legit_prompt,True,8,none,0
framework_construct,60,hn_p_02,SAFE,legit_prompt,True,12,none,0
framework_construct,60,hn_p_03,SAFE,legit_prompt,True,4,none,0
framework_construct,60,hn_p_04,SAFE,legit_prompt,True,8,none,0
framework_construct,60,hn_p_05,SAFE,legit_prompt,True,12,none,0
framework_construct,60,hn_p_06,SAFE,legit_prompt,True,8,none,0
framework_construct,60,hn_p_07,SAFE,legit_prompt,True,8,none,0
framework_construct,60,hn_p_08,SAFE,legit_prompt,True,12,none,0
framework_construct,60,hn_d_01,SAFE,security_doc,False,0,none,0
framework_construct,60,hn_d_02,SAFE,security_doc,False,0,none,0
framework_construct,60,hn_d_03,SAFE,security_doc,False,0,none,0
framework_construct,60,hn_d_04,SAFE,security_doc,False,4,none,0
framework_construct,60,hn_d_05,SAFE,security_doc,False,0,none,0
framework_construct,60,hn_d_06,SAFE,security_doc,False,0,none,0
framework_construct,60,hn_d_07,SAFE,security_doc,False,4,none,0
framework_construct,60,hn_d_08,SAFE,security_doc,False,0,none,0
framework_construct,60,hn_t_01,SAFE,benign_template,True,6,none,0
framework_construct,60,hn_t_02,SAFE,benign_template,True,6,none,0
framework_construct,60,hn_t_03,SAFE,benign_template,True,6,none,0
framework_construct,60,hn_t_04,SAFE,benign_template,True,14,none,0
framework_construct,70,s5_imp_01,S5,imperative,False,0,none,0
framework_construct,70,s5_imp_02,S5,imperative,False,0,none,0
framework_construct,70,s5_imp_03,S5,imperative,False,4,none,0
framework_construct,70,s5_imp_04,S5,imperative,False,0,none,0
framework_construct,70,s5_imp_05,S5,imperative,False,0,none,0
framework_construct,70,s5_imp_06,S5,imperative,False,0,none,0
framework_construct,70,s5_imp_07,S5,imperative,False,0,none,0
framework_construct,70,s5_imp_08,S5,imperative,False,0,none,0
framework_construct,70,s5_imp_09,S5,imperative,False,4,none,0
framework_construct,70,s5_imp_10,S5,imperative,False,0,none,0
framework_construct,70,s5_imp_11,S5,imperative,False,0,none,0
framework_construct,70,s5_imp_12,S5,imperative,False,0,none,0
framework_construct,70,s5_imp_13,S5,imperative,False,0,none,0
framework_construct,70,s5_imp_14,S5,imperative,False,8,none,0
framework_construct,70,s5_imp_15,S5,imperative,False,0,none,0
framework_construct,70,s5_dec_01,S5,declarative,False,0,none,0
framework_construct,70,s5_dec_02,S5,declarative,False,0,none,0
framework_construct,70,s5_dec_03,S5,declarative,False,0,none,0
framework_construct,70,s5_dec_04,S5,declarative,False,0,none,0
framework_construct,70,s5_dec_05,S5,declarative,False,4,none,0
framework_construct,70,s5_dec_06,S5,declarative,False,0,none,0
framework_construct,70,s5_dec_07,S5,declarative,False,0,none,0
framework_construct,70,s5_dec_08,S5,declarative,False,0,none,0
framework_construct,70,s5_dec_09,S5,declarative,False,0,none,0
framework_construct,70,s5_dec_10,S5,declarative,False,0,none,0
framework_construct,70,s5_dec_11,S5,declarative,False,0,none,0
framework_construct,70,s5_dec_12,S5,declarative,False,0,none,0
framework_construct,70,s5_dec_13,S5,declarative,False,0,none,0
framework_construct,70,s5_dec_14,S5,declarative,False,0,none,0
framework_construct,70,s5_ind_01,S5,indirect,False,0,none,0
framework_construct,70,s5_ind_02,S5,indirect,False,0,none,0
framework_construct,70,s5_ind_03,S5,indirect,False,0,none,0
framework_construct,70,s5_ind_04,S5,indirect,False,0,none,0
framework_construct,70,s5_ind_05,S5,indirect,False,0,none,0
framework_construct,70,s5_ind_06,S5,indirect,False,0,none,0
framework_construct,70,s5_ind_07,S5,indirect,False,0,none,0
framework_construct,70,s5_ind_08,S5,indirect,False,0,none,0
framework_construct,70,s5_ind_09,S5,indirect,False,0,none,0
framework_construct,70,s5_ind_10,S5,indirect,False,0,none,0
framework_construct,70,s6_rp_01,S6,roleplay,False,4,none,0
framework_construct,70,s6_rp_02,S6,roleplay,False,4,none,0
framework_construct,70,s6_rp_03,S6,roleplay,False,4,none,0
framework_construct,70,s6_rp_04,S6,roleplay,False,0,none,0
framework_construct,70,s6_rp_05,S6,roleplay,False,8,none,0
framework_construct,70,s6_rp_06,S6,roleplay,False,0,none,0
framework_construct,70,s6_rp_07,S6,roleplay,False,0,none,0
framework_construct,70,s6_rp_08,S6,roleplay,False,0,none,0
framework_construct,70,s6_enc_01,S6,encoding,False,4,none,0
framework_construct,70,s6_enc_02,S6,encoding,False,0,none,0
framework_construct,70,s6_enc_03,S6,encoding,False,4,none,0
framework_construct,70,s6_enc_04,S6,encoding,False,4,none,0
framework_construct,70,safe_01,SAFE,benign,False,0,none,0
framework_construct,70,safe_02,SAFE,benign,False,4,none,0
framework_construct,70,safe_03,SAFE,benign,False,4,none,0
framework_construct,70,safe_04,SAFE,benign,False,4,none,0
framework_construct,70,safe_05,SAFE,benign,False,0,none,0
framework_construct,70,safe_06,SAFE,benign,False,0,none,0
framework_construct,70,safe_07,SAFE,benign,False,4,none,0
framework_construct,70,safe_08,SAFE,benign,False,0,none,0
framework_construct,70,safe_09,SAFE,benign,False,0,none,0
framework_construct,70,safe_10,SAFE,benign,False,0,none,0
framework_construct,70,safe_11,SAFE,benign,False,0,none,0
framework_construct,70,safe_12,SAFE,benign,False,4,none,0
framework_construct,70,safe_13,SAFE,benign,False,0,none,0
framework_construct,70,safe_14,SAFE,benign,False,4,none,0
framework_construct,70,safe_15,SAFE,benign,False,0,none,0
framework_construct,70,safe_16,SAFE,benign,False,0,none,0
framework_construct,70,safe_17,SAFE,benign,False,4,none,0
framework_construct,70,safe_18,SAFE,benign,False,0,none,0
framework_construct,70,safe_19,SAFE,benign,False,0,none,0
framework_construct,70,safe_20,SAFE,benign,False,0,none,0
framework_construct,70,hn_p_01,SAFE,legit_prompt,True,8,none,0
framework_construct,70,hn_p_02,SAFE,legit_prompt,True,12,none,0
framework_construct,70,hn_p_03,SAFE,legit_prompt,True,4,none,0
framework_construct,70,hn_p_04,SAFE,legit_prompt,True,8,none,0
framework_construct,70,hn_p_05,SAFE,legit_prompt,True,12,none,0
framework_construct,70,hn_p_06,SAFE,legit_prompt,True,8,none,0
framework_construct,70,hn_p_07,SAFE,legit_prompt,True,8,none,0
framework_construct,70,hn_p_08,SAFE,legit_prompt,True,12,none,0
framework_construct,70,hn_d_01,SAFE,security_doc,False,0,none,0
framework_construct,70,hn_d_02,SAFE,security_doc,False,0,none,0
framework_construct,70,hn_d_03,SAFE,security_doc,False,0,none,0
framework_construct,70,hn_d_04,SAFE,security_doc,False,4,none,0
framework_construct,70,hn_d_05,SAFE,security_doc,False,0,none,0
framework_construct,70,hn_d_06,SAFE,security_doc,False,0,none,0
framework_construct,70,hn_d_07,SAFE,security_doc,False,4,none,0
framework_construct,70,hn_d_08,SAFE,security_doc,False,0,none,0
framework_construct,70,hn_t_01,SAFE,benign_template,True,6,none,0
framework_construct,70,hn_t_02,SAFE,benign_template,True,6,none,0
framework_construct,70,hn_t_03,SAFE,benign_template,True,6,none,0
framework_construct,70,hn_t_04,SAFE,benign_template,True,14,none,0
framework_construct,80,s5_imp_01,S5,imperative,False,0,none,0
framework_construct,80,s5_imp_02,S5,imperative,False,0,none,0
framework_construct,80,s5_imp_03,S5,imperative,False,4,none,0
framework_construct,80,s5_imp_04,S5,imperative,False,0,none,0
framework_construct,80,s5_imp_05,S5,imperative,False,0,none,0
framework_construct,80,s5_imp_06,S5,imperative,False,0,none,0
framework_construct,80,s5_imp_07,S5,imperative,False,0,none,0
framework_construct,80,s5_imp_08,S5,imperative,False,0,none,0
framework_construct,80,s5_imp_09,S5,imperative,False,4,none,0
framework_construct,80,s5_imp_10,S5,imperative,False,0,none,0
framework_construct,80,s5_imp_11,S5,imperative,False,0,none,0
framework_construct,80,s5_imp_12,S5,imperative,False,0,none,0
framework_construct,80,s5_imp_13,S5,imperative,False,0,none,0
framework_construct,80,s5_imp_14,S5,imperative,False,8,none,0
framework_construct,80,s5_imp_15,S5,imperative,False,0,none,0
framework_construct,80,s5_dec_01,S5,declarative,False,0,none,0
framework_construct,80,s5_dec_02,S5,declarative,False,0,none,0
framework_construct,80,s5_dec_03,S5,declarative,False,0,none,0
framework_construct,80,s5_dec_04,S5,declarative,False,0,none,0
framework_construct,80,s5_dec_05,S5,declarative,False,4,none,0
framework_construct,80,s5_dec_06,S5,declarative,False,0,none,0
framework_construct,80,s5_dec_07,S5,declarative,False,0,none,0
framework_construct,80,s5_dec_08,S5,declarative,False,0,none,0
framework_construct,80,s5_dec_09,S5,declarative,False,0,none,0
framework_construct,80,s5_dec_10,S5,declarative,False,0,none,0
framework_construct,80,s5_dec_11,S5,declarative,False,0,none,0
framework_construct,80,s5_dec_12,S5,declarative,False,0,none,0
framework_construct,80,s5_dec_13,S5,declarative,False,0,none,0
framework_construct,80,s5_dec_14,S5,declarative,False,0,none,0
framework_construct,80,s5_ind_01,S5,indirect,False,0,none,0
framework_construct,80,s5_ind_02,S5,indirect,False,0,none,0
framework_construct,80,s5_ind_03,S5,indirect,False,0,none,0
framework_construct,80,s5_ind_04,S5,indirect,False,0,none,0
framework_construct,80,s5_ind_05,S5,indirect,False,0,none,0
framework_construct,80,s5_ind_06,S5,indirect,False,0,none,0
framework_construct,80,s5_ind_07,S5,indirect,False,0,none,0
framework_construct,80,s5_ind_08,S5,indirect,False,0,none,0
framework_construct,80,s5_ind_09,S5,indirect,False,0,none,0
framework_construct,80,s5_ind_10,S5,indirect,False,0,none,0
framework_construct,80,s6_rp_01,S6,roleplay,False,4,none,0
framework_construct,80,s6_rp_02,S6,roleplay,False,4,none,0
framework_construct,80,s6_rp_03,S6,roleplay,False,4,none,0
framework_construct,80,s6_rp_04,S6,roleplay,False,0,none,0
framework_construct,80,s6_rp_05,S6,roleplay,False,8,none,0
framework_construct,80,s6_rp_06,S6,roleplay,False,0,none,0
framework_construct,80,s6_rp_07,S6,roleplay,False,0,none,0
framework_construct,80,s6_rp_08,S6,roleplay,False,0,none,0
framework_construct,80,s6_enc_01,S6,encoding,False,4,none,0
framework_construct,80,s6_enc_02,S6,encoding,False,0,none,0
framework_construct,80,s6_enc_03,S6,encoding,False,4,none,0
framework_construct,80,s6_enc_04,S6,encoding,False,4,none,0
framework_construct,80,safe_01,SAFE,benign,False,0,none,0
framework_construct,80,safe_02,SAFE,benign,False,4,none,0
framework_construct,80,safe_03,SAFE,benign,False,4,none,0
framework_construct,80,safe_04,SAFE,benign,False,4,none,0
framework_construct,80,safe_05,SAFE,benign,False,0,none,0
framework_construct,80,safe_06,SAFE,benign,False,0,none,0
framework_construct,80,safe_07,SAFE,benign,False,4,none,0
framework_construct,80,safe_08,SAFE,benign,False,0,none,0
framework_construct,80,safe_09,SAFE,benign,False,0,none,0
framework_construct,80,safe_10,SAFE,benign,False,0,none,0
framework_construct,80,safe_11,SAFE,benign,False,0,none,0
framework_construct,80,safe_12,SAFE,benign,False,4,none,0
framework_construct,80,safe_13,SAFE,benign,False,0,none,0
framework_construct,80,safe_14,SAFE,benign,False,4,none,0
framework_construct,80,safe_15,SAFE,benign,False,0,none,0
framework_construct,80,safe_16,SAFE,benign,False,0,none,0
framework_construct,80,safe_17,SAFE,benign,False,4,none,0
framework_construct,80,safe_18,SAFE,benign,False,0,none,0
framework_construct,80,safe_19,SAFE,benign,False,0,none,0
framework_construct,80,safe_20,SAFE,benign,False,0,none,0
framework_construct,80,hn_p_01,SAFE,legit_prompt,True,8,none,0
framework_construct,80,hn_p_02,SAFE,legit_prompt,True,12,none,0
framework_construct,80,hn_p_03,SAFE,legit_prompt,True,4,none,0
framework_construct,80,hn_p_04,SAFE,legit_prompt,True,8,none,0
framework_construct,80,hn_p_05,SAFE,legit_prompt,True,12,none,0
framework_construct,80,hn_p_06,SAFE,legit_prompt,True,8,none,0
framework_construct,80,hn_p_07,SAFE,legit_prompt,True,8,none,0
framework_construct,80,hn_p_08,SAFE,legit_prompt,True,12,none,0
framework_construct,80,hn_d_01,SAFE,security_doc,False,0,none,0
framework_construct,80,hn_d_02,SAFE,security_doc,False,0,none,0
framework_construct,80,hn_d_03,SAFE,security_doc,False,0,none,0
framework_construct,80,hn_d_04,SAFE,security_doc,False,4,none,0
framework_construct,80,hn_d_05,SAFE,security_doc,False,0,none,0
framework_construct,80,hn_d_06,SAFE,security_doc,False,0,none,0
framework_construct,80,hn_d_07,SAFE,security_doc,False,4,none,0
framework_construct,80,hn_d_08,SAFE,security_doc,False,0,none,0
framework_construct,80,hn_t_01,SAFE,benign_template,True,6,none,0
framework_construct,80,hn_t_02,SAFE,benign_template,True,6,none,0
framework_construct,80,hn_t_03,SAFE,benign_template,True,6,none,0
framework_construct,80,hn_t_04,SAFE,benign_template,True,14,none,0
framework_construct,90,s5_imp_01,S5,imperative,False,0,none,0
framework_construct,90,s5_imp_02,S5,imperative,False,0,none,0
framework_construct,90,s5_imp_03,S5,imperative,False,4,none,0
framework_construct,90,s5_imp_04,S5,imperative,False,0,none,0
framework_construct,90,s5_imp_05,S5,imperative,False,0,none,0
framework_construct,90,s5_imp_06,S5,imperative,False,0,none,0
framework_construct,90,s5_imp_07,S5,imperative,False,0,none,0
framework_construct,90,s5_imp_08,S5,imperative,False,0,none,0
framework_construct,90,s5_imp_09,S5,imperative,False,4,none,0
framework_construct,90,s5_imp_10,S5,imperative,False,0,none,0
framework_construct,90,s5_imp_11,S5,imperative,False,0,none,0
framework_construct,90,s5_imp_12,S5,imperative,False,0,none,0
framework_construct,90,s5_imp_13,S5,imperative,False,0,none,0
framework_construct,90,s5_imp_14,S5,imperative,False,8,none,0
framework_construct,90,s5_imp_15,S5,imperative,False,0,none,0
framework_construct,90,s5_dec_01,S5,declarative,False,0,none,0
framework_construct,90,s5_dec_02,S5,declarative,False,0,none,0
framework_construct,90,s5_dec_03,S5,declarative,False,0,none,0
framework_construct,90,s5_dec_04,S5,declarative,False,0,none,0
framework_construct,90,s5_dec_05,S5,declarative,False,4,none,0
framework_construct,90,s5_dec_06,S5,declarative,False,0,none,0
framework_construct,90,s5_dec_07,S5,declarative,False,0,none,0
framework_construct,90,s5_dec_08,S5,declarative,False,0,none,0
framework_construct,90,s5_dec_09,S5,declarative,False,0,none,0
framework_construct,90,s5_dec_10,S5,declarative,False,0,none,0
framework_construct,90,s5_dec_11,S5,declarative,False,0,none,0
framework_construct,90,s5_dec_12,S5,declarative,False,0,none,0
framework_construct,90,s5_dec_13,S5,declarative,False,0,none,0
framework_construct,90,s5_dec_14,S5,declarative,False,0,none,0
framework_construct,90,s5_ind_01,S5,indirect,False,0,none,0
framework_construct,90,s5_ind_02,S5,indirect,False,0,none,0
framework_construct,90,s5_ind_03,S5,indirect,False,0,none,0
framework_construct,90,s5_ind_04,S5,indirect,False,0,none,0
framework_construct,90,s5_ind_05,S5,indirect,False,0,none,0
framework_construct,90,s5_ind_06,S5,indirect,False,0,none,0
framework_construct,90,s5_ind_07,S5,indirect,False,0,none,0
framework_construct,90,s5_ind_08,S5,indirect,False,0,none,0
framework_construct,90,s5_ind_09,S5,indirect,False,0,none,0
framework_construct,90,s5_ind_10,S5,indirect,False,0,none,0
framework_construct,90,s6_rp_01,S6,roleplay,False,4,none,0
framework_construct,90,s6_rp_02,S6,roleplay,False,4,none,0
framework_construct,90,s6_rp_03,S6,roleplay,False,4,none,0
framework_construct,90,s6_rp_04,S6,roleplay,False,0,none,0
framework_construct,90,s6_rp_05,S6,roleplay,False,8,none,0
framework_construct,90,s6_rp_06,S6,roleplay,False,0,none,0
framework_construct,90,s6_rp_07,S6,roleplay,False,0,none,0
framework_construct,90,s6_rp_08,S6,roleplay,False,0,none,0
framework_construct,90,s6_enc_01,S6,encoding,False,4,none,0
framework_construct,90,s6_enc_02,S6,encoding,False,0,none,0
framework_construct,90,s6_enc_03,S6,encoding,False,4,none,0
framework_construct,90,s6_enc_04,S6,encoding,False,4,none,0
framework_construct,90,safe_01,SAFE,benign,False,0,none,0
framework_construct,90,safe_02,SAFE,benign,False,4,none,0
framework_construct,90,safe_03,SAFE,benign,False,4,none,0
framework_construct,90,safe_04,SAFE,benign,False,4,none,0
framework_construct,90,safe_05,SAFE,benign,False,0,none,0
framework_construct,90,safe_06,SAFE,benign,False,0,none,0
framework_construct,90,safe_07,SAFE,benign,False,4,none,0
framework_construct,90,safe_08,SAFE,benign,False,0,none,0
framework_construct,90,safe_09,SAFE,benign,False,0,none,0
framework_construct,90,safe_10,SAFE,benign,False,0,none,0
framework_construct,90,safe_11,SAFE,benign,False,0,none,0
framework_construct,90,safe_12,SAFE,benign,False,4,none,0
framework_construct,90,safe_13,SAFE,benign,False,0,none,0
framework_construct,90,safe_14,SAFE,benign,False,4,none,0
framework_construct,90,safe_15,SAFE,benign,False,0,none,0
framework_construct,90,safe_16,SAFE,benign,False,0,none,0
framework_construct,90,safe_17,SAFE,benign,False,4,none,0
framework_construct,90,safe_18,SAFE,benign,False,0,none,0
framework_construct,90,safe_19,SAFE,benign,False,0,none,0
framework_construct,90,safe_20,SAFE,benign,False,0,none,0
framework_construct,90,hn_p_01,SAFE,legit_prompt,True,8,none,0
framework_construct,90,hn_p_02,SAFE,legit_prompt,True,12,none,0
framework_construct,90,hn_p_03,SAFE,legit_prompt,True,4,none,0
framework_construct,90,hn_p_04,SAFE,legit_prompt,True,8,none,0
framework_construct,90,hn_p_05,SAFE,legit_prompt,True,12,none,0
framework_construct,90,hn_p_06,SAFE,legit_prompt,True,8,none,0
framework_construct,90,hn_p_07,SAFE,legit_prompt,True,8,none,0
framework_construct,90,hn_p_08,SAFE,legit_prompt,True,12,none,0
framework_construct,90,hn_d_01,SAFE,security_doc,False,0,none,0
framework_construct,90,hn_d_02,SAFE,security_doc,False,0,none,0
framework_construct,90,hn_d_03,SAFE,security_doc,False,0,none,0
framework_construct,90,hn_d_04,SAFE,security_doc,False,4,none,0
framework_construct,90,hn_d_05,SAFE,security_doc,False,0,none,0
framework_construct,90,hn_d_06,SAFE,security_doc,False,0,none,0
framework_construct,90,hn_d_07,SAFE,security_doc,False,4,none,0
framework_construct,90,hn_d_08,SAFE,security_doc,False,0,none,0
framework_construct,90,hn_t_01,SAFE,benign_template,True,6,none,0
framework_construct,90,hn_t_02,SAFE,benign_template,True,6,none,0
framework_construct,90,hn_t_03,SAFE,benign_template,True,6,none,0
framework_construct,90,hn_t_04,SAFE,benign_template,True,14,none,0
framework_construct,100,s5_imp_01,S5,imperative,False,0,none,0
framework_construct,100,s5_imp_02,S5,imperative,False,0,none,0
framework_construct,100,s5_imp_03,S5,imperative,False,4,none,0
framework_construct,100,s5_imp_04,S5,imperative,False,0,none,0
framework_construct,100,s5_imp_05,S5,imperative,False,0,none,0
framework_construct,100,s5_imp_06,S5,imperative,False,0,none,0
framework_construct,100,s5_imp_07,S5,imperative,False,0,none,0
framework_construct,100,s5_imp_08,S5,imperative,False,0,none,0
framework_construct,100,s5_imp_09,S5,imperative,False,4,none,0
framework_construct,100,s5_imp_10,S5,imperative,False,0,none,0
framework_construct,100,s5_imp_11,S5,imperative,False,0,none,0
framework_construct,100,s5_imp_12,S5,imperative,False,0,none,0
framework_construct,100,s5_imp_13,S5,imperative,False,0,none,0
framework_construct,100,s5_imp_14,S5,imperative,False,8,none,0
framework_construct,100,s5_imp_15,S5,imperative,False,0,none,0
framework_construct,100,s5_dec_01,S5,declarative,False,0,none,0
framework_construct,100,s5_dec_02,S5,declarative,False,0,none,0
framework_construct,100,s5_dec_03,S5,declarative,False,0,none,0
framework_construct,100,s5_dec_04,S5,declarative,False,0,none,0
framework_construct,100,s5_dec_05,S5,declarative,False,4,none,0
framework_construct,100,s5_dec_06,S5,declarative,False,0,none,0
framework_construct,100,s5_dec_07,S5,declarative,False,0,none,0
framework_construct,100,s5_dec_08,S5,declarative,False,0,none,0
framework_construct,100,s5_dec_09,S5,declarative,False,0,none,0
framework_construct,100,s5_dec_10,S5,declarative,False,0,none,0
framework_construct,100,s5_dec_11,S5,declarative,False,0,none,0
framework_construct,100,s5_dec_12,S5,declarative,False,0,none,0
framework_construct,100,s5_dec_13,S5,declarative,False,0,none,0
framework_construct,100,s5_dec_14,S5,declarative,False,0,none,0
framework_construct,100,s5_ind_01,S5,indirect,False,0,none,0
framework_construct,100,s5_ind_02,S5,indirect,False,0,none,0
framework_construct,100,s5_ind_03,S5,indirect,False,0,none,0
framework_construct,100,s5_ind_04,S5,indirect,False,0,none,0
framework_construct,100,s5_ind_05,S5,indirect,False,0,none,0
framework_construct,100,s5_ind_06,S5,indirect,False,0,none,0
framework_construct,100,s5_ind_07,S5,indirect,False,0,none,0
framework_construct,100,s5_ind_08,S5,indirect,False,0,none,0
framework_construct,100,s5_ind_09,S5,indirect,False,0,none,0
framework_construct,100,s5_ind_10,S5,indirect,False,0,none,0
framework_construct,100,s6_rp_01,S6,roleplay,False,4,none,0
framework_construct,100,s6_rp_02,S6,roleplay,False,4,none,0
framework_construct,100,s6_rp_03,S6,roleplay,False,4,none,0
framework_construct,100,s6_rp_04,S6,roleplay,False,0,none,0
framework_construct,100,s6_rp_05,S6,roleplay,False,8,none,0
framework_construct,100,s6_rp_06,S6,roleplay,False,0,none,0
framework_construct,100,s6_rp_07,S6,roleplay,False,0,none,0
framework_construct,100,s6_rp_08,S6,roleplay,False,0,none,0
framework_construct,100,s6_enc_01,S6,encoding,False,4,none,0
framework_construct,100,s6_enc_02,S6,encoding,False,0,none,0
framework_construct,100,s6_enc_03,S6,encoding,False,4,none,0
framework_construct,100,s6_enc_04,S6,encoding,False,4,none,0
framework_construct,100,safe_01,SAFE,benign,False,0,none,0
framework_construct,100,safe_02,SAFE,benign,False,4,none,0
framework_construct,100,safe_03,SAFE,benign,False,4,none,0
framework_construct,100,safe_04,SAFE,benign,False,4,none,0
framework_construct,100,safe_05,SAFE,benign,False,0,none,0
framework_construct,100,safe_06,SAFE,benign,False,0,none,0
framework_construct,100,safe_07,SAFE,benign,False,4,none,0
framework_construct,100,safe_08,SAFE,benign,False,0,none,0
framework_construct,100,safe_09,SAFE,benign,False,0,none,0
framework_construct,100,safe_10,SAFE,benign,False,0,none,0
framework_construct,100,safe_11,SAFE,benign,False,0,none,0
framework_construct,100,safe_12,SAFE,benign,False,4,none,0
framework_construct,100,safe_13,SAFE,benign,False,0,none,0
framework_construct,100,safe_14,SAFE,benign,False,4,none,0
framework_construct,100,safe_15,SAFE,benign,False,0,none,0
framework_construct,100,safe_16,SAFE,benign,False,0,none,0
framework_construct,100,safe_17,SAFE,benign,False,4,none,0
framework_construct,100,safe_18,SAFE,benign,False,0,none,0
framework_construct,100,safe_19,SAFE,benign,False,0,none,0
framework_construct,100,safe_20,SAFE,benign,False,0,none,0
framework_construct,100,hn_p_01,SAFE,legit_prompt,True,8,none,0
framework_construct,100,hn_p_02,SAFE,legit_prompt,True,12,none,0
framework_construct,100,hn_p_03,SAFE,legit_prompt,True,4,none,0
framework_construct,100,hn_p_04,SAFE,legit_prompt,True,8,none,0
framework_construct,100,hn_p_05,SAFE,legit_prompt,True,12,none,0
framework_construct,100,hn_p_06,SAFE,legit_prompt,True,8,none,0
framework_construct,100,hn_p_07,SAFE,legit_prompt,True,8,none,0
framework_construct,100,hn_p_08,SAFE,legit_prompt,True,12,none,0
framework_construct,100,hn_d_01,SAFE,security_doc,False,0,none,0
framework_construct,100,hn_d_02,SAFE,security_doc,False,0,none,0
framework_construct,100,hn_d_03,SAFE,security_doc,False,0,none,0
framework_construct,100,hn_d_04,SAFE,security_doc,False,4,none,0
framework_construct,100,hn_d_05,SAFE,security_doc,False,0,none,0
framework_construct,100,hn_d_06,SAFE,security_doc,False,0,none,0
framework_construct,100,hn_d_07,SAFE,security_doc,False,4,none,0
framework_construct,100,hn_d_08,SAFE,security_doc,False,0,none,0
framework_construct,100,hn_t_01,SAFE,benign_template,True,6,none,0
framework_construct,100,hn_t_02,SAFE,benign_template,True,6,none,0
framework_construct,100,hn_t_03,SAFE,benign_template,True,6,none,0
framework_construct,100,hn_t_04,SAFE,benign_template,True,14,none,0
prompt_var_name,0,s5_imp_01,S5,imperative,False,0,none,0
prompt_var_name,0,s5_imp_02,S5,imperative,False,0,none,0
prompt_var_name,0,s5_imp_03,S5,imperative,False,4,none,0
prompt_var_name,0,s5_imp_04,S5,imperative,False,0,none,0
prompt_var_name,0,s5_imp_05,S5,imperative,False,0,none,0
prompt_var_name,0,s5_imp_06,S5,imperative,False,0,none,0
prompt_var_name,0,s5_imp_07,S5,imperative,False,0,none,0
prompt_var_name,0,s5_imp_08,S5,imperative,False,0,none,0
prompt_var_name,0,s5_imp_09,S5,imperative,False,4,none,0
prompt_var_name,0,s5_imp_10,S5,imperative,False,0,none,0
prompt_var_name,0,s5_imp_11,S5,imperative,False,0,none,0
prompt_var_name,0,s5_imp_12,S5,imperative,False,0,none,0
prompt_var_name,0,s5_imp_13,S5,imperative,False,0,none,0
prompt_var_name,0,s5_imp_14,S5,imperative,False,8,none,0
prompt_var_name,0,s5_imp_15,S5,imperative,False,0,none,0
prompt_var_name,0,s5_dec_01,S5,declarative,False,0,none,0
prompt_var_name,0,s5_dec_02,S5,declarative,False,0,none,0
prompt_var_name,0,s5_dec_03,S5,declarative,False,0,none,0
prompt_var_name,0,s5_dec_04,S5,declarative,False,0,none,0
prompt_var_name,0,s5_dec_05,S5,declarative,False,4,none,0
prompt_var_name,0,s5_dec_06,S5,declarative,False,0,none,0
prompt_var_name,0,s5_dec_07,S5,declarative,False,0,none,0
prompt_var_name,0,s5_dec_08,S5,declarative,False,0,none,0
prompt_var_name,0,s5_dec_09,S5,declarative,False,0,none,0
prompt_var_name,0,s5_dec_10,S5,declarative,False,0,none,0
prompt_var_name,0,s5_dec_11,S5,declarative,False,0,none,0
prompt_var_name,0,s5_dec_12,S5,declarative,False,0,none,0
prompt_var_name,0,s5_dec_13,S5,declarative,False,0,none,0
prompt_var_name,0,s5_dec_14,S5,declarative,False,0,none,0
prompt_var_name,0,s5_ind_01,S5,indirect,False,0,none,0
prompt_var_name,0,s5_ind_02,S5,indirect,False,0,none,0
prompt_var_name,0,s5_ind_03,S5,indirect,False,0,none,0
prompt_var_name,0,s5_ind_04,S5,indirect,False,0,none,0
prompt_var_name,0,s5_ind_05,S5,indirect,False,0,none,0
prompt_var_name,0,s5_ind_06,S5,indirect,False,0,none,0
prompt_var_name,0,s5_ind_07,S5,indirect,False,0,none,0
prompt_var_name,0,s5_ind_08,S5,indirect,False,0,none,0
prompt_var_name,0,s5_ind_09,S5,indirect,False,0,none,0
prompt_var_name,0,s5_ind_10,S5,indirect,False,0,none,0
prompt_var_name,0,s6_rp_01,S6,roleplay,False,4,none,0
prompt_var_name,0,s6_rp_02,S6,roleplay,False,4,none,0
prompt_var_name,0,s6_rp_03,S6,roleplay,False,4,none,0
prompt_var_name,0,s6_rp_04,S6,roleplay,False,0,none,0
prompt_var_name,0,s6_rp_05,S6,roleplay,False,8,none,0
prompt_var_name,0,s6_rp_06,S6,roleplay,False,0,none,0
prompt_var_name,0,s6_rp_07,S6,roleplay,False,0,none,0
prompt_var_name,0,s6_rp_08,S6,roleplay,False,0,none,0
prompt_var_name,0,s6_enc_01,S6,encoding,False,4,none,0
prompt_var_name,0,s6_enc_02,S6,encoding,False,0,none,0
prompt_var_name,0,s6_enc_03,S6,encoding,False,4,none,0
prompt_var_name,0,s6_enc_04,S6,encoding,False,4,none,0
prompt_var_name,0,safe_01,SAFE,benign,False,0,none,0
prompt_var_name,0,safe_02,SAFE,benign,False,4,none,0
prompt_var_name,0,safe_03,SAFE,benign,False,4,none,0
prompt_var_name,0,safe_04,SAFE,benign,False,4,none,0
prompt_var_name,0,safe_05,SAFE,benign,False,0,none,0
prompt_var_name,0,safe_06,SAFE,benign,False,0,none,0
prompt_var_name,0,safe_07,SAFE,benign,False,4,none,0
prompt_var_name,0,safe_08,SAFE,benign,False,0,none,0
prompt_var_name,0,safe_09,SAFE,benign,False,0,none,0
prompt_var_name,0,safe_10,SAFE,benign,False,0,none,0
prompt_var_name,0,safe_11,SAFE,benign,False,0,none,0
prompt_var_name,0,safe_12,SAFE,benign,False,4,none,0
prompt_var_name,0,safe_13,SAFE,benign,False,0,none,0
prompt_var_name,0,safe_14,SAFE,benign,False,4,none,0
prompt_var_name,0,safe_15,SAFE,benign,False,0,none,0
prompt_var_name,0,safe_16,SAFE,benign,False,0,none,0
prompt_var_name,0,safe_17,SAFE,benign,False,4,none,0
prompt_var_name,0,safe_18,SAFE,benign,False,0,none,0
prompt_var_name,0,safe_19,SAFE,benign,False,0,none,0
prompt_var_name,0,safe_20,SAFE,benign,False,0,none,0
prompt_var_name,0,hn_p_01,SAFE,legit_prompt,True,8,none,0
prompt_var_name,0,hn_p_02,SAFE,legit_prompt,True,12,none,0
prompt_var_name,0,hn_p_03,SAFE,legit_prompt,True,4,none,0
prompt_var_name,0,hn_p_04,SAFE,legit_prompt,True,8,none,0
prompt_var_name,0,hn_p_05,SAFE,legit_prompt,True,12,none,0
prompt_var_name,0,hn_p_06,SAFE,legit_prompt,True,8,none,0
prompt_var_name,0,hn_p_07,SAFE,legit_prompt,True,8,none,0
prompt_var_name,0,hn_p_08,SAFE,legit_prompt,True,12,none,0
prompt_var_name,0,hn_d_01,SAFE,security_doc,False,0,none,0
prompt_var_name,0,hn_d_02,SAFE,security_doc,False,0,none,0
prompt_var_name,0,hn_d_03,SAFE,security_doc,False,0,none,0
prompt_var_name,0,hn_d_04,SAFE,security_doc,False,4,none,0
prompt_var_name,0,hn_d_05,SAFE,security_doc,False,0,none,0
prompt_var_name,0,hn_d_06,SAFE,security_doc,False,0,none,0
prompt_var_name,0,hn_d_07,SAFE,security_doc,False,4,none,0
prompt_var_name,0,hn_d_08,SAFE,security_doc,False,0,none,0
prompt_var_name,0,hn_t_01,SAFE,benign_template,True,6,none,0
prompt_var_name,0,hn_t_02,SAFE,benign_template,True,6,none,0
prompt_var_name,0,hn_t_03,SAFE,benign_template,True,6,none,0
prompt_var_name,0,hn_t_04,SAFE,benign_template,True,14,none,0
prompt_var_name,5,s5_imp_01,S5,imperative,False,0,none,0
prompt_var_name,5,s5_imp_02,S5,imperative,False,0,none,0
prompt_var_name,5,s5_imp_03,S5,imperative,False,4,none,0
prompt_var_name,5,s5_imp_04,S5,imperative,False,0,none,0
prompt_var_name,5,s5_imp_05,S5,imperative,False,0,none,0
prompt_var_name,5,s5_imp_06,S5,imperative,False,0,none,0
prompt_var_name,5,s5_imp_07,S5,imperative,False,0,none,0
prompt_var_name,5,s5_imp_08,S5,imperative,False,0,none,0
prompt_var_name,5,s5_imp_09,S5,imperative,False,4,none,0
prompt_var_name,5,s5_imp_10,S5,imperative,False,0,none,0
prompt_var_name,5,s5_imp_11,S5,imperative,False,0,none,0
prompt_var_name,5,s5_imp_12,S5,imperative,False,0,none,0
prompt_var_name,5,s5_imp_13,S5,imperative,False,0,none,0
prompt_var_name,5,s5_imp_14,S5,imperative,False,8,none,0
prompt_var_name,5,s5_imp_15,S5,imperative,False,0,none,0
prompt_var_name,5,s5_dec_01,S5,declarative,False,0,none,0
prompt_var_name,5,s5_dec_02,S5,declarative,False,0,none,0
prompt_var_name,5,s5_dec_03,S5,declarative,False,0,none,0
prompt_var_name,5,s5_dec_04,S5,declarative,False,0,none,0
prompt_var_name,5,s5_dec_05,S5,declarative,False,4,none,0
prompt_var_name,5,s5_dec_06,S5,declarative,False,0,none,0
prompt_var_name,5,s5_dec_07,S5,declarative,False,0,none,0
prompt_var_name,5,s5_dec_08,S5,declarative,False,0,none,0
prompt_var_name,5,s5_dec_09,S5,declarative,False,0,none,0
prompt_var_name,5,s5_dec_10,S5,declarative,False,0,none,0
prompt_var_name,5,s5_dec_11,S5,declarative,False,0,none,0
prompt_var_name,5,s5_dec_12,S5,declarative,False,0,none,0
prompt_var_name,5,s5_dec_13,S5,declarative,False,0,none,0
prompt_var_name,5,s5_dec_14,S5,declarative,False,0,none,0
prompt_var_name,5,s5_ind_01,S5,indirect,False,0,none,0
prompt_var_name,5,s5_ind_02,S5,indirect,False,0,none,0
prompt_var_name,5,s5_ind_03,S5,indirect,False,0,none,0
prompt_var_name,5,s5_ind_04,S5,indirect,False,0,none,0
prompt_var_name,5,s5_ind_05,S5,indirect,False,0,none,0
prompt_var_name,5,s5_ind_06,S5,indirect,False,0,none,0
prompt_var_name,5,s5_ind_07,S5,indirect,False,0,none,0
prompt_var_name,5,s5_ind_08,S5,indirect,False,0,none,0
prompt_var_name,5,s5_ind_09,S5,indirect,False,0,none,0
prompt_var_name,5,s5_ind_10,S5,indirect,False,0,none,0
prompt_var_name,5,s6_rp_01,S6,roleplay,False,4,none,0
prompt_var_name,5,s6_rp_02,S6,roleplay,False,4,none,0
prompt_var_name,5,s6_rp_03,S6,roleplay,False,4,none,0
prompt_var_name,5,s6_rp_04,S6,roleplay,False,0,none,0
prompt_var_name,5,s6_rp_05,S6,roleplay,False,8,none,0
prompt_var_name,5,s6_rp_06,S6,roleplay,False,0,none,0
prompt_var_name,5,s6_rp_07,S6,roleplay,False,0,none,0
prompt_var_name,5,s6_rp_08,S6,roleplay,False,0,none,0
prompt_var_name,5,s6_enc_01,S6,encoding,False,4,none,0
prompt_var_name,5,s6_enc_02,S6,encoding,False,0,none,0
prompt_var_name,5,s6_enc_03,S6,encoding,False,4,none,0
prompt_var_name,5,s6_enc_04,S6,encoding,False,4,none,0
prompt_var_name,5,safe_01,SAFE,benign,False,0,none,0
prompt_var_name,5,safe_02,SAFE,benign,False,4,none,0
prompt_var_name,5,safe_03,SAFE,benign,False,4,none,0
prompt_var_name,5,safe_04,SAFE,benign,False,4,none,0
prompt_var_name,5,safe_05,SAFE,benign,False,0,none,0
prompt_var_name,5,safe_06,SAFE,benign,False,0,none,0
prompt_var_name,5,safe_07,SAFE,benign,False,4,none,0
prompt_var_name,5,safe_08,SAFE,benign,False,0,none,0
prompt_var_name,5,safe_09,SAFE,benign,False,0,none,0
prompt_var_name,5,safe_10,SAFE,benign,False,0,none,0
prompt_var_name,5,safe_11,SAFE,benign,False,0,none,0
prompt_var_name,5,safe_12,SAFE,benign,False,4,none,0
prompt_var_name,5,safe_13,SAFE,benign,False,0,none,0
prompt_var_name,5,safe_14,SAFE,benign,False,4,none,0
prompt_var_name,5,safe_15,SAFE,benign,False,0,none,0
prompt_var_name,5,safe_16,SAFE,benign,False,0,none,0
prompt_var_name,5,safe_17,SAFE,benign,False,4,none,0
prompt_var_name,5,safe_18,SAFE,benign,False,0,none,0
prompt_var_name,5,safe_19,SAFE,benign,False,0,none,0
prompt_var_name,5,safe_20,SAFE,benign,False,0,none,0
prompt_var_name,5,hn_p_01,SAFE,legit_prompt,True,8,none,0
prompt_var_name,5,hn_p_02,SAFE,legit_prompt,True,12,none,0
prompt_var_name,5,hn_p_03,SAFE,legit_prompt,True,4,none,0
prompt_var_name,5,hn_p_04,SAFE,legit_prompt,True,8,none,0
prompt_var_name,5,hn_p_05,SAFE,legit_prompt,True,12,none,0
prompt_var_name,5,hn_p_06,SAFE,legit_prompt,True,8,none,0
prompt_var_name,5,hn_p_07,SAFE,legit_prompt,True,8,none,0
prompt_var_name,5,hn_p_08,SAFE,legit_prompt,True,12,none,0
prompt_var_name,5,hn_d_01,SAFE,security_doc,False,0,none,0
prompt_var_name,5,hn_d_02,SAFE,security_doc,False,0,none,0
prompt_var_name,5,hn_d_03,SAFE,security_doc,False,0,none,0
prompt_var_name,5,hn_d_04,SAFE,security_doc,False,4,none,0
prompt_var_name,5,hn_d_05,SAFE,security_doc,False,0,none,0
prompt_var_name,5,hn_d_06,SAFE,security_doc,False,0,none,0
prompt_var_name,5,hn_d_07,SAFE,security_doc,False,4,none,0
prompt_var_name,5,hn_d_08,SAFE,security_doc,False,0,none,0
prompt_var_name,5,hn_t_01,SAFE,benign_template,True,6,none,0
prompt_var_name,5,hn_t_02,SAFE,benign_template,True,6,none,0
prompt_var_name,5,hn_t_03,SAFE,benign_template,True,6,none,0
prompt_var_name,5,hn_t_04,SAFE,benign_template,True,14,none,0
prompt_var_name,10,s5_imp_01,S5,imperative,False,0,none,0
prompt_var_name,10,s5_imp_02,S5,imperative,False,0,none,0
prompt_var_name,10,s5_imp_03,S5,imperative,False,4,none,0
prompt_var_name,10,s5_imp_04,S5,imperative,False,0,none,0
prompt_var_name,10,s5_imp_05,S5,imperative,False,0,none,0
prompt_var_name,10,s5_imp_06,S5,imperative,False,0,none,0
prompt_var_name,10,s5_imp_07,S5,imperative,False,0,none,0
prompt_var_name,10,s5_imp_08,S5,imperative,False,0,none,0
prompt_var_name,10,s5_imp_09,S5,imperative,False,4,none,0
prompt_var_name,10,s5_imp_10,S5,imperative,False,0,none,0
prompt_var_name,10,s5_imp_11,S5,imperative,False,0,none,0
prompt_var_name,10,s5_imp_12,S5,imperative,False,0,none,0
prompt_var_name,10,s5_imp_13,S5,imperative,False,0,none,0
prompt_var_name,10,s5_imp_14,S5,imperative,False,8,none,0
prompt_var_name,10,s5_imp_15,S5,imperative,False,0,none,0
prompt_var_name,10,s5_dec_01,S5,declarative,False,0,none,0
prompt_var_name,10,s5_dec_02,S5,declarative,False,0,none,0
prompt_var_name,10,s5_dec_03,S5,declarative,False,0,none,0
prompt_var_name,10,s5_dec_04,S5,declarative,False,0,none,0
prompt_var_name,10,s5_dec_05,S5,declarative,False,4,none,0
prompt_var_name,10,s5_dec_06,S5,declarative,False,0,none,0
prompt_var_name,10,s5_dec_07,S5,declarative,False,0,none,0
prompt_var_name,10,s5_dec_08,S5,declarative,False,0,none,0
prompt_var_name,10,s5_dec_09,S5,declarative,False,0,none,0
prompt_var_name,10,s5_dec_10,S5,declarative,False,0,none,0
prompt_var_name,10,s5_dec_11,S5,declarative,False,0,none,0
prompt_var_name,10,s5_dec_12,S5,declarative,False,0,none,0
prompt_var_name,10,s5_dec_13,S5,declarative,False,0,none,0
prompt_var_name,10,s5_dec_14,S5,declarative,False,0,none,0
prompt_var_name,10,s5_ind_01,S5,indirect,False,0,none,0
prompt_var_name,10,s5_ind_02,S5,indirect,False,0,none,0
prompt_var_name,10,s5_ind_03,S5,indirect,False,0,none,0
prompt_var_name,10,s5_ind_04,S5,indirect,False,0,none,0
prompt_var_name,10,s5_ind_05,S5,indirect,False,0,none,0
prompt_var_name,10,s5_ind_06,S5,indirect,False,0,none,0
prompt_var_name,10,s5_ind_07,S5,indirect,False,0,none,0
prompt_var_name,10,s5_ind_08,S5,indirect,False,0,none,0
prompt_var_name,10,s5_ind_09,S5,indirect,False,0,none,0
prompt_var_name,10,s5_ind_10,S5,indirect,False,0,none,0
prompt_var_name,10,s6_rp_01,S6,roleplay,False,4,none,0
prompt_var_name,10,s6_rp_02,S6,roleplay,False,4,none,0
prompt_var_name,10,s6_rp_03,S6,roleplay,False,4,none,0
prompt_var_name,10,s6_rp_04,S6,roleplay,False,0,none,0
prompt_var_name,10,s6_rp_05,S6,roleplay,False,8,none,0
prompt_var_name,10,s6_rp_06,S6,roleplay,False,0,none,0
prompt_var_name,10,s6_rp_07,S6,roleplay,False,0,none,0
prompt_var_name,10,s6_rp_08,S6,roleplay,False,0,none,0
prompt_var_name,10,s6_enc_01,S6,encoding,False,4,none,0
prompt_var_name,10,s6_enc_02,S6,encoding,False,0,none,0
prompt_var_name,10,s6_enc_03,S6,encoding,False,4,none,0
prompt_var_name,10,s6_enc_04,S6,encoding,False,4,none,0
prompt_var_name,10,safe_01,SAFE,benign,False,0,none,0
prompt_var_name,10,safe_02,SAFE,benign,False,4,none,0
prompt_var_name,10,safe_03,SAFE,benign,False,4,none,0
prompt_var_name,10,safe_04,SAFE,benign,False,4,none,0
prompt_var_name,10,safe_05,SAFE,benign,False,0,none,0
prompt_var_name,10,safe_06,SAFE,benign,False,0,none,0
prompt_var_name,10,safe_07,SAFE,benign,False,4,none,0
prompt_var_name,10,safe_08,SAFE,benign,False,0,none,0
prompt_var_name,10,safe_09,SAFE,benign,False,0,none,0
prompt_var_name,10,safe_10,SAFE,benign,False,0,none,0
prompt_var_name,10,safe_11,SAFE,benign,False,0,none,0
prompt_var_name,10,safe_12,SAFE,benign,False,4,none,0
prompt_var_name,10,safe_13,SAFE,benign,False,0,none,0
prompt_var_name,10,safe_14,SAFE,benign,False,4,none,0
prompt_var_name,10,safe_15,SAFE,benign,False,0,none,0
prompt_var_name,10,safe_16,SAFE,benign,False,0,none,0
prompt_var_name,10,safe_17,SAFE,benign,False,4,none,0
prompt_var_name,10,safe_18,SAFE,benign,False,0,none,0
prompt_var_name,10,safe_19,SAFE,benign,False,0,none,0
prompt_var_name,10,safe_20,SAFE,benign,False,0,none,0
prompt_var_name,10,hn_p_01,SAFE,legit_prompt,True,8,none,0
prompt_var_name,10,hn_p_02,SAFE,legit_prompt,True,12,none,0
prompt_var_name,10,hn_p_03,SAFE,legit_prompt,True,4,none,0
prompt_var_name,10,hn_p_04,SAFE,legit_prompt,True,8,none,0
prompt_var_name,10,hn_p_05,SAFE,legit_prompt,True,12,none,0
prompt_var_name,10,hn_p_06,SAFE,legit_prompt,True,8,none,0
prompt_var_name,10,hn_p_07,SAFE,legit_prompt,True,8,none,0
prompt_var_name,10,hn_p_08,SAFE,legit_prompt,True,12,none,0
prompt_var_name,10,hn_d_01,SAFE,security_doc,False,0,none,0
prompt_var_name,10,hn_d_02,SAFE,security_doc,False,0,none,0
prompt_var_name,10,hn_d_03,SAFE,security_doc,False,0,none,0
prompt_var_name,10,hn_d_04,SAFE,security_doc,False,4,none,0
prompt_var_name,10,hn_d_05,SAFE,security_doc,False,0,none,0
prompt_var_name,10,hn_d_06,SAFE,security_doc,False,0,none,0
prompt_var_name,10,hn_d_07,SAFE,security_doc,False,4,none,0
prompt_var_name,10,hn_d_08,SAFE,security_doc,False,0,none,0
prompt_var_name,10,hn_t_01,SAFE,benign_template,True,6,none,0
prompt_var_name,10,hn_t_02,SAFE,benign_template,True,6,none,0
prompt_var_name,10,hn_t_03,SAFE,benign_template,True,6,none,0
prompt_var_name,10,hn_t_04,SAFE,benign_template,True,14,none,0
prompt_var_name,15,s5_imp_01,S5,imperative,False,0,none,0
prompt_var_name,15,s5_imp_02,S5,imperative,False,0,none,0
prompt_var_name,15,s5_imp_03,S5,imperative,False,4,none,0
prompt_var_name,15,s5_imp_04,S5,imperative,False,0,none,0
prompt_var_name,15,s5_imp_05,S5,imperative,False,0,none,0
prompt_var_name,15,s5_imp_06,S5,imperative,False,0,none,0
prompt_var_name,15,s5_imp_07,S5,imperative,False,0,none,0
prompt_var_name,15,s5_imp_08,S5,imperative,False,0,none,0
prompt_var_name,15,s5_imp_09,S5,imperative,False,4,none,0
prompt_var_name,15,s5_imp_10,S5,imperative,False,0,none,0
prompt_var_name,15,s5_imp_11,S5,imperative,False,0,none,0
prompt_var_name,15,s5_imp_12,S5,imperative,False,0,none,0
prompt_var_name,15,s5_imp_13,S5,imperative,False,0,none,0
prompt_var_name,15,s5_imp_14,S5,imperative,False,8,none,0
prompt_var_name,15,s5_imp_15,S5,imperative,False,0,none,0
prompt_var_name,15,s5_dec_01,S5,declarative,False,0,none,0
prompt_var_name,15,s5_dec_02,S5,declarative,False,0,none,0
prompt_var_name,15,s5_dec_03,S5,declarative,False,0,none,0
prompt_var_name,15,s5_dec_04,S5,declarative,False,0,none,0
prompt_var_name,15,s5_dec_05,S5,declarative,False,4,none,0
prompt_var_name,15,s5_dec_06,S5,declarative,False,0,none,0
prompt_var_name,15,s5_dec_07,S5,declarative,False,0,none,0
prompt_var_name,15,s5_dec_08,S5,declarative,False,0,none,0
prompt_var_name,15,s5_dec_09,S5,declarative,False,0,none,0
prompt_var_name,15,s5_dec_10,S5,declarative,False,0,none,0
prompt_var_name,15,s5_dec_11,S5,declarative,False,0,none,0
prompt_var_name,15,s5_dec_12,S5,declarative,False,0,none,0
prompt_var_name,15,s5_dec_13,S5,declarative,False,0,none,0
prompt_var_name,15,s5_dec_14,S5,declarative,False,0,none,0
prompt_var_name,15,s5_ind_01,S5,indirect,False,0,none,0
prompt_var_name,15,s5_ind_02,S5,indirect,False,0,none,0
prompt_var_name,15,s5_ind_03,S5,indirect,False,0,none,0
prompt_var_name,15,s5_ind_04,S5,indirect,False,0,none,0
prompt_var_name,15,s5_ind_05,S5,indirect,False,0,none,0
prompt_var_name,15,s5_ind_06,S5,indirect,False,0,none,0
prompt_var_name,15,s5_ind_07,S5,indirect,False,0,none,0
prompt_var_name,15,s5_ind_08,S5,indirect,False,0,none,0
prompt_var_name,15,s5_ind_09,S5,indirect,False,0,none,0
prompt_var_name,15,s5_ind_10,S5,indirect,False,0,none,0
prompt_var_name,15,s6_rp_01,S6,roleplay,False,4,none,0
prompt_var_name,15,s6_rp_02,S6,roleplay,False,4,none,0
prompt_var_name,15,s6_rp_03,S6,roleplay,False,4,none,0
prompt_var_name,15,s6_rp_04,S6,roleplay,False,0,none,0
prompt_var_name,15,s6_rp_05,S6,roleplay,False,8,none,0
prompt_var_name,15,s6_rp_06,S6,roleplay,False,0,none,0
prompt_var_name,15,s6_rp_07,S6,roleplay,False,0,none,0
prompt_var_name,15,s6_rp_08,S6,roleplay,False,0,none,0
prompt_var_name,15,s6_enc_01,S6,encoding,False,4,none,0
prompt_var_name,15,s6_enc_02,S6,encoding,False,0,none,0
prompt_var_name,15,s6_enc_03,S6,encoding,False,4,none,0
prompt_var_name,15,s6_enc_04,S6,encoding,False,4,none,0
prompt_var_name,15,safe_01,SAFE,benign,False,0,none,0
prompt_var_name,15,safe_02,SAFE,benign,False,4,none,0
prompt_var_name,15,safe_03,SAFE,benign,False,4,none,0
prompt_var_name,15,safe_04,SAFE,benign,False,4,none,0
prompt_var_name,15,safe_05,SAFE,benign,False,0,none,0
prompt_var_name,15,safe_06,SAFE,benign,False,0,none,0
prompt_var_name,15,safe_07,SAFE,benign,False,4,none,0
prompt_var_name,15,safe_08,SAFE,benign,False,0,none,0
prompt_var_name,15,safe_09,SAFE,benign,False,0,none,0
prompt_var_name,15,safe_10,SAFE,benign,False,0,none,0
prompt_var_name,15,safe_11,SAFE,benign,False,0,none,0
prompt_var_name,15,safe_12,SAFE,benign,False,4,none,0
prompt_var_name,15,safe_13,SAFE,benign,False,0,none,0
prompt_var_name,15,safe_14,SAFE,benign,False,4,none,0
prompt_var_name,15,safe_15,SAFE,benign,False,0,none,0
prompt_var_name,15,safe_16,SAFE,benign,False,0,none,0
prompt_var_name,15,safe_17,SAFE,benign,False,4,none,0
prompt_var_name,15,safe_18,SAFE,benign,False,0,none,0
prompt_var_name,15,safe_19,SAFE,benign,False,0,none,0
prompt_var_name,15,safe_20,SAFE,benign,False,0,none,0
prompt_var_name,15,hn_p_01,SAFE,legit_prompt,True,8,none,0
prompt_var_name,15,hn_p_02,SAFE,legit_prompt,True,12,none,0
prompt_var_name,15,hn_p_03,SAFE,legit_prompt,True,4,none,0
prompt_var_name,15,hn_p_04,SAFE,legit_prompt,True,8,none,0
prompt_var_name,15,hn_p_05,SAFE,legit_prompt,True,12,none,0
prompt_var_name,15,hn_p_06,SAFE,legit_prompt,True,8,none,0
prompt_var_name,15,hn_p_07,SAFE,legit_prompt,True,8,none,0
prompt_var_name,15,hn_p_08,SAFE,legit_prompt,True,12,none,0
prompt_var_name,15,hn_d_01,SAFE,security_doc,False,0,none,0
prompt_var_name,15,hn_d_02,SAFE,security_doc,False,0,none,0
prompt_var_name,15,hn_d_03,SAFE,security_doc,False,0,none,0
prompt_var_name,15,hn_d_04,SAFE,security_doc,False,4,none,0
prompt_var_name,15,hn_d_05,SAFE,security_doc,False,0,none,0
prompt_var_name,15,hn_d_06,SAFE,security_doc,False,0,none,0
prompt_var_name,15,hn_d_07,SAFE,security_doc,False,4,none,0
prompt_var_name,15,hn_d_08,SAFE,security_doc,False,0,none,0
prompt_var_name,15,hn_t_01,SAFE,benign_template,True,6,none,0
prompt_var_name,15,hn_t_02,SAFE,benign_template,True,6,none,0
prompt_var_name,15,hn_t_03,SAFE,benign_template,True,6,none,0
prompt_var_name,15,hn_t_04,SAFE,benign_template,True,14,none,0
prompt_var_name,20,s5_imp_01,S5,imperative,False,0,none,0
prompt_var_name,20,s5_imp_02,S5,imperative,False,0,none,0
prompt_var_name,20,s5_imp_03,S5,imperative,False,4,none,0
prompt_var_name,20,s5_imp_04,S5,imperative,False,0,none,0
prompt_var_name,20,s5_imp_05,S5,imperative,False,0,none,0
prompt_var_name,20,s5_imp_06,S5,imperative,False,0,none,0
prompt_var_name,20,s5_imp_07,S5,imperative,False,0,none,0
prompt_var_name,20,s5_imp_08,S5,imperative,False,0,none,0
prompt_var_name,20,s5_imp_09,S5,imperative,False,4,none,0
prompt_var_name,20,s5_imp_10,S5,imperative,False,0,none,0
prompt_var_name,20,s5_imp_11,S5,imperative,False,0,none,0
prompt_var_name,20,s5_imp_12,S5,imperative,False,0,none,0
prompt_var_name,20,s5_imp_13,S5,imperative,False,0,none,0
prompt_var_name,20,s5_imp_14,S5,imperative,False,8,none,0
prompt_var_name,20,s5_imp_15,S5,imperative,False,0,none,0
prompt_var_name,20,s5_dec_01,S5,declarative,False,0,none,0
prompt_var_name,20,s5_dec_02,S5,declarative,False,0,none,0
prompt_var_name,20,s5_dec_03,S5,declarative,False,0,none,0
prompt_var_name,20,s5_dec_04,S5,declarative,False,0,none,0
prompt_var_name,20,s5_dec_05,S5,declarative,False,4,none,0
prompt_var_name,20,s5_dec_06,S5,declarative,False,0,none,0
prompt_var_name,20,s5_dec_07,S5,declarative,False,0,none,0
prompt_var_name,20,s5_dec_08,S5,declarative,False,0,none,0
prompt_var_name,20,s5_dec_09,S5,declarative,False,0,none,0
prompt_var_name,20,s5_dec_10,S5,declarative,False,0,none,0
prompt_var_name,20,s5_dec_11,S5,declarative,False,0,none,0
prompt_var_name,20,s5_dec_12,S5,declarative,False,0,none,0
prompt_var_name,20,s5_dec_13,S5,declarative,False,0,none,0
prompt_var_name,20,s5_dec_14,S5,declarative,False,0,none,0
prompt_var_name,20,s5_ind_01,S5,indirect,False,0,none,0
prompt_var_name,20,s5_ind_02,S5,indirect,False,0,none,0
prompt_var_name,20,s5_ind_03,S5,indirect,False,0,none,0
prompt_var_name,20,s5_ind_04,S5,indirect,False,0,none,0
prompt_var_name,20,s5_ind_05,S5,indirect,False,0,none,0
prompt_var_name,20,s5_ind_06,S5,indirect,False,0,none,0
prompt_var_name,20,s5_ind_07,S5,indirect,False,0,none,0
prompt_var_name,20,s5_ind_08,S5,indirect,False,0,none,0
prompt_var_name,20,s5_ind_09,S5,indirect,False,0,none,0
prompt_var_name,20,s5_ind_10,S5,indirect,False,0,none,0
prompt_var_name,20,s6_rp_01,S6,roleplay,False,4,none,0
prompt_var_name,20,s6_rp_02,S6,roleplay,False,4,none,0
prompt_var_name,20,s6_rp_03,S6,roleplay,False,4,none,0
prompt_var_name,20,s6_rp_04,S6,roleplay,False,0,none,0
prompt_var_name,20,s6_rp_05,S6,roleplay,False,8,none,0
prompt_var_name,20,s6_rp_06,S6,roleplay,False,0,none,0
prompt_var_name,20,s6_rp_07,S6,roleplay,False,0,none,0
prompt_var_name,20,s6_rp_08,S6,roleplay,False,0,none,0
prompt_var_name,20,s6_enc_01,S6,encoding,False,4,none,0
prompt_var_name,20,s6_enc_02,S6,encoding,False,0,none,0
prompt_var_name,20,s6_enc_03,S6,encoding,False,4,none,0
prompt_var_name,20,s6_enc_04,S6,encoding,False,4,none,0
prompt_var_name,20,safe_01,SAFE,benign,False,0,none,0
prompt_var_name,20,safe_02,SAFE,benign,False,4,none,0
prompt_var_name,20,safe_03,SAFE,benign,False,4,none,0
prompt_var_name,20,safe_04,SAFE,benign,False,4,none,0
prompt_var_name,20,safe_05,SAFE,benign,False,0,none,0
prompt_var_name,20,safe_06,SAFE,benign,False,0,none,0
prompt_var_name,20,safe_07,SAFE,benign,False,4,none,0
prompt_var_name,20,safe_08,SAFE,benign,False,0,none,0
prompt_var_name,20,safe_09,SAFE,benign,False,0,none,0
prompt_var_name,20,safe_10,SAFE,benign,False,0,none,0
prompt_var_name,20,safe_11,SAFE,benign,False,0,none,0
prompt_var_name,20,safe_12,SAFE,benign,False,4,none,0
prompt_var_name,20,safe_13,SAFE,benign,False,0,none,0
prompt_var_name,20,safe_14,SAFE,benign,False,4,none,0
prompt_var_name,20,safe_15,SAFE,benign,False,0,none,0
prompt_var_name,20,safe_16,SAFE,benign,False,0,none,0
prompt_var_name,20,safe_17,SAFE,benign,False,4,none,0
prompt_var_name,20,safe_18,SAFE,benign,False,0,none,0
prompt_var_name,20,safe_19,SAFE,benign,False,0,none,0
prompt_var_name,20,safe_20,SAFE,benign,False,0,none,0
prompt_var_name,20,hn_p_01,SAFE,legit_prompt,True,8,none,0
prompt_var_name,20,hn_p_02,SAFE,legit_prompt,True,12,none,0
prompt_var_name,20,hn_p_03,SAFE,legit_prompt,True,4,none,0
prompt_var_name,20,hn_p_04,SAFE,legit_prompt,True,8,none,0
prompt_var_name,20,hn_p_05,SAFE,legit_prompt,True,12,none,0
prompt_var_name,20,hn_p_06,SAFE,legit_prompt,True,8,none,0
prompt_var_name,20,hn_p_07,SAFE,legit_prompt,True,8,none,0
prompt_var_name,20,hn_p_08,SAFE,legit_prompt,True,12,none,0
prompt_var_name,20,hn_d_01,SAFE,security_doc,False,0,none,0
prompt_var_name,20,hn_d_02,SAFE,security_doc,False,0,none,0
prompt_var_name,20,hn_d_03,SAFE,security_doc,False,0,none,0
prompt_var_name,20,hn_d_04,SAFE,security_doc,False,4,none,0
prompt_var_name,20,hn_d_05,SAFE,security_doc,False,0,none,0
prompt_var_name,20,hn_d_06,SAFE,security_doc,False,0,none,0
prompt_var_name,20,hn_d_07,SAFE,security_doc,False,4,none,0
prompt_var_name,20,hn_d_08,SAFE,security_doc,False,0,none,0
prompt_var_name,20,hn_t_01,SAFE,benign_template,True,6,none,0
prompt_var_name,20,hn_t_02,SAFE,benign_template,True,6,none,0
prompt_var_name,20,hn_t_03,SAFE,benign_template,True,6,none,0
prompt_var_name,20,hn_t_04,SAFE,benign_template,True,14,none,0
prompt_var_name,25,s5_imp_01,S5,imperative,False,0,none,0
prompt_var_name,25,s5_imp_02,S5,imperative,False,0,none,0
prompt_var_name,25,s5_imp_03,S5,imperative,False,4,none,0
prompt_var_name,25,s5_imp_04,S5,imperative,False,0,none,0
prompt_var_name,25,s5_imp_05,S5,imperative,False,0,none,0
prompt_var_name,25,s5_imp_06,S5,imperative,False,0,none,0
prompt_var_name,25,s5_imp_07,S5,imperative,False,0,none,0
prompt_var_name,25,s5_imp_08,S5,imperative,False,0,none,0
prompt_var_name,25,s5_imp_09,S5,imperative,False,4,none,0
prompt_var_name,25,s5_imp_10,S5,imperative,False,0,none,0
prompt_var_name,25,s5_imp_11,S5,imperative,False,0,none,0
prompt_var_name,25,s5_imp_12,S5,imperative,False,0,none,0
prompt_var_name,25,s5_imp_13,S5,imperative,False,0,none,0
prompt_var_name,25,s5_imp_14,S5,imperative,False,8,none,0
prompt_var_name,25,s5_imp_15,S5,imperative,False,0,none,0
prompt_var_name,25,s5_dec_01,S5,declarative,False,0,none,0
prompt_var_name,25,s5_dec_02,S5,declarative,False,0,none,0
prompt_var_name,25,s5_dec_03,S5,declarative,False,0,none,0
prompt_var_name,25,s5_dec_04,S5,declarative,False,0,none,0
prompt_var_name,25,s5_dec_05,S5,declarative,False,4,none,0
prompt_var_name,25,s5_dec_06,S5,declarative,False,0,none,0
prompt_var_name,25,s5_dec_07,S5,declarative,False,0,none,0
prompt_var_name,25,s5_dec_08,S5,declarative,False,0,none,0
prompt_var_name,25,s5_dec_09,S5,declarative,False,0,none,0
prompt_var_name,25,s5_dec_10,S5,declarative,False,0,none,0
prompt_var_name,25,s5_dec_11,S5,declarative,False,0,none,0
prompt_var_name,25,s5_dec_12,S5,declarative,False,0,none,0
prompt_var_name,25,s5_dec_13,S5,declarative,False,0,none,0
prompt_var_name,25,s5_dec_14,S5,declarative,False,0,none,0
prompt_var_name,25,s5_ind_01,S5,indirect,False,0,none,0
prompt_var_name,25,s5_ind_02,S5,indirect,False,0,none,0
prompt_var_name,25,s5_ind_03,S5,indirect,False,0,none,0
prompt_var_name,25,s5_ind_04,S5,indirect,False,0,none,0
prompt_var_name,25,s5_ind_05,S5,indirect,False,0,none,0
prompt_var_name,25,s5_ind_06,S5,indirect,False,0,none,0
prompt_var_name,25,s5_ind_07,S5,indirect,False,0,none,0
prompt_var_name,25,s5_ind_08,S5,indirect,False,0,none,0
prompt_var_name,25,s5_ind_09,S5,indirect,False,0,none,0
prompt_var_name,25,s5_ind_10,S5,indirect,False,0,none,0
prompt_var_name,25,s6_rp_01,S6,roleplay,False,4,none,0
prompt_var_name,25,s6_rp_02,S6,roleplay,False,4,none,0
prompt_var_name,25,s6_rp_03,S6,roleplay,False,4,none,0
prompt_var_name,25,s6_rp_04,S6,roleplay,False,0,none,0
prompt_var_name,25,s6_rp_05,S6,roleplay,False,8,none,0
prompt_var_name,25,s6_rp_06,S6,roleplay,False,0,none,0
prompt_var_name,25,s6_rp_07,S6,roleplay,False,0,none,0
prompt_var_name,25,s6_rp_08,S6,roleplay,False,0,none,0
prompt_var_name,25,s6_enc_01,S6,encoding,False,4,none,0
prompt_var_name,25,s6_enc_02,S6,encoding,False,0,none,0
prompt_var_name,25,s6_enc_03,S6,encoding,False,4,none,0
prompt_var_name,25,s6_enc_04,S6,encoding,False,4,none,0
prompt_var_name,25,safe_01,SAFE,benign,False,0,none,0
prompt_var_name,25,safe_02,SAFE,benign,False,4,none,0
prompt_var_name,25,safe_03,SAFE,benign,False,4,none,0
prompt_var_name,25,safe_04,SAFE,benign,False,4,none,0
prompt_var_name,25,safe_05,SAFE,benign,False,0,none,0
prompt_var_name,25,safe_06,SAFE,benign,False,0,none,0
prompt_var_name,25,safe_07,SAFE,benign,False,4,none,0
prompt_var_name,25,safe_08,SAFE,benign,False,0,none,0
prompt_var_name,25,safe_09,SAFE,benign,False,0,none,0
prompt_var_name,25,safe_10,SAFE,benign,False,0,none,0
prompt_var_name,25,safe_11,SAFE,benign,False,0,none,0
prompt_var_name,25,safe_12,SAFE,benign,False,4,none,0
prompt_var_name,25,safe_13,SAFE,benign,False,0,none,0
prompt_var_name,25,safe_14,SAFE,benign,False,4,none,0
prompt_var_name,25,safe_15,SAFE,benign,False,0,none,0
prompt_var_name,25,safe_16,SAFE,benign,False,0,none,0
prompt_var_name,25,safe_17,SAFE,benign,False,4,none,0
prompt_var_name,25,safe_18,SAFE,benign,False,0,none,0
prompt_var_name,25,safe_19,SAFE,benign,False,0,none,0
prompt_var_name,25,safe_20,SAFE,benign,False,0,none,0
prompt_var_name,25,hn_p_01,SAFE,legit_prompt,True,8,none,0
prompt_var_name,25,hn_p_02,SAFE,legit_prompt,True,12,none,0
prompt_var_name,25,hn_p_03,SAFE,legit_prompt,True,4,none,0
prompt_var_name,25,hn_p_04,SAFE,legit_prompt,True,8,none,0
prompt_var_name,25,hn_p_05,SAFE,legit_prompt,True,12,none,0
prompt_var_name,25,hn_p_06,SAFE,legit_prompt,True,8,none,0
prompt_var_name,25,hn_p_07,SAFE,legit_prompt,True,8,none,0
prompt_var_name,25,hn_p_08,SAFE,legit_prompt,True,12,none,0
prompt_var_name,25,hn_d_01,SAFE,security_doc,False,0,none,0
prompt_var_name,25,hn_d_02,SAFE,security_doc,False,0,none,0
prompt_var_name,25,hn_d_03,SAFE,security_doc,False,0,none,0
prompt_var_name,25,hn_d_04,SAFE,security_doc,False,4,none,0
prompt_var_name,25,hn_d_05,SAFE,security_doc,False,0,none,0
prompt_var_name,25,hn_d_06,SAFE,security_doc,False,0,none,0
prompt_var_name,25,hn_d_07,SAFE,security_doc,False,4,none,0
prompt_var_name,25,hn_d_08,SAFE,security_doc,False,0,none,0
prompt_var_name,25,hn_t_01,SAFE,benign_template,True,6,none,0
prompt_var_name,25,hn_t_02,SAFE,benign_template,True,6,none,0
prompt_var_name,25,hn_t_03,SAFE,benign_template,True,6,none,0
prompt_var_name,25,hn_t_04,SAFE,benign_template,True,14,none,0
prompt_var_name,30,s5_imp_01,S5,imperative,False,0,none,0
prompt_var_name,30,s5_imp_02,S5,imperative,False,0,none,0
prompt_var_name,30,s5_imp_03,S5,imperative,False,4,none,0
prompt_var_name,30,s5_imp_04,S5,imperative,False,0,none,0
prompt_var_name,30,s5_imp_05,S5,imperative,False,0,none,0
prompt_var_name,30,s5_imp_06,S5,imperative,False,0,none,0
prompt_var_name,30,s5_imp_07,S5,imperative,False,0,none,0
prompt_var_name,30,s5_imp_08,S5,imperative,False,0,none,0
prompt_var_name,30,s5_imp_09,S5,imperative,False,4,none,0
prompt_var_name,30,s5_imp_10,S5,imperative,False,0,none,0
prompt_var_name,30,s5_imp_11,S5,imperative,False,0,none,0
prompt_var_name,30,s5_imp_12,S5,imperative,False,0,none,0
prompt_var_name,30,s5_imp_13,S5,imperative,False,0,none,0
prompt_var_name,30,s5_imp_14,S5,imperative,False,8,none,0
prompt_var_name,30,s5_imp_15,S5,imperative,False,0,none,0
prompt_var_name,30,s5_dec_01,S5,declarative,False,0,none,0
prompt_var_name,30,s5_dec_02,S5,declarative,False,0,none,0
prompt_var_name,30,s5_dec_03,S5,declarative,False,0,none,0
prompt_var_name,30,s5_dec_04,S5,declarative,False,0,none,0
prompt_var_name,30,s5_dec_05,S5,declarative,False,4,none,0
prompt_var_name,30,s5_dec_06,S5,declarative,False,0,none,0
prompt_var_name,30,s5_dec_07,S5,declarative,False,0,none,0
prompt_var_name,30,s5_dec_08,S5,declarative,False,0,none,0
prompt_var_name,30,s5_dec_09,S5,declarative,False,0,none,0
prompt_var_name,30,s5_dec_10,S5,declarative,False,0,none,0
prompt_var_name,30,s5_dec_11,S5,declarative,False,0,none,0
prompt_var_name,30,s5_dec_12,S5,declarative,False,0,none,0
prompt_var_name,30,s5_dec_13,S5,declarative,False,0,none,0
prompt_var_name,30,s5_dec_14,S5,declarative,False,0,none,0
prompt_var_name,30,s5_ind_01,S5,indirect,False,0,none,0
prompt_var_name,30,s5_ind_02,S5,indirect,False,0,none,0
prompt_var_name,30,s5_ind_03,S5,indirect,False,0,none,0
prompt_var_name,30,s5_ind_04,S5,indirect,False,0,none,0
prompt_var_name,30,s5_ind_05,S5,indirect,False,0,none,0
prompt_var_name,30,s5_ind_06,S5,indirect,False,0,none,0
prompt_var_name,30,s5_ind_07,S5,indirect,False,0,none,0
prompt_var_name,30,s5_ind_08,S5,indirect,False,0,none,0
prompt_var_name,30,s5_ind_09,S5,indirect,False,0,none,0
prompt_var_name,30,s5_ind_10,S5,indirect,False,0,none,0
prompt_var_name,30,s6_rp_01,S6,roleplay,False,4,none,0
prompt_var_name,30,s6_rp_02,S6,roleplay,False,4,none,0
prompt_var_name,30,s6_rp_03,S6,roleplay,False,4,none,0
prompt_var_name,30,s6_rp_04,S6,roleplay,False,0,none,0
prompt_var_name,30,s6_rp_05,S6,roleplay,False,8,none,0
prompt_var_name,30,s6_rp_06,S6,roleplay,False,0,none,0
prompt_var_name,30,s6_rp_07,S6,roleplay,False,0,none,0
prompt_var_name,30,s6_rp_08,S6,roleplay,False,0,none,0
prompt_var_name,30,s6_enc_01,S6,encoding,False,4,none,0
prompt_var_name,30,s6_enc_02,S6,encoding,False,0,none,0
prompt_var_name,30,s6_enc_03,S6,encoding,False,4,none,0
prompt_var_name,30,s6_enc_04,S6,encoding,False,4,none,0
prompt_var_name,30,safe_01,SAFE,benign,False,0,none,0
prompt_var_name,30,safe_02,SAFE,benign,False,4,none,0
prompt_var_name,30,safe_03,SAFE,benign,False,4,none,0
prompt_var_name,30,safe_04,SAFE,benign,False,4,none,0
prompt_var_name,30,safe_05,SAFE,benign,False,0,none,0
prompt_var_name,30,safe_06,SAFE,benign,False,0,none,0
prompt_var_name,30,safe_07,SAFE,benign,False,4,none,0
prompt_var_name,30,safe_08,SAFE,benign,False,0,none,0
prompt_var_name,30,safe_09,SAFE,benign,False,0,none,0
prompt_var_name,30,safe_10,SAFE,benign,False,0,none,0
prompt_var_name,30,safe_11,SAFE,benign,False,0,none,0
prompt_var_name,30,safe_12,SAFE,benign,False,4,none,0
prompt_var_name,30,safe_13,SAFE,benign,False,0,none,0
prompt_var_name,30,safe_14,SAFE,benign,False,4,none,0
prompt_var_name,30,safe_15,SAFE,benign,False,0,none,0
prompt_var_name,30,safe_16,SAFE,benign,False,0,none,0
prompt_var_name,30,safe_17,SAFE,benign,False,4,none,0
prompt_var_name,30,safe_18,SAFE,benign,False,0,none,0
prompt_var_name,30,safe_19,SAFE,benign,False,0,none,0
prompt_var_name,30,safe_20,SAFE,benign,False,0,none,0
prompt_var_name,30,hn_p_01,SAFE,legit_prompt,True,8,none,0
prompt_var_name,30,hn_p_02,SAFE,legit_prompt,True,12,none,0
prompt_var_name,30,hn_p_03,SAFE,legit_prompt,True,4,none,0
prompt_var_name,30,hn_p_04,SAFE,legit_prompt,True,8,none,0
prompt_var_name,30,hn_p_05,SAFE,legit_prompt,True,12,none,0
prompt_var_name,30,hn_p_06,SAFE,legit_prompt,True,8,none,0
prompt_var_name,30,hn_p_07,SAFE,legit_prompt,True,8,none,0
prompt_var_name,30,hn_p_08,SAFE,legit_prompt,True,12,none,0
prompt_var_name,30,hn_d_01,SAFE,security_doc,False,0,none,0
prompt_var_name,30,hn_d_02,SAFE,security_doc,False,0,none,0
prompt_var_name,30,hn_d_03,SAFE,security_doc,False,0,none,0
prompt_var_name,30,hn_d_04,SAFE,security_doc,False,4,none,0
prompt_var_name,30,hn_d_05,SAFE,security_doc,False,0,none,0
prompt_var_name,30,hn_d_06,SAFE,security_doc,False,0,none,0
prompt_var_name,30,hn_d_07,SAFE,security_doc,False,4,none,0
prompt_var_name,30,hn_d_08,SAFE,security_doc,False,0,none,0
prompt_var_name,30,hn_t_01,SAFE,benign_template,True,6,none,0
prompt_var_name,30,hn_t_02,SAFE,benign_template,True,6,none,0
prompt_var_name,30,hn_t_03,SAFE,benign_template,True,6,none,0
prompt_var_name,30,hn_t_04,SAFE,benign_template,True,14,none,0
prompt_var_name,35,s5_imp_01,S5,imperative,False,0,none,0
prompt_var_name,35,s5_imp_02,S5,imperative,False,0,none,0
prompt_var_name,35,s5_imp_03,S5,imperative,False,4,none,0
prompt_var_name,35,s5_imp_04,S5,imperative,False,0,none,0
prompt_var_name,35,s5_imp_05,S5,imperative,False,0,none,0
prompt_var_name,35,s5_imp_06,S5,imperative,False,0,none,0
prompt_var_name,35,s5_imp_07,S5,imperative,False,0,none,0
prompt_var_name,35,s5_imp_08,S5,imperative,False,0,none,0
prompt_var_name,35,s5_imp_09,S5,imperative,False,4,none,0
prompt_var_name,35,s5_imp_10,S5,imperative,False,0,none,0
prompt_var_name,35,s5_imp_11,S5,imperative,False,0,none,0
prompt_var_name,35,s5_imp_12,S5,imperative,False,0,none,0
prompt_var_name,35,s5_imp_13,S5,imperative,False,0,none,0
prompt_var_name,35,s5_imp_14,S5,imperative,False,8,none,0
prompt_var_name,35,s5_imp_15,S5,imperative,False,0,none,0
prompt_var_name,35,s5_dec_01,S5,declarative,False,0,none,0
prompt_var_name,35,s5_dec_02,S5,declarative,False,0,none,0
prompt_var_name,35,s5_dec_03,S5,declarative,False,0,none,0
prompt_var_name,35,s5_dec_04,S5,declarative,False,0,none,0
prompt_var_name,35,s5_dec_05,S5,declarative,False,4,none,0
prompt_var_name,35,s5_dec_06,S5,declarative,False,0,none,0
prompt_var_name,35,s5_dec_07,S5,declarative,False,0,none,0
prompt_var_name,35,s5_dec_08,S5,declarative,False,0,none,0
prompt_var_name,35,s5_dec_09,S5,declarative,False,0,none,0
prompt_var_name,35,s5_dec_10,S5,declarative,False,0,none,0
prompt_var_name,35,s5_dec_11,S5,declarative,False,0,none,0
prompt_var_name,35,s5_dec_12,S5,declarative,False,0,none,0
prompt_var_name,35,s5_dec_13,S5,declarative,False,0,none,0
prompt_var_name,35,s5_dec_14,S5,declarative,False,0,none,0
prompt_var_name,35,s5_ind_01,S5,indirect,False,0,none,0
prompt_var_name,35,s5_ind_02,S5,indirect,False,0,none,0
prompt_var_name,35,s5_ind_03,S5,indirect,False,0,none,0
prompt_var_name,35,s5_ind_04,S5,indirect,False,0,none,0
prompt_var_name,35,s5_ind_05,S5,indirect,False,0,none,0
prompt_var_name,35,s5_ind_06,S5,indirect,False,0,none,0
prompt_var_name,35,s5_ind_07,S5,indirect,False,0,none,0
prompt_var_name,35,s5_ind_08,S5,indirect,False,0,none,0
prompt_var_name,35,s5_ind_09,S5,indirect,False,0,none,0
prompt_var_name,35,s5_ind_10,S5,indirect,False,0,none,0
prompt_var_name,35,s6_rp_01,S6,roleplay,False,4,none,0
prompt_var_name,35,s6_rp_02,S6,roleplay,False,4,none,0
prompt_var_name,35,s6_rp_03,S6,roleplay,False,4,none,0
prompt_var_name,35,s6_rp_04,S6,roleplay,False,0,none,0
prompt_var_name,35,s6_rp_05,S6,roleplay,False,8,none,0
prompt_var_name,35,s6_rp_06,S6,roleplay,False,0,none,0
prompt_var_name,35,s6_rp_07,S6,roleplay,False,0,none,0
prompt_var_name,35,s6_rp_08,S6,roleplay,False,0,none,0
prompt_var_name,35,s6_enc_01,S6,encoding,False,4,none,0
prompt_var_name,35,s6_enc_02,S6,encoding,False,0,none,0
prompt_var_name,35,s6_enc_03,S6,encoding,False,4,none,0
prompt_var_name,35,s6_enc_04,S6,encoding,False,4,none,0
prompt_var_name,35,safe_01,SAFE,benign,False,0,none,0
prompt_var_name,35,safe_02,SAFE,benign,False,4,none,0
prompt_var_name,35,safe_03,SAFE,benign,False,4,none,0
prompt_var_name,35,safe_04,SAFE,benign,False,4,none,0
prompt_var_name,35,safe_05,SAFE,benign,False,0,none,0
prompt_var_name,35,safe_06,SAFE,benign,False,0,none,0
prompt_var_name,35,safe_07,SAFE,benign,False,4,none,0
prompt_var_name,35,safe_08,SAFE,benign,False,0,none,0
prompt_var_name,35,safe_09,SAFE,benign,False,0,none,0
prompt_var_name,35,safe_10,SAFE,benign,False,0,none,0
prompt_var_name,35,safe_11,SAFE,benign,False,0,none,0
prompt_var_name,35,safe_12,SAFE,benign,False,4,none,0
prompt_var_name,35,safe_13,SAFE,benign,False,0,none,0
prompt_var_name,35,safe_14,SAFE,benign,False,4,none,0
prompt_var_name,35,safe_15,SAFE,benign,False,0,none,0
prompt_var_name,35,safe_16,SAFE,benign,False,0,none,0
prompt_var_name,35,safe_17,SAFE,benign,False,4,none,0
prompt_var_name,35,safe_18,SAFE,benign,False,0,none,0
prompt_var_name,35,safe_19,SAFE,benign,False,0,none,0
prompt_var_name,35,safe_20,SAFE,benign,False,0,none,0
prompt_var_name,35,hn_p_01,SAFE,legit_prompt,True,8,none,0
prompt_var_name,35,hn_p_02,SAFE,legit_prompt,True,12,none,0
prompt_var_name,35,hn_p_03,SAFE,legit_prompt,True,4,none,0
prompt_var_name,35,hn_p_04,SAFE,legit_prompt,True,8,none,0
prompt_var_name,35,hn_p_05,SAFE,legit_prompt,True,12,none,0
prompt_var_name,35,hn_p_06,SAFE,legit_prompt,True,8,none,0
prompt_var_name,35,hn_p_07,SAFE,legit_prompt,True,8,none,0
prompt_var_name,35,hn_p_08,SAFE,legit_prompt,True,12,none,0
prompt_var_name,35,hn_d_01,SAFE,security_doc,False,0,none,0
prompt_var_name,35,hn_d_02,SAFE,security_doc,False,0,none,0
prompt_var_name,35,hn_d_03,SAFE,security_doc,False,0,none,0
prompt_var_name,35,hn_d_04,SAFE,security_doc,False,4,none,0
prompt_var_name,35,hn_d_05,SAFE,security_doc,False,0,none,0
prompt_var_name,35,hn_d_06,SAFE,security_doc,False,0,none,0
prompt_var_name,35,hn_d_07,SAFE,security_doc,False,4,none,0
prompt_var_name,35,hn_d_08,SAFE,security_doc,False,0,none,0
prompt_var_name,35,hn_t_01,SAFE,benign_template,True,6,none,0
prompt_var_name,35,hn_t_02,SAFE,benign_template,True,6,none,0
prompt_var_name,35,hn_t_03,SAFE,benign_template,True,6,none,0
prompt_var_name,35,hn_t_04,SAFE,benign_template,True,14,none,0
prompt_var_name,40,s5_imp_01,S5,imperative,False,0,none,0
prompt_var_name,40,s5_imp_02,S5,imperative,False,0,none,0
prompt_var_name,40,s5_imp_03,S5,imperative,False,4,none,0
prompt_var_name,40,s5_imp_04,S5,imperative,False,0,none,0
prompt_var_name,40,s5_imp_05,S5,imperative,False,0,none,0
prompt_var_name,40,s5_imp_06,S5,imperative,False,0,none,0
prompt_var_name,40,s5_imp_07,S5,imperative,False,0,none,0
prompt_var_name,40,s5_imp_08,S5,imperative,False,0,none,0
prompt_var_name,40,s5_imp_09,S5,imperative,False,4,none,0
prompt_var_name,40,s5_imp_10,S5,imperative,False,0,none,0
prompt_var_name,40,s5_imp_11,S5,imperative,False,0,none,0
prompt_var_name,40,s5_imp_12,S5,imperative,False,0,none,0
prompt_var_name,40,s5_imp_13,S5,imperative,False,0,none,0
prompt_var_name,40,s5_imp_14,S5,imperative,False,8,none,0
prompt_var_name,40,s5_imp_15,S5,imperative,False,0,none,0
prompt_var_name,40,s5_dec_01,S5,declarative,False,0,none,0
prompt_var_name,40,s5_dec_02,S5,declarative,False,0,none,0
prompt_var_name,40,s5_dec_03,S5,declarative,False,0,none,0
prompt_var_name,40,s5_dec_04,S5,declarative,False,0,none,0
prompt_var_name,40,s5_dec_05,S5,declarative,False,4,none,0
prompt_var_name,40,s5_dec_06,S5,declarative,False,0,none,0
prompt_var_name,40,s5_dec_07,S5,declarative,False,0,none,0
prompt_var_name,40,s5_dec_08,S5,declarative,False,0,none,0
prompt_var_name,40,s5_dec_09,S5,declarative,False,0,none,0
prompt_var_name,40,s5_dec_10,S5,declarative,False,0,none,0
prompt_var_name,40,s5_dec_11,S5,declarative,False,0,none,0
prompt_var_name,40,s5_dec_12,S5,declarative,False,0,none,0
prompt_var_name,40,s5_dec_13,S5,declarative,False,0,none,0
prompt_var_name,40,s5_dec_14,S5,declarative,False,0,none,0
prompt_var_name,40,s5_ind_01,S5,indirect,False,0,none,0
prompt_var_name,40,s5_ind_02,S5,indirect,False,0,none,0
prompt_var_name,40,s5_ind_03,S5,indirect,False,0,none,0
prompt_var_name,40,s5_ind_04,S5,indirect,False,0,none,0
prompt_var_name,40,s5_ind_05,S5,indirect,False,0,none,0
prompt_var_name,40,s5_ind_06,S5,indirect,False,0,none,0
prompt_var_name,40,s5_ind_07,S5,indirect,False,0,none,0
prompt_var_name,40,s5_ind_08,S5,indirect,False,0,none,0
prompt_var_name,40,s5_ind_09,S5,indirect,False,0,none,0
prompt_var_name,40,s5_ind_10,S5,indirect,False,0,none,0
prompt_var_name,40,s6_rp_01,S6,roleplay,False,4,none,0
prompt_var_name,40,s6_rp_02,S6,roleplay,False,4,none,0
prompt_var_name,40,s6_rp_03,S6,roleplay,False,4,none,0
prompt_var_name,40,s6_rp_04,S6,roleplay,False,0,none,0
prompt_var_name,40,s6_rp_05,S6,roleplay,False,8,none,0
prompt_var_name,40,s6_rp_06,S6,roleplay,False,0,none,0
prompt_var_name,40,s6_rp_07,S6,roleplay,False,0,none,0
prompt_var_name,40,s6_rp_08,S6,roleplay,False,0,none,0
prompt_var_name,40,s6_enc_01,S6,encoding,False,4,none,0
prompt_var_name,40,s6_enc_02,S6,encoding,False,0,none,0
prompt_var_name,40,s6_enc_03,S6,encoding,False,4,none,0
prompt_var_name,40,s6_enc_04,S6,encoding,False,4,none,0
prompt_var_name,40,safe_01,SAFE,benign,False,0,none,0
prompt_var_name,40,safe_02,SAFE,benign,False,4,none,0
prompt_var_name,40,safe_03,SAFE,benign,False,4,none,0
prompt_var_name,40,safe_04,SAFE,benign,False,4,none,0
prompt_var_name,40,safe_05,SAFE,benign,False,0,none,0
prompt_var_name,40,safe_06,SAFE,benign,False,0,none,0
prompt_var_name,40,safe_07,SAFE,benign,False,4,none,0
prompt_var_name,40,safe_08,SAFE,benign,False,0,none,0
prompt_var_name,40,safe_09,SAFE,benign,False,0,none,0
prompt_var_name,40,safe_10,SAFE,benign,False,0,none,0
prompt_var_name,40,safe_11,SAFE,benign,False,0,none,0
prompt_var_name,40,safe_12,SAFE,benign,False,4,none,0
prompt_var_name,40,safe_13,SAFE,benign,False,0,none,0
prompt_var_name,40,safe_14,SAFE,benign,False,4,none,0
prompt_var_name,40,safe_15,SAFE,benign,False,0,none,0
prompt_var_name,40,safe_16,SAFE,benign,False,0,none,0
prompt_var_name,40,safe_17,SAFE,benign,False,4,none,0
prompt_var_name,40,safe_18,SAFE,benign,False,0,none,0
prompt_var_name,40,safe_19,SAFE,benign,False,0,none,0
prompt_var_name,40,safe_20,SAFE,benign,False,0,none,0
prompt_var_name,40,hn_p_01,SAFE,legit_prompt,True,8,none,0
prompt_var_name,40,hn_p_02,SAFE,legit_prompt,True,12,none,0
prompt_var_name,40,hn_p_03,SAFE,legit_prompt,True,4,none,0
prompt_var_name,40,hn_p_04,SAFE,legit_prompt,True,8,none,0
prompt_var_name,40,hn_p_05,SAFE,legit_prompt,True,12,none,0
prompt_var_name,40,hn_p_06,SAFE,legit_prompt,True,8,none,0
prompt_var_name,40,hn_p_07,SAFE,legit_prompt,True,8,none,0
prompt_var_name,40,hn_p_08,SAFE,legit_prompt,True,12,none,0
prompt_var_name,40,hn_d_01,SAFE,security_doc,False,0,none,0
prompt_var_name,40,hn_d_02,SAFE,security_doc,False,0,none,0
prompt_var_name,40,hn_d_03,SAFE,security_doc,False,0,none,0
prompt_var_name,40,hn_d_04,SAFE,security_doc,False,4,none,0
prompt_var_name,40,hn_d_05,SAFE,security_doc,False,0,none,0
prompt_var_name,40,hn_d_06,SAFE,security_doc,False,0,none,0
prompt_var_name,40,hn_d_07,SAFE,security_doc,False,4,none,0
prompt_var_name,40,hn_d_08,SAFE,security_doc,False,0,none,0
prompt_var_name,40,hn_t_01,SAFE,benign_template,True,6,none,0
prompt_var_name,40,hn_t_02,SAFE,benign_template,True,6,none,0
prompt_var_name,40,hn_t_03,SAFE,benign_template,True,6,none,0
prompt_var_name,40,hn_t_04,SAFE,benign_template,True,14,none,0
prompt_var_name,45,s5_imp_01,S5,imperative,False,0,none,0
prompt_var_name,45,s5_imp_02,S5,imperative,False,0,none,0
prompt_var_name,45,s5_imp_03,S5,imperative,False,4,none,0
prompt_var_name,45,s5_imp_04,S5,imperative,False,0,none,0
prompt_var_name,45,s5_imp_05,S5,imperative,False,0,none,0
prompt_var_name,45,s5_imp_06,S5,imperative,False,0,none,0
prompt_var_name,45,s5_imp_07,S5,imperative,False,0,none,0
prompt_var_name,45,s5_imp_08,S5,imperative,False,0,none,0
prompt_var_name,45,s5_imp_09,S5,imperative,False,4,none,0
prompt_var_name,45,s5_imp_10,S5,imperative,False,0,none,0
prompt_var_name,45,s5_imp_11,S5,imperative,False,0,none,0
prompt_var_name,45,s5_imp_12,S5,imperative,False,0,none,0
prompt_var_name,45,s5_imp_13,S5,imperative,False,0,none,0
prompt_var_name,45,s5_imp_14,S5,imperative,False,8,none,0
prompt_var_name,45,s5_imp_15,S5,imperative,False,0,none,0
prompt_var_name,45,s5_dec_01,S5,declarative,False,0,none,0
prompt_var_name,45,s5_dec_02,S5,declarative,False,0,none,0
prompt_var_name,45,s5_dec_03,S5,declarative,False,0,none,0
prompt_var_name,45,s5_dec_04,S5,declarative,False,0,none,0
prompt_var_name,45,s5_dec_05,S5,declarative,False,4,none,0
prompt_var_name,45,s5_dec_06,S5,declarative,False,0,none,0
prompt_var_name,45,s5_dec_07,S5,declarative,False,0,none,0
prompt_var_name,45,s5_dec_08,S5,declarative,False,0,none,0
prompt_var_name,45,s5_dec_09,S5,declarative,False,0,none,0
prompt_var_name,45,s5_dec_10,S5,declarative,False,0,none,0
prompt_var_name,45,s5_dec_11,S5,declarative,False,0,none,0
prompt_var_name,45,s5_dec_12,S5,declarative,False,0,none,0
prompt_var_name,45,s5_dec_13,S5,declarative,False,0,none,0
prompt_var_name,45,s5_dec_14,S5,declarative,False,0,none,0
prompt_var_name,45,s5_ind_01,S5,indirect,False,0,none,0
prompt_var_name,45,s5_ind_02,S5,indirect,False,0,none,0
prompt_var_name,45,s5_ind_03,S5,indirect,False,0,none,0
prompt_var_name,45,s5_ind_04,S5,indirect,False,0,none,0
prompt_var_name,45,s5_ind_05,S5,indirect,False,0,none,0
prompt_var_name,45,s5_ind_06,S5,indirect,False,0,none,0
prompt_var_name,45,s5_ind_07,S5,indirect,False,0,none,0
prompt_var_name,45,s5_ind_08,S5,indirect,False,0,none,0
prompt_var_name,45,s5_ind_09,S5,indirect,False,0,none,0
prompt_var_name,45,s5_ind_10,S5,indirect,False,0,none,0
prompt_var_name,45,s6_rp_01,S6,roleplay,False,4,none,0
prompt_var_name,45,s6_rp_02,S6,roleplay,False,4,none,0
prompt_var_name,45,s6_rp_03,S6,roleplay,False,4,none,0
prompt_var_name,45,s6_rp_04,S6,roleplay,False,0,none,0
prompt_var_name,45,s6_rp_05,S6,roleplay,False,8,none,0
prompt_var_name,45,s6_rp_06,S6,roleplay,False,0,none,0
prompt_var_name,45,s6_rp_07,S6,roleplay,False,0,none,0
prompt_var_name,45,s6_rp_08,S6,roleplay,False,0,none,0
prompt_var_name,45,s6_enc_01,S6,encoding,False,4,none,0
prompt_var_name,45,s6_enc_02,S6,encoding,False,0,none,0
prompt_var_name,45,s6_enc_03,S6,encoding,False,4,none,0
prompt_var_name,45,s6_enc_04,S6,encoding,False,4,none,0
prompt_var_name,45,safe_01,SAFE,benign,False,0,none,0
prompt_var_name,45,safe_02,SAFE,benign,False,4,none,0
prompt_var_name,45,safe_03,SAFE,benign,False,4,none,0
prompt_var_name,45,safe_04,SAFE,benign,False,4,none,0
prompt_var_name,45,safe_05,SAFE,benign,False,0,none,0
prompt_var_name,45,safe_06,SAFE,benign,False,0,none,0
prompt_var_name,45,safe_07,SAFE,benign,False,4,none,0
prompt_var_name,45,safe_08,SAFE,benign,False,0,none,0
prompt_var_name,45,safe_09,SAFE,benign,False,0,none,0
prompt_var_name,45,safe_10,SAFE,benign,False,0,none,0
prompt_var_name,45,safe_11,SAFE,benign,False,0,none,0
prompt_var_name,45,safe_12,SAFE,benign,False,4,none,0
prompt_var_name,45,safe_13,SAFE,benign,False,0,none,0
prompt_var_name,45,safe_14,SAFE,benign,False,4,none,0
prompt_var_name,45,safe_15,SAFE,benign,False,0,none,0
prompt_var_name,45,safe_16,SAFE,benign,False,0,none,0
prompt_var_name,45,safe_17,SAFE,benign,False,4,none,0
prompt_var_name,45,safe_18,SAFE,benign,False,0,none,0
prompt_var_name,45,safe_19,SAFE,benign,False,0,none,0
prompt_var_name,45,safe_20,SAFE,benign,False,0,none,0
prompt_var_name,45,hn_p_01,SAFE,legit_prompt,True,8,none,0
prompt_var_name,45,hn_p_02,SAFE,legit_prompt,True,12,none,0
prompt_var_name,45,hn_p_03,SAFE,legit_prompt,True,4,none,0
prompt_var_name,45,hn_p_04,SAFE,legit_prompt,True,8,none,0
prompt_var_name,45,hn_p_05,SAFE,legit_prompt,True,12,none,0
prompt_var_name,45,hn_p_06,SAFE,legit_prompt,True,8,none,0
prompt_var_name,45,hn_p_07,SAFE,legit_prompt,True,8,none,0
prompt_var_name,45,hn_p_08,SAFE,legit_prompt,True,12,none,0
prompt_var_name,45,hn_d_01,SAFE,security_doc,False,0,none,0
prompt_var_name,45,hn_d_02,SAFE,security_doc,False,0,none,0
prompt_var_name,45,hn_d_03,SAFE,security_doc,False,0,none,0
prompt_var_name,45,hn_d_04,SAFE,security_doc,False,4,none,0
prompt_var_name,45,hn_d_05,SAFE,security_doc,False,0,none,0
prompt_var_name,45,hn_d_06,SAFE,security_doc,False,0,none,0
prompt_var_name,45,hn_d_07,SAFE,security_doc,False,4,none,0
prompt_var_name,45,hn_d_08,SAFE,security_doc,False,0,none,0
prompt_var_name,45,hn_t_01,SAFE,benign_template,True,6,none,0
prompt_var_name,45,hn_t_02,SAFE,benign_template,True,6,none,0
prompt_var_name,45,hn_t_03,SAFE,benign_template,True,6,none,0
prompt_var_name,45,hn_t_04,SAFE,benign_template,True,14,none,0
prompt_var_name,50,s5_imp_01,S5,imperative,False,0,none,0
prompt_var_name,50,s5_imp_02,S5,imperative,False,0,none,0
prompt_var_name,50,s5_imp_03,S5,imperative,False,4,none,0
prompt_var_name,50,s5_imp_04,S5,imperative,False,0,none,0
prompt_var_name,50,s5_imp_05,S5,imperative,False,0,none,0
prompt_var_name,50,s5_imp_06,S5,imperative,False,0,none,0
prompt_var_name,50,s5_imp_07,S5,imperative,False,0,none,0
prompt_var_name,50,s5_imp_08,S5,imperative,False,0,none,0
prompt_var_name,50,s5_imp_09,S5,imperative,False,4,none,0
prompt_var_name,50,s5_imp_10,S5,imperative,False,0,none,0
prompt_var_name,50,s5_imp_11,S5,imperative,False,0,none,0
prompt_var_name,50,s5_imp_12,S5,imperative,False,0,none,0
prompt_var_name,50,s5_imp_13,S5,imperative,False,0,none,0
prompt_var_name,50,s5_imp_14,S5,imperative,False,8,none,0
prompt_var_name,50,s5_imp_15,S5,imperative,False,0,none,0
prompt_var_name,50,s5_dec_01,S5,declarative,False,0,none,0
prompt_var_name,50,s5_dec_02,S5,declarative,False,0,none,0
prompt_var_name,50,s5_dec_03,S5,declarative,False,0,none,0
prompt_var_name,50,s5_dec_04,S5,declarative,False,0,none,0
prompt_var_name,50,s5_dec_05,S5,declarative,False,4,none,0
prompt_var_name,50,s5_dec_06,S5,declarative,False,0,none,0
prompt_var_name,50,s5_dec_07,S5,declarative,False,0,none,0
prompt_var_name,50,s5_dec_08,S5,declarative,False,0,none,0
prompt_var_name,50,s5_dec_09,S5,declarative,False,0,none,0
prompt_var_name,50,s5_dec_10,S5,declarative,False,0,none,0
prompt_var_name,50,s5_dec_11,S5,declarative,False,0,none,0
prompt_var_name,50,s5_dec_12,S5,declarative,False,0,none,0
prompt_var_name,50,s5_dec_13,S5,declarative,False,0,none,0
prompt_var_name,50,s5_dec_14,S5,declarative,False,0,none,0
prompt_var_name,50,s5_ind_01,S5,indirect,False,0,none,0
prompt_var_name,50,s5_ind_02,S5,indirect,False,0,none,0
prompt_var_name,50,s5_ind_03,S5,indirect,False,0,none,0
prompt_var_name,50,s5_ind_04,S5,indirect,False,0,none,0
prompt_var_name,50,s5_ind_05,S5,indirect,False,0,none,0
prompt_var_name,50,s5_ind_06,S5,indirect,False,0,none,0
prompt_var_name,50,s5_ind_07,S5,indirect,False,0,none,0
prompt_var_name,50,s5_ind_08,S5,indirect,False,0,none,0
prompt_var_name,50,s5_ind_09,S5,indirect,False,0,none,0
prompt_var_name,50,s5_ind_10,S5,indirect,False,0,none,0
prompt_var_name,50,s6_rp_01,S6,roleplay,False,4,none,0
prompt_var_name,50,s6_rp_02,S6,roleplay,False,4,none,0
prompt_var_name,50,s6_rp_03,S6,roleplay,False,4,none,0
prompt_var_name,50,s6_rp_04,S6,roleplay,False,0,none,0
prompt_var_name,50,s6_rp_05,S6,roleplay,False,8,none,0
prompt_var_name,50,s6_rp_06,S6,roleplay,False,0,none,0
prompt_var_name,50,s6_rp_07,S6,roleplay,False,0,none,0
prompt_var_name,50,s6_rp_08,S6,roleplay,False,0,none,0
prompt_var_name,50,s6_enc_01,S6,encoding,False,4,none,0
prompt_var_name,50,s6_enc_02,S6,encoding,False,0,none,0
prompt_var_name,50,s6_enc_03,S6,encoding,False,4,none,0
prompt_var_name,50,s6_enc_04,S6,encoding,False,4,none,0
prompt_var_name,50,safe_01,SAFE,benign,False,0,none,0
prompt_var_name,50,safe_02,SAFE,benign,False,4,none,0
prompt_var_name,50,safe_03,SAFE,benign,False,4,none,0
prompt_var_name,50,safe_04,SAFE,benign,False,4,none,0
prompt_var_name,50,safe_05,SAFE,benign,False,0,none,0
prompt_var_name,50,safe_06,SAFE,benign,False,0,none,0
prompt_var_name,50,safe_07,SAFE,benign,False,4,none,0
prompt_var_name,50,safe_08,SAFE,benign,False,0,none,0
prompt_var_name,50,safe_09,SAFE,benign,False,0,none,0
prompt_var_name,50,safe_10,SAFE,benign,False,0,none,0
prompt_var_name,50,safe_11,SAFE,benign,False,0,none,0
prompt_var_name,50,safe_12,SAFE,benign,False,4,none,0
prompt_var_name,50,safe_13,SAFE,benign,False,0,none,0
prompt_var_name,50,safe_14,SAFE,benign,False,4,none,0
prompt_var_name,50,safe_15,SAFE,benign,False,0,none,0
prompt_var_name,50,safe_16,SAFE,benign,False,0,none,0
prompt_var_name,50,safe_17,SAFE,benign,False,4,none,0
prompt_var_name,50,safe_18,SAFE,benign,False,0,none,0
prompt_var_name,50,safe_19,SAFE,benign,False,0,none,0
prompt_var_name,50,safe_20,SAFE,benign,False,0,none,0
prompt_var_name,50,hn_p_01,SAFE,legit_prompt,True,8,none,0
prompt_var_name,50,hn_p_02,SAFE,legit_prompt,True,12,none,0
prompt_var_name,50,hn_p_03,SAFE,legit_prompt,True,4,none,0
prompt_var_name,50,hn_p_04,SAFE,legit_prompt,True,8,none,0
prompt_var_name,50,hn_p_05,SAFE,legit_prompt,True,12,none,0
prompt_var_name,50,hn_p_06,SAFE,legit_prompt,True,8,none,0
prompt_var_name,50,hn_p_07,SAFE,legit_prompt,True,8,none,0
prompt_var_name,50,hn_p_08,SAFE,legit_prompt,True,12,none,0
prompt_var_name,50,hn_d_01,SAFE,security_doc,False,0,none,0
prompt_var_name,50,hn_d_02,SAFE,security_doc,False,0,none,0
prompt_var_name,50,hn_d_03,SAFE,security_doc,False,0,none,0
prompt_var_name,50,hn_d_04,SAFE,security_doc,False,4,none,0
prompt_var_name,50,hn_d_05,SAFE,security_doc,False,0,none,0
prompt_var_name,50,hn_d_06,SAFE,security_doc,False,0,none,0
prompt_var_name,50,hn_d_07,SAFE,security_doc,False,4,none,0
prompt_var_name,50,hn_d_08,SAFE,security_doc,False,0,none,0
prompt_var_name,50,hn_t_01,SAFE,benign_template,True,6,none,0
prompt_var_name,50,hn_t_02,SAFE,benign_template,True,6,none,0
prompt_var_name,50,hn_t_03,SAFE,benign_template,True,6,none,0
prompt_var_name,50,hn_t_04,SAFE,benign_template,True,14,none,0
prompt_var_name,60,s5_imp_01,S5,imperative,False,0,none,0
prompt_var_name,60,s5_imp_02,S5,imperative,False,0,none,0
prompt_var_name,60,s5_imp_03,S5,imperative,False,4,none,0
prompt_var_name,60,s5_imp_04,S5,imperative,False,0,none,0
prompt_var_name,60,s5_imp_05,S5,imperative,False,0,none,0
prompt_var_name,60,s5_imp_06,S5,imperative,False,0,none,0
prompt_var_name,60,s5_imp_07,S5,imperative,False,0,none,0
prompt_var_name,60,s5_imp_08,S5,imperative,False,0,none,0
prompt_var_name,60,s5_imp_09,S5,imperative,False,4,none,0
prompt_var_name,60,s5_imp_10,S5,imperative,False,0,none,0
prompt_var_name,60,s5_imp_11,S5,imperative,False,0,none,0
prompt_var_name,60,s5_imp_12,S5,imperative,False,0,none,0
prompt_var_name,60,s5_imp_13,S5,imperative,False,0,none,0
prompt_var_name,60,s5_imp_14,S5,imperative,False,8,none,0
prompt_var_name,60,s5_imp_15,S5,imperative,False,0,none,0
prompt_var_name,60,s5_dec_01,S5,declarative,False,0,none,0
prompt_var_name,60,s5_dec_02,S5,declarative,False,0,none,0
prompt_var_name,60,s5_dec_03,S5,declarative,False,0,none,0
prompt_var_name,60,s5_dec_04,S5,declarative,False,0,none,0
prompt_var_name,60,s5_dec_05,S5,declarative,False,4,none,0
prompt_var_name,60,s5_dec_06,S5,declarative,False,0,none,0
prompt_var_name,60,s5_dec_07,S5,declarative,False,0,none,0
prompt_var_name,60,s5_dec_08,S5,declarative,False,0,none,0
prompt_var_name,60,s5_dec_09,S5,declarative,False,0,none,0
prompt_var_name,60,s5_dec_10,S5,declarative,False,0,none,0
prompt_var_name,60,s5_dec_11,S5,declarative,False,0,none,0
prompt_var_name,60,s5_dec_12,S5,declarative,False,0,none,0
prompt_var_name,60,s5_dec_13,S5,declarative,False,0,none,0
prompt_var_name,60,s5_dec_14,S5,declarative,False,0,none,0
prompt_var_name,60,s5_ind_01,S5,indirect,False,0,none,0
prompt_var_name,60,s5_ind_02,S5,indirect,False,0,none,0
prompt_var_name,60,s5_ind_03,S5,indirect,False,0,none,0
prompt_var_name,60,s5_ind_04,S5,indirect,False,0,none,0
prompt_var_name,60,s5_ind_05,S5,indirect,False,0,none,0
prompt_var_name,60,s5_ind_06,S5,indirect,False,0,none,0
prompt_var_name,60,s5_ind_07,S5,indirect,False,0,none,0
prompt_var_name,60,s5_ind_08,S5,indirect,False,0,none,0
prompt_var_name,60,s5_ind_09,S5,indirect,False,0,none,0
prompt_var_name,60,s5_ind_10,S5,indirect,False,0,none,0
prompt_var_name,60,s6_rp_01,S6,roleplay,False,4,none,0
prompt_var_name,60,s6_rp_02,S6,roleplay,False,4,none,0
prompt_var_name,60,s6_rp_03,S6,roleplay,False,4,none,0
prompt_var_name,60,s6_rp_04,S6,roleplay,False,0,none,0
prompt_var_name,60,s6_rp_05,S6,roleplay,False,8,none,0
prompt_var_name,60,s6_rp_06,S6,roleplay,False,0,none,0
prompt_var_name,60,s6_rp_07,S6,roleplay,False,0,none,0
prompt_var_name,60,s6_rp_08,S6,roleplay,False,0,none,0
prompt_var_name,60,s6_enc_01,S6,encoding,False,4,none,0
prompt_var_name,60,s6_enc_02,S6,encoding,False,0,none,0
prompt_var_name,60,s6_enc_03,S6,encoding,False,4,none,0
prompt_var_name,60,s6_enc_04,S6,encoding,False,4,none,0
prompt_var_name,60,safe_01,SAFE,benign,False,0,none,0
prompt_var_name,60,safe_02,SAFE,benign,False,4,none,0
prompt_var_name,60,safe_03,SAFE,benign,False,4,none,0
prompt_var_name,60,safe_04,SAFE,benign,False,4,none,0
prompt_var_name,60,safe_05,SAFE,benign,False,0,none,0
prompt_var_name,60,safe_06,SAFE,benign,False,0,none,0
prompt_var_name,60,safe_07,SAFE,benign,False,4,none,0
prompt_var_name,60,safe_08,SAFE,benign,False,0,none,0
prompt_var_name,60,safe_09,SAFE,benign,False,0,none,0
prompt_var_name,60,safe_10,SAFE,benign,False,0,none,0
prompt_var_name,60,safe_11,SAFE,benign,False,0,none,0
prompt_var_name,60,safe_12,SAFE,benign,False,4,none,0
prompt_var_name,60,safe_13,SAFE,benign,False,0,none,0
prompt_var_name,60,safe_14,SAFE,benign,False,4,none,0
prompt_var_name,60,safe_15,SAFE,benign,False,0,none,0
prompt_var_name,60,safe_16,SAFE,benign,False,0,none,0
prompt_var_name,60,safe_17,SAFE,benign,False,4,none,0
prompt_var_name,60,safe_18,SAFE,benign,False,0,none,0
prompt_var_name,60,safe_19,SAFE,benign,False,0,none,0
prompt_var_name,60,safe_20,SAFE,benign,False,0,none,0
prompt_var_name,60,hn_p_01,SAFE,legit_prompt,True,8,none,0
prompt_var_name,60,hn_p_02,SAFE,legit_prompt,True,12,none,0
prompt_var_name,60,hn_p_03,SAFE,legit_prompt,True,4,none,0
prompt_var_name,60,hn_p_04,SAFE,legit_prompt,True,8,none,0
prompt_var_name,60,hn_p_05,SAFE,legit_prompt,True,12,none,0
prompt_var_name,60,hn_p_06,SAFE,legit_prompt,True,8,none,0
prompt_var_name,60,hn_p_07,SAFE,legit_prompt,True,8,none,0
prompt_var_name,60,hn_p_08,SAFE,legit_prompt,True,12,none,0
prompt_var_name,60,hn_d_01,SAFE,security_doc,False,0,none,0
prompt_var_name,60,hn_d_02,SAFE,security_doc,False,0,none,0
prompt_var_name,60,hn_d_03,SAFE,security_doc,False,0,none,0
prompt_var_name,60,hn_d_04,SAFE,security_doc,False,4,none,0
prompt_var_name,60,hn_d_05,SAFE,security_doc,False,0,none,0
prompt_var_name,60,hn_d_06,SAFE,security_doc,False,0,none,0
prompt_var_name,60,hn_d_07,SAFE,security_doc,False,4,none,0
prompt_var_name,60,hn_d_08,SAFE,security_doc,False,0,none,0
prompt_var_name,60,hn_t_01,SAFE,benign_template,True,6,none,0
prompt_var_name,60,hn_t_02,SAFE,benign_template,True,6,none,0
prompt_var_name,60,hn_t_03,SAFE,benign_template,True,6,none,0
prompt_var_name,60,hn_t_04,SAFE,benign_template,True,14,none,0
prompt_var_name,70,s5_imp_01,S5,imperative,False,0,none,0
prompt_var_name,70,s5_imp_02,S5,imperative,False,0,none,0
prompt_var_name,70,s5_imp_03,S5,imperative,False,4,none,0
prompt_var_name,70,s5_imp_04,S5,imperative,False,0,none,0
prompt_var_name,70,s5_imp_05,S5,imperative,False,0,none,0
prompt_var_name,70,s5_imp_06,S5,imperative,False,0,none,0
prompt_var_name,70,s5_imp_07,S5,imperative,False,0,none,0
prompt_var_name,70,s5_imp_08,S5,imperative,False,0,none,0
prompt_var_name,70,s5_imp_09,S5,imperative,False,4,none,0
prompt_var_name,70,s5_imp_10,S5,imperative,False,0,none,0
prompt_var_name,70,s5_imp_11,S5,imperative,False,0,none,0
prompt_var_name,70,s5_imp_12,S5,imperative,False,0,none,0
prompt_var_name,70,s5_imp_13,S5,imperative,False,0,none,0
prompt_var_name,70,s5_imp_14,S5,imperative,False,8,none,0
prompt_var_name,70,s5_imp_15,S5,imperative,False,0,none,0
prompt_var_name,70,s5_dec_01,S5,declarative,False,0,none,0
prompt_var_name,70,s5_dec_02,S5,declarative,False,0,none,0
prompt_var_name,70,s5_dec_03,S5,declarative,False,0,none,0
prompt_var_name,70,s5_dec_04,S5,declarative,False,0,none,0
prompt_var_name,70,s5_dec_05,S5,declarative,False,4,none,0
prompt_var_name,70,s5_dec_06,S5,declarative,False,0,none,0
prompt_var_name,70,s5_dec_07,S5,declarative,False,0,none,0
prompt_var_name,70,s5_dec_08,S5,declarative,False,0,none,0
prompt_var_name,70,s5_dec_09,S5,declarative,False,0,none,0
prompt_var_name,70,s5_dec_10,S5,declarative,False,0,none,0
prompt_var_name,70,s5_dec_11,S5,declarative,False,0,none,0
prompt_var_name,70,s5_dec_12,S5,declarative,False,0,none,0
prompt_var_name,70,s5_dec_13,S5,declarative,False,0,none,0
prompt_var_name,70,s5_dec_14,S5,declarative,False,0,none,0
prompt_var_name,70,s5_ind_01,S5,indirect,False,0,none,0
prompt_var_name,70,s5_ind_02,S5,indirect,False,0,none,0
prompt_var_name,70,s5_ind_03,S5,indirect,False,0,none,0
prompt_var_name,70,s5_ind_04,S5,indirect,False,0,none,0
prompt_var_name,70,s5_ind_05,S5,indirect,False,0,none,0
prompt_var_name,70,s5_ind_06,S5,indirect,False,0,none,0
prompt_var_name,70,s5_ind_07,S5,indirect,False,0,none,0
prompt_var_name,70,s5_ind_08,S5,indirect,False,0,none,0
prompt_var_name,70,s5_ind_09,S5,indirect,False,0,none,0
prompt_var_name,70,s5_ind_10,S5,indirect,False,0,none,0
prompt_var_name,70,s6_rp_01,S6,roleplay,False,4,none,0
prompt_var_name,70,s6_rp_02,S6,roleplay,False,4,none,0
prompt_var_name,70,s6_rp_03,S6,roleplay,False,4,none,0
prompt_var_name,70,s6_rp_04,S6,roleplay,False,0,none,0
prompt_var_name,70,s6_rp_05,S6,roleplay,False,8,none,0
prompt_var_name,70,s6_rp_06,S6,roleplay,False,0,none,0
prompt_var_name,70,s6_rp_07,S6,roleplay,False,0,none,0
prompt_var_name,70,s6_rp_08,S6,roleplay,False,0,none,0
prompt_var_name,70,s6_enc_01,S6,encoding,False,4,none,0
prompt_var_name,70,s6_enc_02,S6,encoding,False,0,none,0
prompt_var_name,70,s6_enc_03,S6,encoding,False,4,none,0
prompt_var_name,70,s6_enc_04,S6,encoding,False,4,none,0
prompt_var_name,70,safe_01,SAFE,benign,False,0,none,0
prompt_var_name,70,safe_02,SAFE,benign,False,4,none,0
prompt_var_name,70,safe_03,SAFE,benign,False,4,none,0
prompt_var_name,70,safe_04,SAFE,benign,False,4,none,0
prompt_var_name,70,safe_05,SAFE,benign,False,0,none,0
prompt_var_name,70,safe_06,SAFE,benign,False,0,none,0
prompt_var_name,70,safe_07,SAFE,benign,False,4,none,0
prompt_var_name,70,safe_08,SAFE,benign,False,0,none,0
prompt_var_name,70,safe_09,SAFE,benign,False,0,none,0
prompt_var_name,70,safe_10,SAFE,benign,False,0,none,0
prompt_var_name,70,safe_11,SAFE,benign,False,0,none,0
prompt_var_name,70,safe_12,SAFE,benign,False,4,none,0
prompt_var_name,70,safe_13,SAFE,benign,False,0,none,0
prompt_var_name,70,safe_14,SAFE,benign,False,4,none,0
prompt_var_name,70,safe_15,SAFE,benign,False,0,none,0
prompt_var_name,70,safe_16,SAFE,benign,False,0,none,0
prompt_var_name,70,safe_17,SAFE,benign,False,4,none,0
prompt_var_name,70,safe_18,SAFE,benign,False,0,none,0
prompt_var_name,70,safe_19,SAFE,benign,False,0,none,0
prompt_var_name,70,safe_20,SAFE,benign,False,0,none,0
prompt_var_name,70,hn_p_01,SAFE,legit_prompt,True,8,none,0
prompt_var_name,70,hn_p_02,SAFE,legit_prompt,True,12,none,0
prompt_var_name,70,hn_p_03,SAFE,legit_prompt,True,4,none,0
prompt_var_name,70,hn_p_04,SAFE,legit_prompt,True,8,none,0
prompt_var_name,70,hn_p_05,SAFE,legit_prompt,True,12,none,0
prompt_var_name,70,hn_p_06,SAFE,legit_prompt,True,8,none,0
prompt_var_name,70,hn_p_07,SAFE,legit_prompt,True,8,none,0
prompt_var_name,70,hn_p_08,SAFE,legit_prompt,True,12,none,0
prompt_var_name,70,hn_d_01,SAFE,security_doc,False,0,none,0
prompt_var_name,70,hn_d_02,SAFE,security_doc,False,0,none,0
prompt_var_name,70,hn_d_03,SAFE,security_doc,False,0,none,0
prompt_var_name,70,hn_d_04,SAFE,security_doc,False,4,none,0
prompt_var_name,70,hn_d_05,SAFE,security_doc,False,0,none,0
prompt_var_name,70,hn_d_06,SAFE,security_doc,False,0,none,0
prompt_var_name,70,hn_d_07,SAFE,security_doc,False,4,none,0
prompt_var_name,70,hn_d_08,SAFE,security_doc,False,0,none,0
prompt_var_name,70,hn_t_01,SAFE,benign_template,True,6,none,0
prompt_var_name,70,hn_t_02,SAFE,benign_template,True,6,none,0
prompt_var_name,70,hn_t_03,SAFE,benign_template,True,6,none,0
prompt_var_name,70,hn_t_04,SAFE,benign_template,True,14,none,0
prompt_var_name,80,s5_imp_01,S5,imperative,False,0,none,0
prompt_var_name,80,s5_imp_02,S5,imperative,False,0,none,0
prompt_var_name,80,s5_imp_03,S5,imperative,False,4,none,0
prompt_var_name,80,s5_imp_04,S5,imperative,False,0,none,0
prompt_var_name,80,s5_imp_05,S5,imperative,False,0,none,0
prompt_var_name,80,s5_imp_06,S5,imperative,False,0,none,0
prompt_var_name,80,s5_imp_07,S5,imperative,False,0,none,0
prompt_var_name,80,s5_imp_08,S5,imperative,False,0,none,0
prompt_var_name,80,s5_imp_09,S5,imperative,False,4,none,0
prompt_var_name,80,s5_imp_10,S5,imperative,False,0,none,0
prompt_var_name,80,s5_imp_11,S5,imperative,False,0,none,0
prompt_var_name,80,s5_imp_12,S5,imperative,False,0,none,0
prompt_var_name,80,s5_imp_13,S5,imperative,False,0,none,0
prompt_var_name,80,s5_imp_14,S5,imperative,False,8,none,0
prompt_var_name,80,s5_imp_15,S5,imperative,False,0,none,0
prompt_var_name,80,s5_dec_01,S5,declarative,False,0,none,0
prompt_var_name,80,s5_dec_02,S5,declarative,False,0,none,0
prompt_var_name,80,s5_dec_03,S5,declarative,False,0,none,0
prompt_var_name,80,s5_dec_04,S5,declarative,False,0,none,0
prompt_var_name,80,s5_dec_05,S5,declarative,False,4,none,0
prompt_var_name,80,s5_dec_06,S5,declarative,False,0,none,0
prompt_var_name,80,s5_dec_07,S5,declarative,False,0,none,0
prompt_var_name,80,s5_dec_08,S5,declarative,False,0,none,0
prompt_var_name,80,s5_dec_09,S5,declarative,False,0,none,0
prompt_var_name,80,s5_dec_10,S5,declarative,False,0,none,0
prompt_var_name,80,s5_dec_11,S5,declarative,False,0,none,0
prompt_var_name,80,s5_dec_12,S5,declarative,False,0,none,0
prompt_var_name,80,s5_dec_13,S5,declarative,False,0,none,0
prompt_var_name,80,s5_dec_14,S5,declarative,False,0,none,0
prompt_var_name,80,s5_ind_01,S5,indirect,False,0,none,0
prompt_var_name,80,s5_ind_02,S5,indirect,False,0,none,0
prompt_var_name,80,s5_ind_03,S5,indirect,False,0,none,0
prompt_var_name,80,s5_ind_04,S5,indirect,False,0,none,0
prompt_var_name,80,s5_ind_05,S5,indirect,False,0,none,0
prompt_var_name,80,s5_ind_06,S5,indirect,False,0,none,0
prompt_var_name,80,s5_ind_07,S5,indirect,False,0,none,0
prompt_var_name,80,s5_ind_08,S5,indirect,False,0,none,0
prompt_var_name,80,s5_ind_09,S5,indirect,False,0,none,0
prompt_var_name,80,s5_ind_10,S5,indirect,False,0,none,0
prompt_var_name,80,s6_rp_01,S6,roleplay,False,4,none,0
prompt_var_name,80,s6_rp_02,S6,roleplay,False,4,none,0
prompt_var_name,80,s6_rp_03,S6,roleplay,False,4,none,0
prompt_var_name,80,s6_rp_04,S6,roleplay,False,0,none,0
prompt_var_name,80,s6_rp_05,S6,roleplay,False,8,none,0
prompt_var_name,80,s6_rp_06,S6,roleplay,False,0,none,0
prompt_var_name,80,s6_rp_07,S6,roleplay,False,0,none,0
prompt_var_name,80,s6_rp_08,S6,roleplay,False,0,none,0
prompt_var_name,80,s6_enc_01,S6,encoding,False,4,none,0
prompt_var_name,80,s6_enc_02,S6,encoding,False,0,none,0
prompt_var_name,80,s6_enc_03,S6,encoding,False,4,none,0
prompt_var_name,80,s6_enc_04,S6,encoding,False,4,none,0
prompt_var_name,80,safe_01,SAFE,benign,False,0,none,0
prompt_var_name,80,safe_02,SAFE,benign,False,4,none,0
prompt_var_name,80,safe_03,SAFE,benign,False,4,none,0
prompt_var_name,80,safe_04,SAFE,benign,False,4,none,0
prompt_var_name,80,safe_05,SAFE,benign,False,0,none,0
prompt_var_name,80,safe_06,SAFE,benign,False,0,none,0
prompt_var_name,80,safe_07,SAFE,benign,False,4,none,0
prompt_var_name,80,safe_08,SAFE,benign,False,0,none,0
prompt_var_name,80,safe_09,SAFE,benign,False,0,none,0
prompt_var_name,80,safe_10,SAFE,benign,False,0,none,0
prompt_var_name,80,safe_11,SAFE,benign,False,0,none,0
prompt_var_name,80,safe_12,SAFE,benign,False,4,none,0
prompt_var_name,80,safe_13,SAFE,benign,False,0,none,0
prompt_var_name,80,safe_14,SAFE,benign,False,4,none,0
prompt_var_name,80,safe_15,SAFE,benign,False,0,none,0
prompt_var_name,80,safe_16,SAFE,benign,False,0,none,0
prompt_var_name,80,safe_17,SAFE,benign,False,4,none,0
prompt_var_name,80,safe_18,SAFE,benign,False,0,none,0
prompt_var_name,80,safe_19,SAFE,benign,False,0,none,0
prompt_var_name,80,safe_20,SAFE,benign,False,0,none,0
prompt_var_name,80,hn_p_01,SAFE,legit_prompt,True,8,none,0
prompt_var_name,80,hn_p_02,SAFE,legit_prompt,True,12,none,0
prompt_var_name,80,hn_p_03,SAFE,legit_prompt,True,4,none,0
prompt_var_name,80,hn_p_04,SAFE,legit_prompt,True,8,none,0
prompt_var_name,80,hn_p_05,SAFE,legit_prompt,True,12,none,0
prompt_var_name,80,hn_p_06,SAFE,legit_prompt,True,8,none,0
prompt_var_name,80,hn_p_07,SAFE,legit_prompt,True,8,none,0
prompt_var_name,80,hn_p_08,SAFE,legit_prompt,True,12,none,0
prompt_var_name,80,hn_d_01,SAFE,security_doc,False,0,none,0
prompt_var_name,80,hn_d_02,SAFE,security_doc,False,0,none,0
prompt_var_name,80,hn_d_03,SAFE,security_doc,False,0,none,0
prompt_var_name,80,hn_d_04,SAFE,security_doc,False,4,none,0
prompt_var_name,80,hn_d_05,SAFE,security_doc,False,0,none,0
prompt_var_name,80,hn_d_06,SAFE,security_doc,False,0,none,0
prompt_var_name,80,hn_d_07,SAFE,security_doc,False,4,none,0
prompt_var_name,80,hn_d_08,SAFE,security_doc,False,0,none,0
prompt_var_name,80,hn_t_01,SAFE,benign_template,True,6,none,0
prompt_var_name,80,hn_t_02,SAFE,benign_template,True,6,none,0
prompt_var_name,80,hn_t_03,SAFE,benign_template,True,6,none,0
prompt_var_name,80,hn_t_04,SAFE,benign_template,True,14,none,0
prompt_var_name,90,s5_imp_01,S5,imperative,False,0,none,0
prompt_var_name,90,s5_imp_02,S5,imperative,False,0,none,0
prompt_var_name,90,s5_imp_03,S5,imperative,False,4,none,0
prompt_var_name,90,s5_imp_04,S5,imperative,False,0,none,0
prompt_var_name,90,s5_imp_05,S5,imperative,False,0,none,0
prompt_var_name,90,s5_imp_06,S5,imperative,False,0,none,0
prompt_var_name,90,s5_imp_07,S5,imperative,False,0,none,0
prompt_var_name,90,s5_imp_08,S5,imperative,False,0,none,0
prompt_var_name,90,s5_imp_09,S5,imperative,False,4,none,0
prompt_var_name,90,s5_imp_10,S5,imperative,False,0,none,0
prompt_var_name,90,s5_imp_11,S5,imperative,False,0,none,0
prompt_var_name,90,s5_imp_12,S5,imperative,False,0,none,0
prompt_var_name,90,s5_imp_13,S5,imperative,False,0,none,0
prompt_var_name,90,s5_imp_14,S5,imperative,False,8,none,0
prompt_var_name,90,s5_imp_15,S5,imperative,False,0,none,0
prompt_var_name,90,s5_dec_01,S5,declarative,False,0,none,0
prompt_var_name,90,s5_dec_02,S5,declarative,False,0,none,0
prompt_var_name,90,s5_dec_03,S5,declarative,False,0,none,0
prompt_var_name,90,s5_dec_04,S5,declarative,False,0,none,0
prompt_var_name,90,s5_dec_05,S5,declarative,False,4,none,0
prompt_var_name,90,s5_dec_06,S5,declarative,False,0,none,0
prompt_var_name,90,s5_dec_07,S5,declarative,False,0,none,0
prompt_var_name,90,s5_dec_08,S5,declarative,False,0,none,0
prompt_var_name,90,s5_dec_09,S5,declarative,False,0,none,0
prompt_var_name,90,s5_dec_10,S5,declarative,False,0,none,0
prompt_var_name,90,s5_dec_11,S5,declarative,False,0,none,0
prompt_var_name,90,s5_dec_12,S5,declarative,False,0,none,0
prompt_var_name,90,s5_dec_13,S5,declarative,False,0,none,0
prompt_var_name,90,s5_dec_14,S5,declarative,False,0,none,0
prompt_var_name,90,s5_ind_01,S5,indirect,False,0,none,0
prompt_var_name,90,s5_ind_02,S5,indirect,False,0,none,0
prompt_var_name,90,s5_ind_03,S5,indirect,False,0,none,0
prompt_var_name,90,s5_ind_04,S5,indirect,False,0,none,0
prompt_var_name,90,s5_ind_05,S5,indirect,False,0,none,0
prompt_var_name,90,s5_ind_06,S5,indirect,False,0,none,0
prompt_var_name,90,s5_ind_07,S5,indirect,False,0,none,0
prompt_var_name,90,s5_ind_08,S5,indirect,False,0,none,0
prompt_var_name,90,s5_ind_09,S5,indirect,False,0,none,0
prompt_var_name,90,s5_ind_10,S5,indirect,False,0,none,0
prompt_var_name,90,s6_rp_01,S6,roleplay,False,4,none,0
prompt_var_name,90,s6_rp_02,S6,roleplay,False,4,none,0
prompt_var_name,90,s6_rp_03,S6,roleplay,False,4,none,0
prompt_var_name,90,s6_rp_04,S6,roleplay,False,0,none,0
prompt_var_name,90,s6_rp_05,S6,roleplay,False,8,none,0
prompt_var_name,90,s6_rp_06,S6,roleplay,False,0,none,0
prompt_var_name,90,s6_rp_07,S6,roleplay,False,0,none,0
prompt_var_name,90,s6_rp_08,S6,roleplay,False,0,none,0
prompt_var_name,90,s6_enc_01,S6,encoding,False,4,none,0
prompt_var_name,90,s6_enc_02,S6,encoding,False,0,none,0
prompt_var_name,90,s6_enc_03,S6,encoding,False,4,none,0
prompt_var_name,90,s6_enc_04,S6,encoding,False,4,none,0
prompt_var_name,90,safe_01,SAFE,benign,False,0,none,0
prompt_var_name,90,safe_02,SAFE,benign,False,4,none,0
prompt_var_name,90,safe_03,SAFE,benign,False,4,none,0
prompt_var_name,90,safe_04,SAFE,benign,False,4,none,0
prompt_var_name,90,safe_05,SAFE,benign,False,0,none,0
prompt_var_name,90,safe_06,SAFE,benign,False,0,none,0
prompt_var_name,90,safe_07,SAFE,benign,False,4,none,0
prompt_var_name,90,safe_08,SAFE,benign,False,0,none,0
prompt_var_name,90,safe_09,SAFE,benign,False,0,none,0
prompt_var_name,90,safe_10,SAFE,benign,False,0,none,0
prompt_var_name,90,safe_11,SAFE,benign,False,0,none,0
prompt_var_name,90,safe_12,SAFE,benign,False,4,none,0
prompt_var_name,90,safe_13,SAFE,benign,False,0,none,0
prompt_var_name,90,safe_14,SAFE,benign,False,4,none,0
prompt_var_name,90,safe_15,SAFE,benign,False,0,none,0
prompt_var_name,90,safe_16,SAFE,benign,False,0,none,0
prompt_var_name,90,safe_17,SAFE,benign,False,4,none,0
prompt_var_name,90,safe_18,SAFE,benign,False,0,none,0
prompt_var_name,90,safe_19,SAFE,benign,False,0,none,0
prompt_var_name,90,safe_20,SAFE,benign,False,0,none,0
prompt_var_name,90,hn_p_01,SAFE,legit_prompt,True,8,none,0
prompt_var_name,90,hn_p_02,SAFE,legit_prompt,True,12,none,0
prompt_var_name,90,hn_p_03,SAFE,legit_prompt,True,4,none,0
prompt_var_name,90,hn_p_04,SAFE,legit_prompt,True,8,none,0
prompt_var_name,90,hn_p_05,SAFE,legit_prompt,True,12,none,0
prompt_var_name,90,hn_p_06,SAFE,legit_prompt,True,8,none,0
prompt_var_name,90,hn_p_07,SAFE,legit_prompt,True,8,none,0
prompt_var_name,90,hn_p_08,SAFE,legit_prompt,True,12,none,0
prompt_var_name,90,hn_d_01,SAFE,security_doc,False,0,none,0
prompt_var_name,90,hn_d_02,SAFE,security_doc,False,0,none,0
prompt_var_name,90,hn_d_03,SAFE,security_doc,False,0,none,0
prompt_var_name,90,hn_d_04,SAFE,security_doc,False,4,none,0
prompt_var_name,90,hn_d_05,SAFE,security_doc,False,0,none,0
prompt_var_name,90,hn_d_06,SAFE,security_doc,False,0,none,0
prompt_var_name,90,hn_d_07,SAFE,security_doc,False,4,none,0
prompt_var_name,90,hn_d_08,SAFE,security_doc,False,0,none,0
prompt_var_name,90,hn_t_01,SAFE,benign_template,True,6,none,0
prompt_var_name,90,hn_t_02,SAFE,benign_template,True,6,none,0
prompt_var_name,90,hn_t_03,SAFE,benign_template,True,6,none,0
prompt_var_name,90,hn_t_04,SAFE,benign_template,True,14,none,0
prompt_var_name,100,s5_imp_01,S5,imperative,False,0,none,0
prompt_var_name,100,s5_imp_02,S5,imperative,False,0,none,0
prompt_var_name,100,s5_imp_03,S5,imperative,False,4,none,0
prompt_var_name,100,s5_imp_04,S5,imperative,False,0,none,0
prompt_var_name,100,s5_imp_05,S5,imperative,False,0,none,0
prompt_var_name,100,s5_imp_06,S5,imperative,False,0,none,0
prompt_var_name,100,s5_imp_07,S5,imperative,False,0,none,0
prompt_var_name,100,s5_imp_08,S5,imperative,False,0,none,0
prompt_var_name,100,s5_imp_09,S5,imperative,False,4,none,0
prompt_var_name,100,s5_imp_10,S5,imperative,False,0,none,0
prompt_var_name,100,s5_imp_11,S5,imperative,False,0,none,0
prompt_var_name,100,s5_imp_12,S5,imperative,False,0,none,0
prompt_var_name,100,s5_imp_13,S5,imperative,False,0,none,0
prompt_var_name,100,s5_imp_14,S5,imperative,False,8,none,0
prompt_var_name,100,s5_imp_15,S5,imperative,False,0,none,0
prompt_var_name,100,s5_dec_01,S5,declarative,False,0,none,0
prompt_var_name,100,s5_dec_02,S5,declarative,False,0,none,0
prompt_var_name,100,s5_dec_03,S5,declarative,False,0,none,0
prompt_var_name,100,s5_dec_04,S5,declarative,False,0,none,0
prompt_var_name,100,s5_dec_05,S5,declarative,False,4,none,0
prompt_var_name,100,s5_dec_06,S5,declarative,False,0,none,0
prompt_var_name,100,s5_dec_07,S5,declarative,False,0,none,0
prompt_var_name,100,s5_dec_08,S5,declarative,False,0,none,0
prompt_var_name,100,s5_dec_09,S5,declarative,False,0,none,0
prompt_var_name,100,s5_dec_10,S5,declarative,False,0,none,0
prompt_var_name,100,s5_dec_11,S5,declarative,False,0,none,0
prompt_var_name,100,s5_dec_12,S5,declarative,False,0,none,0
prompt_var_name,100,s5_dec_13,S5,declarative,False,0,none,0
prompt_var_name,100,s5_dec_14,S5,declarative,False,0,none,0
prompt_var_name,100,s5_ind_01,S5,indirect,False,0,none,0
prompt_var_name,100,s5_ind_02,S5,indirect,False,0,none,0
prompt_var_name,100,s5_ind_03,S5,indirect,False,0,none,0
prompt_var_name,100,s5_ind_04,S5,indirect,False,0,none,0
prompt_var_name,100,s5_ind_05,S5,indirect,False,0,none,0
prompt_var_name,100,s5_ind_06,S5,indirect,False,0,none,0
prompt_var_name,100,s5_ind_07,S5,indirect,False,0,none,0
prompt_var_name,100,s5_ind_08,S5,indirect,False,0,none,0
prompt_var_name,100,s5_ind_09,S5,indirect,False,0,none,0
prompt_var_name,100,s5_ind_10,S5,indirect,False,0,none,0
prompt_var_name,100,s6_rp_01,S6,roleplay,False,4,none,0
prompt_var_name,100,s6_rp_02,S6,roleplay,False,4,none,0
prompt_var_name,100,s6_rp_03,S6,roleplay,False,4,none,0
prompt_var_name,100,s6_rp_04,S6,roleplay,False,0,none,0
prompt_var_name,100,s6_rp_05,S6,roleplay,False,8,none,0
prompt_var_name,100,s6_rp_06,S6,roleplay,False,0,none,0
prompt_var_name,100,s6_rp_07,S6,roleplay,False,0,none,0
prompt_var_name,100,s6_rp_08,S6,roleplay,False,0,none,0
prompt_var_name,100,s6_enc_01,S6,encoding,False,4,none,0
prompt_var_name,100,s6_enc_02,S6,encoding,False,0,none,0
prompt_var_name,100,s6_enc_03,S6,encoding,False,4,none,0
prompt_var_name,100,s6_enc_04,S6,encoding,False,4,none,0
prompt_var_name,100,safe_01,SAFE,benign,False,0,none,0
prompt_var_name,100,safe_02,SAFE,benign,False,4,none,0
prompt_var_name,100,safe_03,SAFE,benign,False,4,none,0
prompt_var_name,100,safe_04,SAFE,benign,False,4,none,0
prompt_var_name,100,safe_05,SAFE,benign,False,0,none,0
prompt_var_name,100,safe_06,SAFE,benign,False,0,none,0
prompt_var_name,100,safe_07,SAFE,benign,False,4,none,0
prompt_var_name,100,safe_08,SAFE,benign,False,0,none,0
prompt_var_name,100,safe_09,SAFE,benign,False,0,none,0
prompt_var_name,100,safe_10,SAFE,benign,False,0,none,0
prompt_var_name,100,safe_11,SAFE,benign,False,0,none,0
prompt_var_name,100,safe_12,SAFE,benign,False,4,none,0
prompt_var_name,100,safe_13,SAFE,benign,False,0,none,0
prompt_var_name,100,safe_14,SAFE,benign,False,4,none,0
prompt_var_name,100,safe_15,SAFE,benign,False,0,none,0
prompt_var_name,100,safe_16,SAFE,benign,False,0,none,0
prompt_var_name,100,safe_17,SAFE,benign,False,4,none,0
prompt_var_name,100,safe_18,SAFE,benign,False,0,none,0
prompt_var_name,100,safe_19,SAFE,benign,False,0,none,0
prompt_var_name,100,safe_20,SAFE,benign,False,0,none,0
prompt_var_name,100,hn_p_01,SAFE,legit_prompt,True,8,none,0
prompt_var_name,100,hn_p_02,SAFE,legit_prompt,True,12,none,0
prompt_var_name,100,hn_p_03,SAFE,legit_prompt,True,4,none,0
prompt_var_name,100,hn_p_04,SAFE,legit_prompt,True,8,none,0
prompt_var_name,100,hn_p_05,SAFE,legit_prompt,True,12,none,0
prompt_var_name,100,hn_p_06,SAFE,legit_prompt,True,8,none,0
prompt_var_name,100,hn_p_07,SAFE,legit_prompt,True,8,none,0
prompt_var_name,100,hn_p_08,SAFE,legit_prompt,True,12,none,0
prompt_var_name,100,hn_d_01,SAFE,security_doc,False,0,none,0
prompt_var_name,100,hn_d_02,SAFE,security_doc,False,0,none,0
prompt_var_name,100,hn_d_03,SAFE,security_doc,False,0,none,0
prompt_var_name,100,hn_d_04,SAFE,security_doc,False,4,none,0
prompt_var_name,100,hn_d_05,SAFE,security_doc,False,0,none,0
prompt_var_name,100,hn_d_06,SAFE,security_doc,False,0,none,0
prompt_var_name,100,hn_d_07,SAFE,security_doc,False,4,none,0
prompt_var_name,100,hn_d_08,SAFE,security_doc,False,0,none,0
prompt_var_name,100,hn_t_01,SAFE,benign_template,True,6,none,0
prompt_var_name,100,hn_t_02,SAFE,benign_template,True,6,none,0
prompt_var_name,100,hn_t_03,SAFE,benign_template,True,6,none,0
prompt_var_name,100,hn_t_04,SAFE,benign_template,True,14,none,0
yaml_key,0,s5_imp_01,S5,imperative,False,0,none,0
yaml_key,0,s5_imp_02,S5,imperative,False,0,none,0
yaml_key,0,s5_imp_03,S5,imperative,False,4,none,0
yaml_key,0,s5_imp_04,S5,imperative,False,0,none,0
yaml_key,0,s5_imp_05,S5,imperative,False,0,none,0
yaml_key,0,s5_imp_06,S5,imperative,False,0,none,0
yaml_key,0,s5_imp_07,S5,imperative,False,0,none,0
yaml_key,0,s5_imp_08,S5,imperative,False,0,none,0
yaml_key,0,s5_imp_09,S5,imperative,False,4,none,0
yaml_key,0,s5_imp_10,S5,imperative,False,0,none,0
yaml_key,0,s5_imp_11,S5,imperative,False,0,none,0
yaml_key,0,s5_imp_12,S5,imperative,False,0,none,0
yaml_key,0,s5_imp_13,S5,imperative,False,0,none,0
yaml_key,0,s5_imp_14,S5,imperative,False,8,none,0
yaml_key,0,s5_imp_15,S5,imperative,False,0,none,0
yaml_key,0,s5_dec_01,S5,declarative,False,0,none,0
yaml_key,0,s5_dec_02,S5,declarative,False,0,none,0
yaml_key,0,s5_dec_03,S5,declarative,False,0,none,0
yaml_key,0,s5_dec_04,S5,declarative,False,0,none,0
yaml_key,0,s5_dec_05,S5,declarative,False,4,none,0
yaml_key,0,s5_dec_06,S5,declarative,False,0,none,0
yaml_key,0,s5_dec_07,S5,declarative,False,0,none,0
yaml_key,0,s5_dec_08,S5,declarative,False,0,none,0
yaml_key,0,s5_dec_09,S5,declarative,False,0,none,0
yaml_key,0,s5_dec_10,S5,declarative,False,0,none,0
yaml_key,0,s5_dec_11,S5,declarative,False,0,none,0
yaml_key,0,s5_dec_12,S5,declarative,False,0,none,0
yaml_key,0,s5_dec_13,S5,declarative,False,0,none,0
yaml_key,0,s5_dec_14,S5,declarative,False,0,none,0
yaml_key,0,s5_ind_01,S5,indirect,False,0,none,0
yaml_key,0,s5_ind_02,S5,indirect,False,0,none,0
yaml_key,0,s5_ind_03,S5,indirect,False,0,none,0
yaml_key,0,s5_ind_04,S5,indirect,False,0,none,0
yaml_key,0,s5_ind_05,S5,indirect,False,0,none,0
yaml_key,0,s5_ind_06,S5,indirect,False,0,none,0
yaml_key,0,s5_ind_07,S5,indirect,False,0,none,0
yaml_key,0,s5_ind_08,S5,indirect,False,0,none,0
yaml_key,0,s5_ind_09,S5,indirect,False,0,none,0
yaml_key,0,s5_ind_10,S5,indirect,False,0,none,0
yaml_key,0,s6_rp_01,S6,roleplay,False,4,none,0
yaml_key,0,s6_rp_02,S6,roleplay,False,4,none,0
yaml_key,0,s6_rp_03,S6,roleplay,False,4,none,0
yaml_key,0,s6_rp_04,S6,roleplay,False,0,none,0
yaml_key,0,s6_rp_05,S6,roleplay,False,8,none,0
yaml_key,0,s6_rp_06,S6,roleplay,False,0,none,0
yaml_key,0,s6_rp_07,S6,roleplay,False,0,none,0
yaml_key,0,s6_rp_08,S6,roleplay,False,0,none,0
yaml_key,0,s6_enc_01,S6,encoding,False,4,none,0
yaml_key,0,s6_enc_02,S6,encoding,False,0,none,0
yaml_key,0,s6_enc_03,S6,encoding,False,4,none,0
yaml_key,0,s6_enc_04,S6,encoding,False,4,none,0
yaml_key,0,safe_01,SAFE,benign,False,0,none,0
yaml_key,0,safe_02,SAFE,benign,False,4,none,0
yaml_key,0,safe_03,SAFE,benign,False,4,none,0
yaml_key,0,safe_04,SAFE,benign,False,4,none,0
yaml_key,0,safe_05,SAFE,benign,False,0,none,0
yaml_key,0,safe_06,SAFE,benign,False,0,none,0
yaml_key,0,safe_07,SAFE,benign,False,4,none,0
yaml_key,0,safe_08,SAFE,benign,False,0,none,0
yaml_key,0,safe_09,SAFE,benign,False,0,none,0
yaml_key,0,safe_10,SAFE,benign,False,0,none,0
yaml_key,0,safe_11,SAFE,benign,False,0,none,0
yaml_key,0,safe_12,SAFE,benign,False,4,none,0
yaml_key,0,safe_13,SAFE,benign,False,0,none,0
yaml_key,0,safe_14,SAFE,benign,False,4,none,0
yaml_key,0,safe_15,SAFE,benign,False,0,none,0
yaml_key,0,safe_16,SAFE,benign,False,0,none,0
yaml_key,0,safe_17,SAFE,benign,False,4,none,0
yaml_key,0,safe_18,SAFE,benign,False,0,none,0
yaml_key,0,safe_19,SAFE,benign,False,0,none,0
yaml_key,0,safe_20,SAFE,benign,False,0,none,0
yaml_key,0,hn_p_01,SAFE,legit_prompt,True,8,none,0
yaml_key,0,hn_p_02,SAFE,legit_prompt,True,12,none,0
yaml_key,0,hn_p_03,SAFE,legit_prompt,True,4,none,0
yaml_key,0,hn_p_04,SAFE,legit_prompt,True,8,none,0
yaml_key,0,hn_p_05,SAFE,legit_prompt,True,12,none,0
yaml_key,0,hn_p_06,SAFE,legit_prompt,True,8,none,0
yaml_key,0,hn_p_07,SAFE,legit_prompt,True,8,none,0
yaml_key,0,hn_p_08,SAFE,legit_prompt,True,12,none,0
yaml_key,0,hn_d_01,SAFE,security_doc,False,0,none,0
yaml_key,0,hn_d_02,SAFE,security_doc,False,0,none,0
yaml_key,0,hn_d_03,SAFE,security_doc,False,0,none,0
yaml_key,0,hn_d_04,SAFE,security_doc,False,4,none,0
yaml_key,0,hn_d_05,SAFE,security_doc,False,0,none,0
yaml_key,0,hn_d_06,SAFE,security_doc,False,0,none,0
yaml_key,0,hn_d_07,SAFE,security_doc,False,4,none,0
yaml_key,0,hn_d_08,SAFE,security_doc,False,0,none,0
yaml_key,0,hn_t_01,SAFE,benign_template,True,6,none,0
yaml_key,0,hn_t_02,SAFE,benign_template,True,6,none,0
yaml_key,0,hn_t_03,SAFE,benign_template,True,6,none,0
yaml_key,0,hn_t_04,SAFE,benign_template,True,14,none,0
yaml_key,5,s5_imp_01,S5,imperative,False,0,none,0
yaml_key,5,s5_imp_02,S5,imperative,False,0,none,0
yaml_key,5,s5_imp_03,S5,imperative,False,4,none,0
yaml_key,5,s5_imp_04,S5,imperative,False,0,none,0
yaml_key,5,s5_imp_05,S5,imperative,False,0,none,0
yaml_key,5,s5_imp_06,S5,imperative,False,0,none,0
yaml_key,5,s5_imp_07,S5,imperative,False,0,none,0
yaml_key,5,s5_imp_08,S5,imperative,False,0,none,0
yaml_key,5,s5_imp_09,S5,imperative,False,4,none,0
yaml_key,5,s5_imp_10,S5,imperative,False,0,none,0
yaml_key,5,s5_imp_11,S5,imperative,False,0,none,0
yaml_key,5,s5_imp_12,S5,imperative,False,0,none,0
yaml_key,5,s5_imp_13,S5,imperative,False,0,none,0
yaml_key,5,s5_imp_14,S5,imperative,False,8,none,0
yaml_key,5,s5_imp_15,S5,imperative,False,0,none,0
yaml_key,5,s5_dec_01,S5,declarative,False,0,none,0
yaml_key,5,s5_dec_02,S5,declarative,False,0,none,0
yaml_key,5,s5_dec_03,S5,declarative,False,0,none,0
yaml_key,5,s5_dec_04,S5,declarative,False,0,none,0
yaml_key,5,s5_dec_05,S5,declarative,False,4,none,0
yaml_key,5,s5_dec_06,S5,declarative,False,0,none,0
yaml_key,5,s5_dec_07,S5,declarative,False,0,none,0
yaml_key,5,s5_dec_08,S5,declarative,False,0,none,0
yaml_key,5,s5_dec_09,S5,declarative,False,0,none,0
yaml_key,5,s5_dec_10,S5,declarative,False,0,none,0
yaml_key,5,s5_dec_11,S5,declarative,False,0,none,0
yaml_key,5,s5_dec_12,S5,declarative,False,0,none,0
yaml_key,5,s5_dec_13,S5,declarative,False,0,none,0
yaml_key,5,s5_dec_14,S5,declarative,False,0,none,0
yaml_key,5,s5_ind_01,S5,indirect,False,0,none,0
yaml_key,5,s5_ind_02,S5,indirect,False,0,none,0
yaml_key,5,s5_ind_03,S5,indirect,False,0,none,0
yaml_key,5,s5_ind_04,S5,indirect,False,0,none,0
yaml_key,5,s5_ind_05,S5,indirect,False,0,none,0
yaml_key,5,s5_ind_06,S5,indirect,False,0,none,0
yaml_key,5,s5_ind_07,S5,indirect,False,0,none,0
yaml_key,5,s5_ind_08,S5,indirect,False,0,none,0
yaml_key,5,s5_ind_09,S5,indirect,False,0,none,0
yaml_key,5,s5_ind_10,S5,indirect,False,0,none,0
yaml_key,5,s6_rp_01,S6,roleplay,False,4,none,0
yaml_key,5,s6_rp_02,S6,roleplay,False,4,none,0
yaml_key,5,s6_rp_03,S6,roleplay,False,4,none,0
yaml_key,5,s6_rp_04,S6,roleplay,False,0,none,0
yaml_key,5,s6_rp_05,S6,roleplay,False,8,none,0
yaml_key,5,s6_rp_06,S6,roleplay,False,0,none,0
yaml_key,5,s6_rp_07,S6,roleplay,False,0,none,0
yaml_key,5,s6_rp_08,S6,roleplay,False,0,none,0
yaml_key,5,s6_enc_01,S6,encoding,False,4,none,0
yaml_key,5,s6_enc_02,S6,encoding,False,0,none,0
yaml_key,5,s6_enc_03,S6,encoding,False,4,none,0
yaml_key,5,s6_enc_04,S6,encoding,False,4,none,0
yaml_key,5,safe_01,SAFE,benign,False,0,none,0
yaml_key,5,safe_02,SAFE,benign,False,4,none,0
yaml_key,5,safe_03,SAFE,benign,False,4,none,0
yaml_key,5,safe_04,SAFE,benign,False,4,none,0
yaml_key,5,safe_05,SAFE,benign,False,0,none,0
yaml_key,5,safe_06,SAFE,benign,False,0,none,0
yaml_key,5,safe_07,SAFE,benign,False,4,none,0
yaml_key,5,safe_08,SAFE,benign,False,0,none,0
yaml_key,5,safe_09,SAFE,benign,False,0,none,0
yaml_key,5,safe_10,SAFE,benign,False,0,none,0
yaml_key,5,safe_11,SAFE,benign,False,0,none,0
yaml_key,5,safe_12,SAFE,benign,False,4,none,0
yaml_key,5,safe_13,SAFE,benign,False,0,none,0
yaml_key,5,safe_14,SAFE,benign,False,4,none,0
yaml_key,5,safe_15,SAFE,benign,False,0,none,0
yaml_key,5,safe_16,SAFE,benign,False,0,none,0
yaml_key,5,safe_17,SAFE,benign,False,4,none,0
yaml_key,5,safe_18,SAFE,benign,False,0,none,0
yaml_key,5,safe_19,SAFE,benign,False,0,none,0
yaml_key,5,safe_20,SAFE,benign,False,0,none,0
yaml_key,5,hn_p_01,SAFE,legit_prompt,True,8,none,0
yaml_key,5,hn_p_02,SAFE,legit_prompt,True,12,none,0
yaml_key,5,hn_p_03,SAFE,legit_prompt,True,4,none,0
yaml_key,5,hn_p_04,SAFE,legit_prompt,True,8,none,0
yaml_key,5,hn_p_05,SAFE,legit_prompt,True,12,none,0
yaml_key,5,hn_p_06,SAFE,legit_prompt,True,8,none,0
yaml_key,5,hn_p_07,SAFE,legit_prompt,True,8,none,0
yaml_key,5,hn_p_08,SAFE,legit_prompt,True,12,none,0
yaml_key,5,hn_d_01,SAFE,security_doc,False,0,none,0
yaml_key,5,hn_d_02,SAFE,security_doc,False,0,none,0
yaml_key,5,hn_d_03,SAFE,security_doc,False,0,none,0
yaml_key,5,hn_d_04,SAFE,security_doc,False,4,none,0
yaml_key,5,hn_d_05,SAFE,security_doc,False,0,none,0
yaml_key,5,hn_d_06,SAFE,security_doc,False,0,none,0
yaml_key,5,hn_d_07,SAFE,security_doc,False,4,none,0
yaml_key,5,hn_d_08,SAFE,security_doc,False,0,none,0
yaml_key,5,hn_t_01,SAFE,benign_template,True,6,none,0
yaml_key,5,hn_t_02,SAFE,benign_template,True,6,none,0
yaml_key,5,hn_t_03,SAFE,benign_template,True,6,none,0
yaml_key,5,hn_t_04,SAFE,benign_template,True,14,none,0
yaml_key,10,s5_imp_01,S5,imperative,False,0,none,0
yaml_key,10,s5_imp_02,S5,imperative,False,0,none,0
yaml_key,10,s5_imp_03,S5,imperative,False,4,none,0
yaml_key,10,s5_imp_04,S5,imperative,False,0,none,0
yaml_key,10,s5_imp_05,S5,imperative,False,0,none,0
yaml_key,10,s5_imp_06,S5,imperative,False,0,none,0
yaml_key,10,s5_imp_07,S5,imperative,False,0,none,0
yaml_key,10,s5_imp_08,S5,imperative,False,0,none,0
yaml_key,10,s5_imp_09,S5,imperative,False,4,none,0
yaml_key,10,s5_imp_10,S5,imperative,False,0,none,0
yaml_key,10,s5_imp_11,S5,imperative,False,0,none,0
yaml_key,10,s5_imp_12,S5,imperative,False,0,none,0
yaml_key,10,s5_imp_13,S5,imperative,False,0,none,0
yaml_key,10,s5_imp_14,S5,imperative,False,8,none,0
yaml_key,10,s5_imp_15,S5,imperative,False,0,none,0
yaml_key,10,s5_dec_01,S5,declarative,False,0,none,0
yaml_key,10,s5_dec_02,S5,declarative,False,0,none,0
yaml_key,10,s5_dec_03,S5,declarative,False,0,none,0
yaml_key,10,s5_dec_04,S5,declarative,False,0,none,0
yaml_key,10,s5_dec_05,S5,declarative,False,4,none,0
yaml_key,10,s5_dec_06,S5,declarative,False,0,none,0
yaml_key,10,s5_dec_07,S5,declarative,False,0,none,0
yaml_key,10,s5_dec_08,S5,declarative,False,0,none,0
yaml_key,10,s5_dec_09,S5,declarative,False,0,none,0
yaml_key,10,s5_dec_10,S5,declarative,False,0,none,0
yaml_key,10,s5_dec_11,S5,declarative,False,0,none,0
yaml_key,10,s5_dec_12,S5,declarative,False,0,none,0
yaml_key,10,s5_dec_13,S5,declarative,False,0,none,0
yaml_key,10,s5_dec_14,S5,declarative,False,0,none,0
yaml_key,10,s5_ind_01,S5,indirect,False,0,none,0
yaml_key,10,s5_ind_02,S5,indirect,False,0,none,0
yaml_key,10,s5_ind_03,S5,indirect,False,0,none,0
yaml_key,10,s5_ind_04,S5,indirect,False,0,none,0
yaml_key,10,s5_ind_05,S5,indirect,False,0,none,0
yaml_key,10,s5_ind_06,S5,indirect,False,0,none,0
yaml_key,10,s5_ind_07,S5,indirect,False,0,none,0
yaml_key,10,s5_ind_08,S5,indirect,False,0,none,0
yaml_key,10,s5_ind_09,S5,indirect,False,0,none,0
yaml_key,10,s5_ind_10,S5,indirect,False,0,none,0
yaml_key,10,s6_rp_01,S6,roleplay,False,4,none,0
yaml_key,10,s6_rp_02,S6,roleplay,False,4,none,0
yaml_key,10,s6_rp_03,S6,roleplay,False,4,none,0
yaml_key,10,s6_rp_04,S6,roleplay,False,0,none,0
yaml_key,10,s6_rp_05,S6,roleplay,False,8,none,0
yaml_key,10,s6_rp_06,S6,roleplay,False,0,none,0
yaml_key,10,s6_rp_07,S6,roleplay,False,0,none,0
yaml_key,10,s6_rp_08,S6,roleplay,False,0,none,0
yaml_key,10,s6_enc_01,S6,encoding,False,4,none,0
yaml_key,10,s6_enc_02,S6,encoding,False,0,none,0
yaml_key,10,s6_enc_03,S6,encoding,False,4,none,0
yaml_key,10,s6_enc_04,S6,encoding,False,4,none,0
yaml_key,10,safe_01,SAFE,benign,False,0,none,0
yaml_key,10,safe_02,SAFE,benign,False,4,none,0
yaml_key,10,safe_03,SAFE,benign,False,4,none,0
yaml_key,10,safe_04,SAFE,benign,False,4,none,0
yaml_key,10,safe_05,SAFE,benign,False,0,none,0
yaml_key,10,safe_06,SAFE,benign,False,0,none,0
yaml_key,10,safe_07,SAFE,benign,False,4,none,0
yaml_key,10,safe_08,SAFE,benign,False,0,none,0
yaml_key,10,safe_09,SAFE,benign,False,0,none,0
yaml_key,10,safe_10,SAFE,benign,False,0,none,0
yaml_key,10,safe_11,SAFE,benign,False,0,none,0
yaml_key,10,safe_12,SAFE,benign,False,4,none,0
yaml_key,10,safe_13,SAFE,benign,False,0,none,0
yaml_key,10,safe_14,SAFE,benign,False,4,none,0
yaml_key,10,safe_15,SAFE,benign,False,0,none,0
yaml_key,10,safe_16,SAFE,benign,False,0,none,0
yaml_key,10,safe_17,SAFE,benign,False,4,none,0
yaml_key,10,safe_18,SAFE,benign,False,0,none,0
yaml_key,10,safe_19,SAFE,benign,False,0,none,0
yaml_key,10,safe_20,SAFE,benign,False,0,none,0
yaml_key,10,hn_p_01,SAFE,legit_prompt,True,8,none,0
yaml_key,10,hn_p_02,SAFE,legit_prompt,True,12,none,0
yaml_key,10,hn_p_03,SAFE,legit_prompt,True,4,none,0
yaml_key,10,hn_p_04,SAFE,legit_prompt,True,8,none,0
yaml_key,10,hn_p_05,SAFE,legit_prompt,True,12,none,0
yaml_key,10,hn_p_06,SAFE,legit_prompt,True,8,none,0
yaml_key,10,hn_p_07,SAFE,legit_prompt,True,8,none,0
yaml_key,10,hn_p_08,SAFE,legit_prompt,True,12,none,0
yaml_key,10,hn_d_01,SAFE,security_doc,False,0,none,0
yaml_key,10,hn_d_02,SAFE,security_doc,False,0,none,0
yaml_key,10,hn_d_03,SAFE,security_doc,False,0,none,0
yaml_key,10,hn_d_04,SAFE,security_doc,False,4,none,0
yaml_key,10,hn_d_05,SAFE,security_doc,False,0,none,0
yaml_key,10,hn_d_06,SAFE,security_doc,False,0,none,0
yaml_key,10,hn_d_07,SAFE,security_doc,False,4,none,0
yaml_key,10,hn_d_08,SAFE,security_doc,False,0,none,0
yaml_key,10,hn_t_01,SAFE,benign_template,True,6,none,0
yaml_key,10,hn_t_02,SAFE,benign_template,True,6,none,0
yaml_key,10,hn_t_03,SAFE,benign_template,True,6,none,0
yaml_key,10,hn_t_04,SAFE,benign_template,True,14,none,0
yaml_key,15,s5_imp_01,S5,imperative,False,0,none,0
yaml_key,15,s5_imp_02,S5,imperative,False,0,none,0
yaml_key,15,s5_imp_03,S5,imperative,False,4,none,0
yaml_key,15,s5_imp_04,S5,imperative,False,0,none,0
yaml_key,15,s5_imp_05,S5,imperative,False,0,none,0
yaml_key,15,s5_imp_06,S5,imperative,False,0,none,0
yaml_key,15,s5_imp_07,S5,imperative,False,0,none,0
yaml_key,15,s5_imp_08,S5,imperative,False,0,none,0
yaml_key,15,s5_imp_09,S5,imperative,False,4,none,0
yaml_key,15,s5_imp_10,S5,imperative,False,0,none,0
yaml_key,15,s5_imp_11,S5,imperative,False,0,none,0
yaml_key,15,s5_imp_12,S5,imperative,False,0,none,0
yaml_key,15,s5_imp_13,S5,imperative,False,0,none,0
yaml_key,15,s5_imp_14,S5,imperative,False,8,none,0
yaml_key,15,s5_imp_15,S5,imperative,False,0,none,0
yaml_key,15,s5_dec_01,S5,declarative,False,0,none,0
yaml_key,15,s5_dec_02,S5,declarative,False,0,none,0
yaml_key,15,s5_dec_03,S5,declarative,False,0,none,0
yaml_key,15,s5_dec_04,S5,declarative,False,0,none,0
yaml_key,15,s5_dec_05,S5,declarative,False,4,none,0
yaml_key,15,s5_dec_06,S5,declarative,False,0,none,0
yaml_key,15,s5_dec_07,S5,declarative,False,0,none,0
yaml_key,15,s5_dec_08,S5,declarative,False,0,none,0
yaml_key,15,s5_dec_09,S5,declarative,False,0,none,0
yaml_key,15,s5_dec_10,S5,declarative,False,0,none,0
yaml_key,15,s5_dec_11,S5,declarative,False,0,none,0
yaml_key,15,s5_dec_12,S5,declarative,False,0,none,0
yaml_key,15,s5_dec_13,S5,declarative,False,0,none,0
yaml_key,15,s5_dec_14,S5,declarative,False,0,none,0
yaml_key,15,s5_ind_01,S5,indirect,False,0,none,0
yaml_key,15,s5_ind_02,S5,indirect,False,0,none,0
yaml_key,15,s5_ind_03,S5,indirect,False,0,none,0
yaml_key,15,s5_ind_04,S5,indirect,False,0,none,0
yaml_key,15,s5_ind_05,S5,indirect,False,0,none,0
yaml_key,15,s5_ind_06,S5,indirect,False,0,none,0
yaml_key,15,s5_ind_07,S5,indirect,False,0,none,0
yaml_key,15,s5_ind_08,S5,indirect,False,0,none,0
yaml_key,15,s5_ind_09,S5,indirect,False,0,none,0
yaml_key,15,s5_ind_10,S5,indirect,False,0,none,0
yaml_key,15,s6_rp_01,S6,roleplay,False,4,none,0
yaml_key,15,s6_rp_02,S6,roleplay,False,4,none,0
yaml_key,15,s6_rp_03,S6,roleplay,False,4,none,0
yaml_key,15,s6_rp_04,S6,roleplay,False,0,none,0
yaml_key,15,s6_rp_05,S6,roleplay,False,8,none,0
yaml_key,15,s6_rp_06,S6,roleplay,False,0,none,0
yaml_key,15,s6_rp_07,S6,roleplay,False,0,none,0
yaml_key,15,s6_rp_08,S6,roleplay,False,0,none,0
yaml_key,15,s6_enc_01,S6,encoding,False,4,none,0
yaml_key,15,s6_enc_02,S6,encoding,False,0,none,0
yaml_key,15,s6_enc_03,S6,encoding,False,4,none,0
yaml_key,15,s6_enc_04,S6,encoding,False,4,none,0
yaml_key,15,safe_01,SAFE,benign,False,0,none,0
yaml_key,15,safe_02,SAFE,benign,False,4,none,0
yaml_key,15,safe_03,SAFE,benign,False,4,none,0
yaml_key,15,safe_04,SAFE,benign,False,4,none,0
yaml_key,15,safe_05,SAFE,benign,False,0,none,0
yaml_key,15,safe_06,SAFE,benign,False,0,none,0
yaml_key,15,safe_07,SAFE,benign,False,4,none,0
yaml_key,15,safe_08,SAFE,benign,False,0,none,0
yaml_key,15,safe_09,SAFE,benign,False,0,none,0
yaml_key,15,safe_10,SAFE,benign,False,0,none,0
yaml_key,15,safe_11,SAFE,benign,False,0,none,0
yaml_key,15,safe_12,SAFE,benign,False,4,none,0
yaml_key,15,safe_13,SAFE,benign,False,0,none,0
yaml_key,15,safe_14,SAFE,benign,False,4,none,0
yaml_key,15,safe_15,SAFE,benign,False,0,none,0
yaml_key,15,safe_16,SAFE,benign,False,0,none,0
yaml_key,15,safe_17,SAFE,benign,False,4,none,0
yaml_key,15,safe_18,SAFE,benign,False,0,none,0
yaml_key,15,safe_19,SAFE,benign,False,0,none,0
yaml_key,15,safe_20,SAFE,benign,False,0,none,0
yaml_key,15,hn_p_01,SAFE,legit_prompt,True,8,none,0
yaml_key,15,hn_p_02,SAFE,legit_prompt,True,12,none,0
yaml_key,15,hn_p_03,SAFE,legit_prompt,True,4,none,0
yaml_key,15,hn_p_04,SAFE,legit_prompt,True,8,none,0
yaml_key,15,hn_p_05,SAFE,legit_prompt,True,12,none,0
yaml_key,15,hn_p_06,SAFE,legit_prompt,True,8,none,0
yaml_key,15,hn_p_07,SAFE,legit_prompt,True,8,none,0
yaml_key,15,hn_p_08,SAFE,legit_prompt,True,12,none,0
yaml_key,15,hn_d_01,SAFE,security_doc,False,0,none,0
yaml_key,15,hn_d_02,SAFE,security_doc,False,0,none,0
yaml_key,15,hn_d_03,SAFE,security_doc,False,0,none,0
yaml_key,15,hn_d_04,SAFE,security_doc,False,4,none,0
yaml_key,15,hn_d_05,SAFE,security_doc,False,0,none,0
yaml_key,15,hn_d_06,SAFE,security_doc,False,0,none,0
yaml_key,15,hn_d_07,SAFE,security_doc,False,4,none,0
yaml_key,15,hn_d_08,SAFE,security_doc,False,0,none,0
yaml_key,15,hn_t_01,SAFE,benign_template,True,6,none,0
yaml_key,15,hn_t_02,SAFE,benign_template,True,6,none,0
yaml_key,15,hn_t_03,SAFE,benign_template,True,6,none,0
yaml_key,15,hn_t_04,SAFE,benign_template,True,14,none,0
yaml_key,20,s5_imp_01,S5,imperative,False,0,none,0
yaml_key,20,s5_imp_02,S5,imperative,False,0,none,0
yaml_key,20,s5_imp_03,S5,imperative,False,4,none,0
yaml_key,20,s5_imp_04,S5,imperative,False,0,none,0
yaml_key,20,s5_imp_05,S5,imperative,False,0,none,0
yaml_key,20,s5_imp_06,S5,imperative,False,0,none,0
yaml_key,20,s5_imp_07,S5,imperative,False,0,none,0
yaml_key,20,s5_imp_08,S5,imperative,False,0,none,0
yaml_key,20,s5_imp_09,S5,imperative,False,4,none,0
yaml_key,20,s5_imp_10,S5,imperative,False,0,none,0
yaml_key,20,s5_imp_11,S5,imperative,False,0,none,0
yaml_key,20,s5_imp_12,S5,imperative,False,0,none,0
yaml_key,20,s5_imp_13,S5,imperative,False,0,none,0
yaml_key,20,s5_imp_14,S5,imperative,False,8,none,0
yaml_key,20,s5_imp_15,S5,imperative,False,0,none,0
yaml_key,20,s5_dec_01,S5,declarative,False,0,none,0
yaml_key,20,s5_dec_02,S5,declarative,False,0,none,0
yaml_key,20,s5_dec_03,S5,declarative,False,0,none,0
yaml_key,20,s5_dec_04,S5,declarative,False,0,none,0
yaml_key,20,s5_dec_05,S5,declarative,False,4,none,0
yaml_key,20,s5_dec_06,S5,declarative,False,0,none,0
yaml_key,20,s5_dec_07,S5,declarative,False,0,none,0
yaml_key,20,s5_dec_08,S5,declarative,False,0,none,0
yaml_key,20,s5_dec_09,S5,declarative,False,0,none,0
yaml_key,20,s5_dec_10,S5,declarative,False,0,none,0
yaml_key,20,s5_dec_11,S5,declarative,False,0,none,0
yaml_key,20,s5_dec_12,S5,declarative,False,0,none,0
yaml_key,20,s5_dec_13,S5,declarative,False,0,none,0
yaml_key,20,s5_dec_14,S5,declarative,False,0,none,0
yaml_key,20,s5_ind_01,S5,indirect,False,0,none,0
yaml_key,20,s5_ind_02,S5,indirect,False,0,none,0
yaml_key,20,s5_ind_03,S5,indirect,False,0,none,0
yaml_key,20,s5_ind_04,S5,indirect,False,0,none,0
yaml_key,20,s5_ind_05,S5,indirect,False,0,none,0
yaml_key,20,s5_ind_06,S5,indirect,False,0,none,0
yaml_key,20,s5_ind_07,S5,indirect,False,0,none,0
yaml_key,20,s5_ind_08,S5,indirect,False,0,none,0
yaml_key,20,s5_ind_09,S5,indirect,False,0,none,0
yaml_key,20,s5_ind_10,S5,indirect,False,0,none,0
yaml_key,20,s6_rp_01,S6,roleplay,False,4,none,0
yaml_key,20,s6_rp_02,S6,roleplay,False,4,none,0
yaml_key,20,s6_rp_03,S6,roleplay,False,4,none,0
yaml_key,20,s6_rp_04,S6,roleplay,False,0,none,0
yaml_key,20,s6_rp_05,S6,roleplay,False,8,none,0
yaml_key,20,s6_rp_06,S6,roleplay,False,0,none,0
yaml_key,20,s6_rp_07,S6,roleplay,False,0,none,0
yaml_key,20,s6_rp_08,S6,roleplay,False,0,none,0
yaml_key,20,s6_enc_01,S6,encoding,False,4,none,0
yaml_key,20,s6_enc_02,S6,encoding,False,0,none,0
yaml_key,20,s6_enc_03,S6,encoding,False,4,none,0
yaml_key,20,s6_enc_04,S6,encoding,False,4,none,0
yaml_key,20,safe_01,SAFE,benign,False,0,none,0
yaml_key,20,safe_02,SAFE,benign,False,4,none,0
yaml_key,20,safe_03,SAFE,benign,False,4,none,0
yaml_key,20,safe_04,SAFE,benign,False,4,none,0
yaml_key,20,safe_05,SAFE,benign,False,0,none,0
yaml_key,20,safe_06,SAFE,benign,False,0,none,0
yaml_key,20,safe_07,SAFE,benign,False,4,none,0
yaml_key,20,safe_08,SAFE,benign,False,0,none,0
yaml_key,20,safe_09,SAFE,benign,False,0,none,0
yaml_key,20,safe_10,SAFE,benign,False,0,none,0
yaml_key,20,safe_11,SAFE,benign,False,0,none,0
yaml_key,20,safe_12,SAFE,benign,False,4,none,0
yaml_key,20,safe_13,SAFE,benign,False,0,none,0
yaml_key,20,safe_14,SAFE,benign,False,4,none,0
yaml_key,20,safe_15,SAFE,benign,False,0,none,0
yaml_key,20,safe_16,SAFE,benign,False,0,none,0
yaml_key,20,safe_17,SAFE,benign,False,4,none,0
yaml_key,20,safe_18,SAFE,benign,False,0,none,0
yaml_key,20,safe_19,SAFE,benign,False,0,none,0
yaml_key,20,safe_20,SAFE,benign,False,0,none,0
yaml_key,20,hn_p_01,SAFE,legit_prompt,True,8,none,0
yaml_key,20,hn_p_02,SAFE,legit_prompt,True,12,none,0
yaml_key,20,hn_p_03,SAFE,legit_prompt,True,4,none,0
yaml_key,20,hn_p_04,SAFE,legit_prompt,True,8,none,0
yaml_key,20,hn_p_05,SAFE,legit_prompt,True,12,none,0
yaml_key,20,hn_p_06,SAFE,legit_prompt,True,8,none,0
yaml_key,20,hn_p_07,SAFE,legit_prompt,True,8,none,0
yaml_key,20,hn_p_08,SAFE,legit_prompt,True,12,none,0
yaml_key,20,hn_d_01,SAFE,security_doc,False,0,none,0
yaml_key,20,hn_d_02,SAFE,security_doc,False,0,none,0
yaml_key,20,hn_d_03,SAFE,security_doc,False,0,none,0
yaml_key,20,hn_d_04,SAFE,security_doc,False,4,none,0
yaml_key,20,hn_d_05,SAFE,security_doc,False,0,none,0
yaml_key,20,hn_d_06,SAFE,security_doc,False,0,none,0
yaml_key,20,hn_d_07,SAFE,security_doc,False,4,none,0
yaml_key,20,hn_d_08,SAFE,security_doc,False,0,none,0
yaml_key,20,hn_t_01,SAFE,benign_template,True,6,none,0
yaml_key,20,hn_t_02,SAFE,benign_template,True,6,none,0
yaml_key,20,hn_t_03,SAFE,benign_template,True,6,none,0
yaml_key,20,hn_t_04,SAFE,benign_template,True,14,none,0
yaml_key,25,s5_imp_01,S5,imperative,False,0,none,0
yaml_key,25,s5_imp_02,S5,imperative,False,0,none,0
yaml_key,25,s5_imp_03,S5,imperative,False,4,none,0
yaml_key,25,s5_imp_04,S5,imperative,False,0,none,0
yaml_key,25,s5_imp_05,S5,imperative,False,0,none,0
yaml_key,25,s5_imp_06,S5,imperative,False,0,none,0
yaml_key,25,s5_imp_07,S5,imperative,False,0,none,0
yaml_key,25,s5_imp_08,S5,imperative,False,0,none,0
yaml_key,25,s5_imp_09,S5,imperative,False,4,none,0
yaml_key,25,s5_imp_10,S5,imperative,False,0,none,0
yaml_key,25,s5_imp_11,S5,imperative,False,0,none,0
yaml_key,25,s5_imp_12,S5,imperative,False,0,none,0
yaml_key,25,s5_imp_13,S5,imperative,False,0,none,0
yaml_key,25,s5_imp_14,S5,imperative,False,8,none,0
yaml_key,25,s5_imp_15,S5,imperative,False,0,none,0
yaml_key,25,s5_dec_01,S5,declarative,False,0,none,0
yaml_key,25,s5_dec_02,S5,declarative,False,0,none,0
yaml_key,25,s5_dec_03,S5,declarative,False,0,none,0
yaml_key,25,s5_dec_04,S5,declarative,False,0,none,0
yaml_key,25,s5_dec_05,S5,declarative,False,4,none,0
yaml_key,25,s5_dec_06,S5,declarative,False,0,none,0
yaml_key,25,s5_dec_07,S5,declarative,False,0,none,0
yaml_key,25,s5_dec_08,S5,declarative,False,0,none,0
yaml_key,25,s5_dec_09,S5,declarative,False,0,none,0
yaml_key,25,s5_dec_10,S5,declarative,False,0,none,0
yaml_key,25,s5_dec_11,S5,declarative,False,0,none,0
yaml_key,25,s5_dec_12,S5,declarative,False,0,none,0
yaml_key,25,s5_dec_13,S5,declarative,False,0,none,0
yaml_key,25,s5_dec_14,S5,declarative,False,0,none,0
yaml_key,25,s5_ind_01,S5,indirect,False,0,none,0
yaml_key,25,s5_ind_02,S5,indirect,False,0,none,0
yaml_key,25,s5_ind_03,S5,indirect,False,0,none,0
yaml_key,25,s5_ind_04,S5,indirect,False,0,none,0
yaml_key,25,s5_ind_05,S5,indirect,False,0,none,0
yaml_key,25,s5_ind_06,S5,indirect,False,0,none,0
yaml_key,25,s5_ind_07,S5,indirect,False,0,none,0
yaml_key,25,s5_ind_08,S5,indirect,False,0,none,0
yaml_key,25,s5_ind_09,S5,indirect,False,0,none,0
yaml_key,25,s5_ind_10,S5,indirect,False,0,none,0
yaml_key,25,s6_rp_01,S6,roleplay,False,4,none,0
yaml_key,25,s6_rp_02,S6,roleplay,False,4,none,0
yaml_key,25,s6_rp_03,S6,roleplay,False,4,none,0
yaml_key,25,s6_rp_04,S6,roleplay,False,0,none,0
yaml_key,25,s6_rp_05,S6,roleplay,False,8,none,0
yaml_key,25,s6_rp_06,S6,roleplay,False,0,none,0
yaml_key,25,s6_rp_07,S6,roleplay,False,0,none,0
yaml_key,25,s6_rp_08,S6,roleplay,False,0,none,0
yaml_key,25,s6_enc_01,S6,encoding,False,4,none,0
yaml_key,25,s6_enc_02,S6,encoding,False,0,none,0
yaml_key,25,s6_enc_03,S6,encoding,False,4,none,0
yaml_key,25,s6_enc_04,S6,encoding,False,4,none,0
yaml_key,25,safe_01,SAFE,benign,False,0,none,0
yaml_key,25,safe_02,SAFE,benign,False,4,none,0
yaml_key,25,safe_03,SAFE,benign,False,4,none,0
yaml_key,25,safe_04,SAFE,benign,False,4,none,0
yaml_key,25,safe_05,SAFE,benign,False,0,none,0
yaml_key,25,safe_06,SAFE,benign,False,0,none,0
yaml_key,25,safe_07,SAFE,benign,False,4,none,0
yaml_key,25,safe_08,SAFE,benign,False,0,none,0
yaml_key,25,safe_09,SAFE,benign,False,0,none,0
yaml_key,25,safe_10,SAFE,benign,False,0,none,0
yaml_key,25,safe_11,SAFE,benign,False,0,none,0
yaml_key,25,safe_12,SAFE,benign,False,4,none,0
yaml_key,25,safe_13,SAFE,benign,False,0,none,0
yaml_key,25,safe_14,SAFE,benign,False,4,none,0
yaml_key,25,safe_15,SAFE,benign,False,0,none,0
yaml_key,25,safe_16,SAFE,benign,False,0,none,0
yaml_key,25,safe_17,SAFE,benign,False,4,none,0
yaml_key,25,safe_18,SAFE,benign,False,0,none,0
yaml_key,25,safe_19,SAFE,benign,False,0,none,0
yaml_key,25,safe_20,SAFE,benign,False,0,none,0
yaml_key,25,hn_p_01,SAFE,legit_prompt,True,8,none,0
yaml_key,25,hn_p_02,SAFE,legit_prompt,True,12,none,0
yaml_key,25,hn_p_03,SAFE,legit_prompt,True,4,none,0
yaml_key,25,hn_p_04,SAFE,legit_prompt,True,8,none,0
yaml_key,25,hn_p_05,SAFE,legit_prompt,True,12,none,0
yaml_key,25,hn_p_06,SAFE,legit_prompt,True,8,none,0
yaml_key,25,hn_p_07,SAFE,legit_prompt,True,8,none,0
yaml_key,25,hn_p_08,SAFE,legit_prompt,True,12,none,0
yaml_key,25,hn_d_01,SAFE,security_doc,False,0,none,0
yaml_key,25,hn_d_02,SAFE,security_doc,False,0,none,0
yaml_key,25,hn_d_03,SAFE,security_doc,False,0,none,0
yaml_key,25,hn_d_04,SAFE,security_doc,False,4,none,0
yaml_key,25,hn_d_05,SAFE,security_doc,False,0,none,0
yaml_key,25,hn_d_06,SAFE,security_doc,False,0,none,0
yaml_key,25,hn_d_07,SAFE,security_doc,False,4,none,0
yaml_key,25,hn_d_08,SAFE,security_doc,False,0,none,0
yaml_key,25,hn_t_01,SAFE,benign_template,True,6,none,0
yaml_key,25,hn_t_02,SAFE,benign_template,True,6,none,0
yaml_key,25,hn_t_03,SAFE,benign_template,True,6,none,0
yaml_key,25,hn_t_04,SAFE,benign_template,True,14,none,0
yaml_key,30,s5_imp_01,S5,imperative,False,0,none,0
yaml_key,30,s5_imp_02,S5,imperative,False,0,none,0
yaml_key,30,s5_imp_03,S5,imperative,False,4,none,0
yaml_key,30,s5_imp_04,S5,imperative,False,0,none,0
yaml_key,30,s5_imp_05,S5,imperative,False,0,none,0
yaml_key,30,s5_imp_06,S5,imperative,False,0,none,0
yaml_key,30,s5_imp_07,S5,imperative,False,0,none,0
yaml_key,30,s5_imp_08,S5,imperative,False,0,none,0
yaml_key,30,s5_imp_09,S5,imperative,False,4,none,0
yaml_key,30,s5_imp_10,S5,imperative,False,0,none,0
yaml_key,30,s5_imp_11,S5,imperative,False,0,none,0
yaml_key,30,s5_imp_12,S5,imperative,False,0,none,0
yaml_key,30,s5_imp_13,S5,imperative,False,0,none,0
yaml_key,30,s5_imp_14,S5,imperative,False,8,none,0
yaml_key,30,s5_imp_15,S5,imperative,False,0,none,0
yaml_key,30,s5_dec_01,S5,declarative,False,0,none,0
yaml_key,30,s5_dec_02,S5,declarative,False,0,none,0
yaml_key,30,s5_dec_03,S5,declarative,False,0,none,0
yaml_key,30,s5_dec_04,S5,declarative,False,0,none,0
yaml_key,30,s5_dec_05,S5,declarative,False,4,none,0
yaml_key,30,s5_dec_06,S5,declarative,False,0,none,0
yaml_key,30,s5_dec_07,S5,declarative,False,0,none,0
yaml_key,30,s5_dec_08,S5,declarative,False,0,none,0
yaml_key,30,s5_dec_09,S5,declarative,False,0,none,0
yaml_key,30,s5_dec_10,S5,declarative,False,0,none,0
yaml_key,30,s5_dec_11,S5,declarative,False,0,none,0
yaml_key,30,s5_dec_12,S5,declarative,False,0,none,0
yaml_key,30,s5_dec_13,S5,declarative,False,0,none,0
yaml_key,30,s5_dec_14,S5,declarative,False,0,none,0
yaml_key,30,s5_ind_01,S5,indirect,False,0,none,0
yaml_key,30,s5_ind_02,S5,indirect,False,0,none,0
yaml_key,30,s5_ind_03,S5,indirect,False,0,none,0
yaml_key,30,s5_ind_04,S5,indirect,False,0,none,0
yaml_key,30,s5_ind_05,S5,indirect,False,0,none,0
yaml_key,30,s5_ind_06,S5,indirect,False,0,none,0
yaml_key,30,s5_ind_07,S5,indirect,False,0,none,0
yaml_key,30,s5_ind_08,S5,indirect,False,0,none,0
yaml_key,30,s5_ind_09,S5,indirect,False,0,none,0
yaml_key,30,s5_ind_10,S5,indirect,False,0,none,0
yaml_key,30,s6_rp_01,S6,roleplay,False,4,none,0
yaml_key,30,s6_rp_02,S6,roleplay,False,4,none,0
yaml_key,30,s6_rp_03,S6,roleplay,False,4,none,0
yaml_key,30,s6_rp_04,S6,roleplay,False,0,none,0
yaml_key,30,s6_rp_05,S6,roleplay,False,8,none,0
yaml_key,30,s6_rp_06,S6,roleplay,False,0,none,0
yaml_key,30,s6_rp_07,S6,roleplay,False,0,none,0
yaml_key,30,s6_rp_08,S6,roleplay,False,0,none,0
yaml_key,30,s6_enc_01,S6,encoding,False,4,none,0
yaml_key,30,s6_enc_02,S6,encoding,False,0,none,0
yaml_key,30,s6_enc_03,S6,encoding,False,4,none,0
yaml_key,30,s6_enc_04,S6,encoding,False,4,none,0
yaml_key,30,safe_01,SAFE,benign,False,0,none,0
yaml_key,30,safe_02,SAFE,benign,False,4,none,0
yaml_key,30,safe_03,SAFE,benign,False,4,none,0
yaml_key,30,safe_04,SAFE,benign,False,4,none,0
yaml_key,30,safe_05,SAFE,benign,False,0,none,0
yaml_key,30,safe_06,SAFE,benign,False,0,none,0
yaml_key,30,safe_07,SAFE,benign,False,4,none,0
yaml_key,30,safe_08,SAFE,benign,False,0,none,0
yaml_key,30,safe_09,SAFE,benign,False,0,none,0
yaml_key,30,safe_10,SAFE,benign,False,0,none,0
yaml_key,30,safe_11,SAFE,benign,False,0,none,0
yaml_key,30,safe_12,SAFE,benign,False,4,none,0
yaml_key,30,safe_13,SAFE,benign,False,0,none,0
yaml_key,30,safe_14,SAFE,benign,False,4,none,0
yaml_key,30,safe_15,SAFE,benign,False,0,none,0
yaml_key,30,safe_16,SAFE,benign,False,0,none,0
yaml_key,30,safe_17,SAFE,benign,False,4,none,0
yaml_key,30,safe_18,SAFE,benign,False,0,none,0
yaml_key,30,safe_19,SAFE,benign,False,0,none,0
yaml_key,30,safe_20,SAFE,benign,False,0,none,0
yaml_key,30,hn_p_01,SAFE,legit_prompt,True,8,none,0
yaml_key,30,hn_p_02,SAFE,legit_prompt,True,12,none,0
yaml_key,30,hn_p_03,SAFE,legit_prompt,True,4,none,0
yaml_key,30,hn_p_04,SAFE,legit_prompt,True,8,none,0
yaml_key,30,hn_p_05,SAFE,legit_prompt,True,12,none,0
yaml_key,30,hn_p_06,SAFE,legit_prompt,True,8,none,0
yaml_key,30,hn_p_07,SAFE,legit_prompt,True,8,none,0
yaml_key,30,hn_p_08,SAFE,legit_prompt,True,12,none,0
yaml_key,30,hn_d_01,SAFE,security_doc,False,0,none,0
yaml_key,30,hn_d_02,SAFE,security_doc,False,0,none,0
yaml_key,30,hn_d_03,SAFE,security_doc,False,0,none,0
yaml_key,30,hn_d_04,SAFE,security_doc,False,4,none,0
yaml_key,30,hn_d_05,SAFE,security_doc,False,0,none,0
yaml_key,30,hn_d_06,SAFE,security_doc,False,0,none,0
yaml_key,30,hn_d_07,SAFE,security_doc,False,4,none,0
yaml_key,30,hn_d_08,SAFE,security_doc,False,0,none,0
yaml_key,30,hn_t_01,SAFE,benign_template,True,6,none,0
yaml_key,30,hn_t_02,SAFE,benign_template,True,6,none,0
yaml_key,30,hn_t_03,SAFE,benign_template,True,6,none,0
yaml_key,30,hn_t_04,SAFE,benign_template,True,14,none,0
yaml_key,35,s5_imp_01,S5,imperative,False,0,none,0
yaml_key,35,s5_imp_02,S5,imperative,False,0,none,0
yaml_key,35,s5_imp_03,S5,imperative,False,4,none,0
yaml_key,35,s5_imp_04,S5,imperative,False,0,none,0
yaml_key,35,s5_imp_05,S5,imperative,False,0,none,0
yaml_key,35,s5_imp_06,S5,imperative,False,0,none,0
yaml_key,35,s5_imp_07,S5,imperative,False,0,none,0
yaml_key,35,s5_imp_08,S5,imperative,False,0,none,0
yaml_key,35,s5_imp_09,S5,imperative,False,4,none,0
yaml_key,35,s5_imp_10,S5,imperative,False,0,none,0
yaml_key,35,s5_imp_11,S5,imperative,False,0,none,0
yaml_key,35,s5_imp_12,S5,imperative,False,0,none,0
yaml_key,35,s5_imp_13,S5,imperative,False,0,none,0
yaml_key,35,s5_imp_14,S5,imperative,False,8,none,0
yaml_key,35,s5_imp_15,S5,imperative,False,0,none,0
yaml_key,35,s5_dec_01,S5,declarative,False,0,none,0
yaml_key,35,s5_dec_02,S5,declarative,False,0,none,0
yaml_key,35,s5_dec_03,S5,declarative,False,0,none,0
yaml_key,35,s5_dec_04,S5,declarative,False,0,none,0
yaml_key,35,s5_dec_05,S5,declarative,False,4,none,0
yaml_key,35,s5_dec_06,S5,declarative,False,0,none,0
yaml_key,35,s5_dec_07,S5,declarative,False,0,none,0
yaml_key,35,s5_dec_08,S5,declarative,False,0,none,0
yaml_key,35,s5_dec_09,S5,declarative,False,0,none,0
yaml_key,35,s5_dec_10,S5,declarative,False,0,none,0
yaml_key,35,s5_dec_11,S5,declarative,False,0,none,0
yaml_key,35,s5_dec_12,S5,declarative,False,0,none,0
yaml_key,35,s5_dec_13,S5,declarative,False,0,none,0
yaml_key,35,s5_dec_14,S5,declarative,False,0,none,0
yaml_key,35,s5_ind_01,S5,indirect,False,0,none,0
yaml_key,35,s5_ind_02,S5,indirect,False,0,none,0
yaml_key,35,s5_ind_03,S5,indirect,False,0,none,0
yaml_key,35,s5_ind_04,S5,indirect,False,0,none,0
yaml_key,35,s5_ind_05,S5,indirect,False,0,none,0
yaml_key,35,s5_ind_06,S5,indirect,False,0,none,0
yaml_key,35,s5_ind_07,S5,indirect,False,0,none,0
yaml_key,35,s5_ind_08,S5,indirect,False,0,none,0
yaml_key,35,s5_ind_09,S5,indirect,False,0,none,0
yaml_key,35,s5_ind_10,S5,indirect,False,0,none,0
yaml_key,35,s6_rp_01,S6,roleplay,False,4,none,0
yaml_key,35,s6_rp_02,S6,roleplay,False,4,none,0
yaml_key,35,s6_rp_03,S6,roleplay,False,4,none,0
yaml_key,35,s6_rp_04,S6,roleplay,False,0,none,0
yaml_key,35,s6_rp_05,S6,roleplay,False,8,none,0
yaml_key,35,s6_rp_06,S6,roleplay,False,0,none,0
yaml_key,35,s6_rp_07,S6,roleplay,False,0,none,0
yaml_key,35,s6_rp_08,S6,roleplay,False,0,none,0
yaml_key,35,s6_enc_01,S6,encoding,False,4,none,0
yaml_key,35,s6_enc_02,S6,encoding,False,0,none,0
yaml_key,35,s6_enc_03,S6,encoding,False,4,none,0
yaml_key,35,s6_enc_04,S6,encoding,False,4,none,0
yaml_key,35,safe_01,SAFE,benign,False,0,none,0
yaml_key,35,safe_02,SAFE,benign,False,4,none,0
yaml_key,35,safe_03,SAFE,benign,False,4,none,0
yaml_key,35,safe_04,SAFE,benign,False,4,none,0
yaml_key,35,safe_05,SAFE,benign,False,0,none,0
yaml_key,35,safe_06,SAFE,benign,False,0,none,0
yaml_key,35,safe_07,SAFE,benign,False,4,none,0
yaml_key,35,safe_08,SAFE,benign,False,0,none,0
yaml_key,35,safe_09,SAFE,benign,False,0,none,0
yaml_key,35,safe_10,SAFE,benign,False,0,none,0
yaml_key,35,safe_11,SAFE,benign,False,0,none,0
yaml_key,35,safe_12,SAFE,benign,False,4,none,0
yaml_key,35,safe_13,SAFE,benign,False,0,none,0
yaml_key,35,safe_14,SAFE,benign,False,4,none,0
yaml_key,35,safe_15,SAFE,benign,False,0,none,0
yaml_key,35,safe_16,SAFE,benign,False,0,none,0
yaml_key,35,safe_17,SAFE,benign,False,4,none,0
yaml_key,35,safe_18,SAFE,benign,False,0,none,0
yaml_key,35,safe_19,SAFE,benign,False,0,none,0
yaml_key,35,safe_20,SAFE,benign,False,0,none,0
yaml_key,35,hn_p_01,SAFE,legit_prompt,True,8,none,0
yaml_key,35,hn_p_02,SAFE,legit_prompt,True,12,none,0
yaml_key,35,hn_p_03,SAFE,legit_prompt,True,4,none,0
yaml_key,35,hn_p_04,SAFE,legit_prompt,True,8,none,0
yaml_key,35,hn_p_05,SAFE,legit_prompt,True,12,none,0
yaml_key,35,hn_p_06,SAFE,legit_prompt,True,8,none,0
yaml_key,35,hn_p_07,SAFE,legit_prompt,True,8,none,0
yaml_key,35,hn_p_08,SAFE,legit_prompt,True,12,none,0
yaml_key,35,hn_d_01,SAFE,security_doc,False,0,none,0
yaml_key,35,hn_d_02,SAFE,security_doc,False,0,none,0
yaml_key,35,hn_d_03,SAFE,security_doc,False,0,none,0
yaml_key,35,hn_d_04,SAFE,security_doc,False,4,none,0
yaml_key,35,hn_d_05,SAFE,security_doc,False,0,none,0
yaml_key,35,hn_d_06,SAFE,security_doc,False,0,none,0
yaml_key,35,hn_d_07,SAFE,security_doc,False,4,none,0
yaml_key,35,hn_d_08,SAFE,security_doc,False,0,none,0
yaml_key,35,hn_t_01,SAFE,benign_template,True,6,none,0
yaml_key,35,hn_t_02,SAFE,benign_template,True,6,none,0
yaml_key,35,hn_t_03,SAFE,benign_template,True,6,none,0
yaml_key,35,hn_t_04,SAFE,benign_template,True,14,none,0
yaml_key,40,s5_imp_01,S5,imperative,False,0,none,0
yaml_key,40,s5_imp_02,S5,imperative,False,0,none,0
yaml_key,40,s5_imp_03,S5,imperative,False,4,none,0
yaml_key,40,s5_imp_04,S5,imperative,False,0,none,0
yaml_key,40,s5_imp_05,S5,imperative,False,0,none,0
yaml_key,40,s5_imp_06,S5,imperative,False,0,none,0
yaml_key,40,s5_imp_07,S5,imperative,False,0,none,0
yaml_key,40,s5_imp_08,S5,imperative,False,0,none,0
yaml_key,40,s5_imp_09,S5,imperative,False,4,none,0
yaml_key,40,s5_imp_10,S5,imperative,False,0,none,0
yaml_key,40,s5_imp_11,S5,imperative,False,0,none,0
yaml_key,40,s5_imp_12,S5,imperative,False,0,none,0
yaml_key,40,s5_imp_13,S5,imperative,False,0,none,0
yaml_key,40,s5_imp_14,S5,imperative,False,8,none,0
yaml_key,40,s5_imp_15,S5,imperative,False,0,none,0
yaml_key,40,s5_dec_01,S5,declarative,False,0,none,0
yaml_key,40,s5_dec_02,S5,declarative,False,0,none,0
yaml_key,40,s5_dec_03,S5,declarative,False,0,none,0
yaml_key,40,s5_dec_04,S5,declarative,False,0,none,0
yaml_key,40,s5_dec_05,S5,declarative,False,4,none,0
yaml_key,40,s5_dec_06,S5,declarative,False,0,none,0
yaml_key,40,s5_dec_07,S5,declarative,False,0,none,0
yaml_key,40,s5_dec_08,S5,declarative,False,0,none,0
yaml_key,40,s5_dec_09,S5,declarative,False,0,none,0
yaml_key,40,s5_dec_10,S5,declarative,False,0,none,0
yaml_key,40,s5_dec_11,S5,declarative,False,0,none,0
yaml_key,40,s5_dec_12,S5,declarative,False,0,none,0
yaml_key,40,s5_dec_13,S5,declarative,False,0,none,0
yaml_key,40,s5_dec_14,S5,declarative,False,0,none,0
yaml_key,40,s5_ind_01,S5,indirect,False,0,none,0
yaml_key,40,s5_ind_02,S5,indirect,False,0,none,0
yaml_key,40,s5_ind_03,S5,indirect,False,0,none,0
yaml_key,40,s5_ind_04,S5,indirect,False,0,none,0
yaml_key,40,s5_ind_05,S5,indirect,False,0,none,0
yaml_key,40,s5_ind_06,S5,indirect,False,0,none,0
yaml_key,40,s5_ind_07,S5,indirect,False,0,none,0
yaml_key,40,s5_ind_08,S5,indirect,False,0,none,0
yaml_key,40,s5_ind_09,S5,indirect,False,0,none,0
yaml_key,40,s5_ind_10,S5,indirect,False,0,none,0
yaml_key,40,s6_rp_01,S6,roleplay,False,4,none,0
yaml_key,40,s6_rp_02,S6,roleplay,False,4,none,0
yaml_key,40,s6_rp_03,S6,roleplay,False,4,none,0
yaml_key,40,s6_rp_04,S6,roleplay,False,0,none,0
yaml_key,40,s6_rp_05,S6,roleplay,False,8,none,0
yaml_key,40,s6_rp_06,S6,roleplay,False,0,none,0
yaml_key,40,s6_rp_07,S6,roleplay,False,0,none,0
yaml_key,40,s6_rp_08,S6,roleplay,False,0,none,0
yaml_key,40,s6_enc_01,S6,encoding,False,4,none,0
yaml_key,40,s6_enc_02,S6,encoding,False,0,none,0
yaml_key,40,s6_enc_03,S6,encoding,False,4,none,0
yaml_key,40,s6_enc_04,S6,encoding,False,4,none,0
yaml_key,40,safe_01,SAFE,benign,False,0,none,0
yaml_key,40,safe_02,SAFE,benign,False,4,none,0
yaml_key,40,safe_03,SAFE,benign,False,4,none,0
yaml_key,40,safe_04,SAFE,benign,False,4,none,0
yaml_key,40,safe_05,SAFE,benign,False,0,none,0
yaml_key,40,safe_06,SAFE,benign,False,0,none,0
yaml_key,40,safe_07,SAFE,benign,False,4,none,0
yaml_key,40,safe_08,SAFE,benign,False,0,none,0
yaml_key,40,safe_09,SAFE,benign,False,0,none,0
yaml_key,40,safe_10,SAFE,benign,False,0,none,0
yaml_key,40,safe_11,SAFE,benign,False,0,none,0
yaml_key,40,safe_12,SAFE,benign,False,4,none,0
yaml_key,40,safe_13,SAFE,benign,False,0,none,0
yaml_key,40,safe_14,SAFE,benign,False,4,none,0
yaml_key,40,safe_15,SAFE,benign,False,0,none,0
yaml_key,40,safe_16,SAFE,benign,False,0,none,0
yaml_key,40,safe_17,SAFE,benign,False,4,none,0
yaml_key,40,safe_18,SAFE,benign,False,0,none,0
yaml_key,40,safe_19,SAFE,benign,False,0,none,0
yaml_key,40,safe_20,SAFE,benign,False,0,none,0
yaml_key,40,hn_p_01,SAFE,legit_prompt,True,8,none,0
yaml_key,40,hn_p_02,SAFE,legit_prompt,True,12,none,0
yaml_key,40,hn_p_03,SAFE,legit_prompt,True,4,none,0
yaml_key,40,hn_p_04,SAFE,legit_prompt,True,8,none,0
yaml_key,40,hn_p_05,SAFE,legit_prompt,True,12,none,0
yaml_key,40,hn_p_06,SAFE,legit_prompt,True,8,none,0
yaml_key,40,hn_p_07,SAFE,legit_prompt,True,8,none,0
yaml_key,40,hn_p_08,SAFE,legit_prompt,True,12,none,0
yaml_key,40,hn_d_01,SAFE,security_doc,False,0,none,0
yaml_key,40,hn_d_02,SAFE,security_doc,False,0,none,0
yaml_key,40,hn_d_03,SAFE,security_doc,False,0,none,0
yaml_key,40,hn_d_04,SAFE,security_doc,False,4,none,0
yaml_key,40,hn_d_05,SAFE,security_doc,False,0,none,0
yaml_key,40,hn_d_06,SAFE,security_doc,False,0,none,0
yaml_key,40,hn_d_07,SAFE,security_doc,False,4,none,0
yaml_key,40,hn_d_08,SAFE,security_doc,False,0,none,0
yaml_key,40,hn_t_01,SAFE,benign_template,True,6,none,0
yaml_key,40,hn_t_02,SAFE,benign_template,True,6,none,0
yaml_key,40,hn_t_03,SAFE,benign_template,True,6,none,0
yaml_key,40,hn_t_04,SAFE,benign_template,True,14,none,0
yaml_key,45,s5_imp_01,S5,imperative,False,0,none,0
yaml_key,45,s5_imp_02,S5,imperative,False,0,none,0
yaml_key,45,s5_imp_03,S5,imperative,False,4,none,0
yaml_key,45,s5_imp_04,S5,imperative,False,0,none,0
yaml_key,45,s5_imp_05,S5,imperative,False,0,none,0
yaml_key,45,s5_imp_06,S5,imperative,False,0,none,0
yaml_key,45,s5_imp_07,S5,imperative,False,0,none,0
yaml_key,45,s5_imp_08,S5,imperative,False,0,none,0
yaml_key,45,s5_imp_09,S5,imperative,False,4,none,0
yaml_key,45,s5_imp_10,S5,imperative,False,0,none,0
yaml_key,45,s5_imp_11,S5,imperative,False,0,none,0
yaml_key,45,s5_imp_12,S5,imperative,False,0,none,0
yaml_key,45,s5_imp_13,S5,imperative,False,0,none,0
yaml_key,45,s5_imp_14,S5,imperative,False,8,none,0
yaml_key,45,s5_imp_15,S5,imperative,False,0,none,0
yaml_key,45,s5_dec_01,S5,declarative,False,0,none,0
yaml_key,45,s5_dec_02,S5,declarative,False,0,none,0
yaml_key,45,s5_dec_03,S5,declarative,False,0,none,0
yaml_key,45,s5_dec_04,S5,declarative,False,0,none,0
yaml_key,45,s5_dec_05,S5,declarative,False,4,none,0
yaml_key,45,s5_dec_06,S5,declarative,False,0,none,0
yaml_key,45,s5_dec_07,S5,declarative,False,0,none,0
yaml_key,45,s5_dec_08,S5,declarative,False,0,none,0
yaml_key,45,s5_dec_09,S5,declarative,False,0,none,0
yaml_key,45,s5_dec_10,S5,declarative,False,0,none,0
yaml_key,45,s5_dec_11,S5,declarative,False,0,none,0
yaml_key,45,s5_dec_12,S5,declarative,False,0,none,0
yaml_key,45,s5_dec_13,S5,declarative,False,0,none,0
yaml_key,45,s5_dec_14,S5,declarative,False,0,none,0
yaml_key,45,s5_ind_01,S5,indirect,False,0,none,0
yaml_key,45,s5_ind_02,S5,indirect,False,0,none,0
yaml_key,45,s5_ind_03,S5,indirect,False,0,none,0
yaml_key,45,s5_ind_04,S5,indirect,False,0,none,0
yaml_key,45,s5_ind_05,S5,indirect,False,0,none,0
yaml_key,45,s5_ind_06,S5,indirect,False,0,none,0
yaml_key,45,s5_ind_07,S5,indirect,False,0,none,0
yaml_key,45,s5_ind_08,S5,indirect,False,0,none,0
yaml_key,45,s5_ind_09,S5,indirect,False,0,none,0
yaml_key,45,s5_ind_10,S5,indirect,False,0,none,0
yaml_key,45,s6_rp_01,S6,roleplay,False,4,none,0
yaml_key,45,s6_rp_02,S6,roleplay,False,4,none,0
yaml_key,45,s6_rp_03,S6,roleplay,False,4,none,0
yaml_key,45,s6_rp_04,S6,roleplay,False,0,none,0
yaml_key,45,s6_rp_05,S6,roleplay,False,8,none,0
yaml_key,45,s6_rp_06,S6,roleplay,False,0,none,0
yaml_key,45,s6_rp_07,S6,roleplay,False,0,none,0
yaml_key,45,s6_rp_08,S6,roleplay,False,0,none,0
yaml_key,45,s6_enc_01,S6,encoding,False,4,none,0
yaml_key,45,s6_enc_02,S6,encoding,False,0,none,0
yaml_key,45,s6_enc_03,S6,encoding,False,4,none,0
yaml_key,45,s6_enc_04,S6,encoding,False,4,none,0
yaml_key,45,safe_01,SAFE,benign,False,0,none,0
yaml_key,45,safe_02,SAFE,benign,False,4,none,0
yaml_key,45,safe_03,SAFE,benign,False,4,none,0
yaml_key,45,safe_04,SAFE,benign,False,4,none,0
yaml_key,45,safe_05,SAFE,benign,False,0,none,0
yaml_key,45,safe_06,SAFE,benign,False,0,none,0
yaml_key,45,safe_07,SAFE,benign,False,4,none,0
yaml_key,45,safe_08,SAFE,benign,False,0,none,0
yaml_key,45,safe_09,SAFE,benign,False,0,none,0
yaml_key,45,safe_10,SAFE,benign,False,0,none,0
yaml_key,45,safe_11,SAFE,benign,False,0,none,0
yaml_key,45,safe_12,SAFE,benign,False,4,none,0
yaml_key,45,safe_13,SAFE,benign,False,0,none,0
yaml_key,45,safe_14,SAFE,benign,False,4,none,0
yaml_key,45,safe_15,SAFE,benign,False,0,none,0
yaml_key,45,safe_16,SAFE,benign,False,0,none,0
yaml_key,45,safe_17,SAFE,benign,False,4,none,0
yaml_key,45,safe_18,SAFE,benign,False,0,none,0
yaml_key,45,safe_19,SAFE,benign,False,0,none,0
yaml_key,45,safe_20,SAFE,benign,False,0,none,0
yaml_key,45,hn_p_01,SAFE,legit_prompt,True,8,none,0
yaml_key,45,hn_p_02,SAFE,legit_prompt,True,12,none,0
yaml_key,45,hn_p_03,SAFE,legit_prompt,True,4,none,0
yaml_key,45,hn_p_04,SAFE,legit_prompt,True,8,none,0
yaml_key,45,hn_p_05,SAFE,legit_prompt,True,12,none,0
yaml_key,45,hn_p_06,SAFE,legit_prompt,True,8,none,0
yaml_key,45,hn_p_07,SAFE,legit_prompt,True,8,none,0
yaml_key,45,hn_p_08,SAFE,legit_prompt,True,12,none,0
yaml_key,45,hn_d_01,SAFE,security_doc,False,0,none,0
yaml_key,45,hn_d_02,SAFE,security_doc,False,0,none,0
yaml_key,45,hn_d_03,SAFE,security_doc,False,0,none,0
yaml_key,45,hn_d_04,SAFE,security_doc,False,4,none,0
yaml_key,45,hn_d_05,SAFE,security_doc,False,0,none,0
yaml_key,45,hn_d_06,SAFE,security_doc,False,0,none,0
yaml_key,45,hn_d_07,SAFE,security_doc,False,4,none,0
yaml_key,45,hn_d_08,SAFE,security_doc,False,0,none,0
yaml_key,45,hn_t_01,SAFE,benign_template,True,6,none,0
yaml_key,45,hn_t_02,SAFE,benign_template,True,6,none,0
yaml_key,45,hn_t_03,SAFE,benign_template,True,6,none,0
yaml_key,45,hn_t_04,SAFE,benign_template,True,14,none,0
yaml_key,50,s5_imp_01,S5,imperative,False,0,none,0
yaml_key,50,s5_imp_02,S5,imperative,False,0,none,0
yaml_key,50,s5_imp_03,S5,imperative,False,4,none,0
yaml_key,50,s5_imp_04,S5,imperative,False,0,none,0
yaml_key,50,s5_imp_05,S5,imperative,False,0,none,0
yaml_key,50,s5_imp_06,S5,imperative,False,0,none,0
yaml_key,50,s5_imp_07,S5,imperative,False,0,none,0
yaml_key,50,s5_imp_08,S5,imperative,False,0,none,0
yaml_key,50,s5_imp_09,S5,imperative,False,4,none,0
yaml_key,50,s5_imp_10,S5,imperative,False,0,none,0
yaml_key,50,s5_imp_11,S5,imperative,False,0,none,0
yaml_key,50,s5_imp_12,S5,imperative,False,0,none,0
yaml_key,50,s5_imp_13,S5,imperative,False,0,none,0
yaml_key,50,s5_imp_14,S5,imperative,False,8,none,0
yaml_key,50,s5_imp_15,S5,imperative,False,0,none,0
yaml_key,50,s5_dec_01,S5,declarative,False,0,none,0
yaml_key,50,s5_dec_02,S5,declarative,False,0,none,0
yaml_key,50,s5_dec_03,S5,declarative,False,0,none,0
yaml_key,50,s5_dec_04,S5,declarative,False,0,none,0
yaml_key,50,s5_dec_05,S5,declarative,False,4,none,0
yaml_key,50,s5_dec_06,S5,declarative,False,0,none,0
yaml_key,50,s5_dec_07,S5,declarative,False,0,none,0
yaml_key,50,s5_dec_08,S5,declarative,False,0,none,0
yaml_key,50,s5_dec_09,S5,declarative,False,0,none,0
yaml_key,50,s5_dec_10,S5,declarative,False,0,none,0
yaml_key,50,s5_dec_11,S5,declarative,False,0,none,0
yaml_key,50,s5_dec_12,S5,declarative,False,0,none,0
yaml_key,50,s5_dec_13,S5,declarative,False,0,none,0
yaml_key,50,s5_dec_14,S5,declarative,False,0,none,0
yaml_key,50,s5_ind_01,S5,indirect,False,0,none,0
yaml_key,50,s5_ind_02,S5,indirect,False,0,none,0
yaml_key,50,s5_ind_03,S5,indirect,False,0,none,0
yaml_key,50,s5_ind_04,S5,indirect,False,0,none,0
yaml_key,50,s5_ind_05,S5,indirect,False,0,none,0
yaml_key,50,s5_ind_06,S5,indirect,False,0,none,0
yaml_key,50,s5_ind_07,S5,indirect,False,0,none,0
yaml_key,50,s5_ind_08,S5,indirect,False,0,none,0
yaml_key,50,s5_ind_09,S5,indirect,False,0,none,0
yaml_key,50,s5_ind_10,S5,indirect,False,0,none,0
yaml_key,50,s6_rp_01,S6,roleplay,False,4,none,0
yaml_key,50,s6_rp_02,S6,roleplay,False,4,none,0
yaml_key,50,s6_rp_03,S6,roleplay,False,4,none,0
yaml_key,50,s6_rp_04,S6,roleplay,False,0,none,0
yaml_key,50,s6_rp_05,S6,roleplay,False,8,none,0
yaml_key,50,s6_rp_06,S6,roleplay,False,0,none,0
yaml_key,50,s6_rp_07,S6,roleplay,False,0,none,0
yaml_key,50,s6_rp_08,S6,roleplay,False,0,none,0
yaml_key,50,s6_enc_01,S6,encoding,False,4,none,0
yaml_key,50,s6_enc_02,S6,encoding,False,0,none,0
yaml_key,50,s6_enc_03,S6,encoding,False,4,none,0
yaml_key,50,s6_enc_04,S6,encoding,False,4,none,0
yaml_key,50,safe_01,SAFE,benign,False,0,none,0
yaml_key,50,safe_02,SAFE,benign,False,4,none,0
yaml_key,50,safe_03,SAFE,benign,False,4,none,0
yaml_key,50,safe_04,SAFE,benign,False,4,none,0
yaml_key,50,safe_05,SAFE,benign,False,0,none,0
yaml_key,50,safe_06,SAFE,benign,False,0,none,0
yaml_key,50,safe_07,SAFE,benign,False,4,none,0
yaml_key,50,safe_08,SAFE,benign,False,0,none,0
yaml_key,50,safe_09,SAFE,benign,False,0,none,0
yaml_key,50,safe_10,SAFE,benign,False,0,none,0
yaml_key,50,safe_11,SAFE,benign,False,0,none,0
yaml_key,50,safe_12,SAFE,benign,False,4,none,0
yaml_key,50,safe_13,SAFE,benign,False,0,none,0
yaml_key,50,safe_14,SAFE,benign,False,4,none,0
yaml_key,50,safe_15,SAFE,benign,False,0,none,0
yaml_key,50,safe_16,SAFE,benign,False,0,none,0
yaml_key,50,safe_17,SAFE,benign,False,4,none,0
yaml_key,50,safe_18,SAFE,benign,False,0,none,0
yaml_key,50,safe_19,SAFE,benign,False,0,none,0
yaml_key,50,safe_20,SAFE,benign,False,0,none,0
yaml_key,50,hn_p_01,SAFE,legit_prompt,True,8,none,0
yaml_key,50,hn_p_02,SAFE,legit_prompt,True,12,none,0
yaml_key,50,hn_p_03,SAFE,legit_prompt,True,4,none,0
yaml_key,50,hn_p_04,SAFE,legit_prompt,True,8,none,0
yaml_key,50,hn_p_05,SAFE,legit_prompt,True,12,none,0
yaml_key,50,hn_p_06,SAFE,legit_prompt,True,8,none,0
yaml_key,50,hn_p_07,SAFE,legit_prompt,True,8,none,0
yaml_key,50,hn_p_08,SAFE,legit_prompt,True,12,none,0
yaml_key,50,hn_d_01,SAFE,security_doc,False,0,none,0
yaml_key,50,hn_d_02,SAFE,security_doc,False,0,none,0
yaml_key,50,hn_d_03,SAFE,security_doc,False,0,none,0
yaml_key,50,hn_d_04,SAFE,security_doc,False,4,none,0
yaml_key,50,hn_d_05,SAFE,security_doc,False,0,none,0
yaml_key,50,hn_d_06,SAFE,security_doc,False,0,none,0
yaml_key,50,hn_d_07,SAFE,security_doc,False,4,none,0
yaml_key,50,hn_d_08,SAFE,security_doc,False,0,none,0
yaml_key,50,hn_t_01,SAFE,benign_template,True,6,none,0
yaml_key,50,hn_t_02,SAFE,benign_template,True,6,none,0
yaml_key,50,hn_t_03,SAFE,benign_template,True,6,none,0
yaml_key,50,hn_t_04,SAFE,benign_template,True,14,none,0
yaml_key,60,s5_imp_01,S5,imperative,False,0,none,0
yaml_key,60,s5_imp_02,S5,imperative,False,0,none,0
yaml_key,60,s5_imp_03,S5,imperative,False,4,none,0
yaml_key,60,s5_imp_04,S5,imperative,False,0,none,0
yaml_key,60,s5_imp_05,S5,imperative,False,0,none,0
yaml_key,60,s5_imp_06,S5,imperative,False,0,none,0
yaml_key,60,s5_imp_07,S5,imperative,False,0,none,0
yaml_key,60,s5_imp_08,S5,imperative,False,0,none,0
yaml_key,60,s5_imp_09,S5,imperative,False,4,none,0
yaml_key,60,s5_imp_10,S5,imperative,False,0,none,0
yaml_key,60,s5_imp_11,S5,imperative,False,0,none,0
yaml_key,60,s5_imp_12,S5,imperative,False,0,none,0
yaml_key,60,s5_imp_13,S5,imperative,False,0,none,0
yaml_key,60,s5_imp_14,S5,imperative,False,8,none,0
yaml_key,60,s5_imp_15,S5,imperative,False,0,none,0
yaml_key,60,s5_dec_01,S5,declarative,False,0,none,0
yaml_key,60,s5_dec_02,S5,declarative,False,0,none,0
yaml_key,60,s5_dec_03,S5,declarative,False,0,none,0
yaml_key,60,s5_dec_04,S5,declarative,False,0,none,0
yaml_key,60,s5_dec_05,S5,declarative,False,4,none,0
yaml_key,60,s5_dec_06,S5,declarative,False,0,none,0
yaml_key,60,s5_dec_07,S5,declarative,False,0,none,0
yaml_key,60,s5_dec_08,S5,declarative,False,0,none,0
yaml_key,60,s5_dec_09,S5,declarative,False,0,none,0
yaml_key,60,s5_dec_10,S5,declarative,False,0,none,0
yaml_key,60,s5_dec_11,S5,declarative,False,0,none,0
yaml_key,60,s5_dec_12,S5,declarative,False,0,none,0
yaml_key,60,s5_dec_13,S5,declarative,False,0,none,0
yaml_key,60,s5_dec_14,S5,declarative,False,0,none,0
yaml_key,60,s5_ind_01,S5,indirect,False,0,none,0
yaml_key,60,s5_ind_02,S5,indirect,False,0,none,0
yaml_key,60,s5_ind_03,S5,indirect,False,0,none,0
yaml_key,60,s5_ind_04,S5,indirect,False,0,none,0
yaml_key,60,s5_ind_05,S5,indirect,False,0,none,0
yaml_key,60,s5_ind_06,S5,indirect,False,0,none,0
yaml_key,60,s5_ind_07,S5,indirect,False,0,none,0
yaml_key,60,s5_ind_08,S5,indirect,False,0,none,0
yaml_key,60,s5_ind_09,S5,indirect,False,0,none,0
yaml_key,60,s5_ind_10,S5,indirect,False,0,none,0
yaml_key,60,s6_rp_01,S6,roleplay,False,4,none,0
yaml_key,60,s6_rp_02,S6,roleplay,False,4,none,0
yaml_key,60,s6_rp_03,S6,roleplay,False,4,none,0
yaml_key,60,s6_rp_04,S6,roleplay,False,0,none,0
yaml_key,60,s6_rp_05,S6,roleplay,False,8,none,0
yaml_key,60,s6_rp_06,S6,roleplay,False,0,none,0
yaml_key,60,s6_rp_07,S6,roleplay,False,0,none,0
yaml_key,60,s6_rp_08,S6,roleplay,False,0,none,0
yaml_key,60,s6_enc_01,S6,encoding,False,4,none,0
yaml_key,60,s6_enc_02,S6,encoding,False,0,none,0
yaml_key,60,s6_enc_03,S6,encoding,False,4,none,0
yaml_key,60,s6_enc_04,S6,encoding,False,4,none,0
yaml_key,60,safe_01,SAFE,benign,False,0,none,0
yaml_key,60,safe_02,SAFE,benign,False,4,none,0
yaml_key,60,safe_03,SAFE,benign,False,4,none,0
yaml_key,60,safe_04,SAFE,benign,False,4,none,0
yaml_key,60,safe_05,SAFE,benign,False,0,none,0
yaml_key,60,safe_06,SAFE,benign,False,0,none,0
yaml_key,60,safe_07,SAFE,benign,False,4,none,0
yaml_key,60,safe_08,SAFE,benign,False,0,none,0
yaml_key,60,safe_09,SAFE,benign,False,0,none,0
yaml_key,60,safe_10,SAFE,benign,False,0,none,0
yaml_key,60,safe_11,SAFE,benign,False,0,none,0
yaml_key,60,safe_12,SAFE,benign,False,4,none,0
yaml_key,60,safe_13,SAFE,benign,False,0,none,0
yaml_key,60,safe_14,SAFE,benign,False,4,none,0
yaml_key,60,safe_15,SAFE,benign,False,0,none,0
yaml_key,60,safe_16,SAFE,benign,False,0,none,0
yaml_key,60,safe_17,SAFE,benign,False,4,none,0
yaml_key,60,safe_18,SAFE,benign,False,0,none,0
yaml_key,60,safe_19,SAFE,benign,False,0,none,0
yaml_key,60,safe_20,SAFE,benign,False,0,none,0
yaml_key,60,hn_p_01,SAFE,legit_prompt,True,8,none,0
yaml_key,60,hn_p_02,SAFE,legit_prompt,True,12,none,0
yaml_key,60,hn_p_03,SAFE,legit_prompt,True,4,none,0
yaml_key,60,hn_p_04,SAFE,legit_prompt,True,8,none,0
yaml_key,60,hn_p_05,SAFE,legit_prompt,True,12,none,0
yaml_key,60,hn_p_06,SAFE,legit_prompt,True,8,none,0
yaml_key,60,hn_p_07,SAFE,legit_prompt,True,8,none,0
yaml_key,60,hn_p_08,SAFE,legit_prompt,True,12,none,0
yaml_key,60,hn_d_01,SAFE,security_doc,False,0,none,0
yaml_key,60,hn_d_02,SAFE,security_doc,False,0,none,0
yaml_key,60,hn_d_03,SAFE,security_doc,False,0,none,0
yaml_key,60,hn_d_04,SAFE,security_doc,False,4,none,0
yaml_key,60,hn_d_05,SAFE,security_doc,False,0,none,0
yaml_key,60,hn_d_06,SAFE,security_doc,False,0,none,0
yaml_key,60,hn_d_07,SAFE,security_doc,False,4,none,0
yaml_key,60,hn_d_08,SAFE,security_doc,False,0,none,0
yaml_key,60,hn_t_01,SAFE,benign_template,True,6,none,0
yaml_key,60,hn_t_02,SAFE,benign_template,True,6,none,0
yaml_key,60,hn_t_03,SAFE,benign_template,True,6,none,0
yaml_key,60,hn_t_04,SAFE,benign_template,True,14,none,0
yaml_key,70,s5_imp_01,S5,imperative,False,0,none,0
yaml_key,70,s5_imp_02,S5,imperative,False,0,none,0
yaml_key,70,s5_imp_03,S5,imperative,False,4,none,0
yaml_key,70,s5_imp_04,S5,imperative,False,0,none,0
yaml_key,70,s5_imp_05,S5,imperative,False,0,none,0
yaml_key,70,s5_imp_06,S5,imperative,False,0,none,0
yaml_key,70,s5_imp_07,S5,imperative,False,0,none,0
yaml_key,70,s5_imp_08,S5,imperative,False,0,none,0
yaml_key,70,s5_imp_09,S5,imperative,False,4,none,0
yaml_key,70,s5_imp_10,S5,imperative,False,0,none,0
yaml_key,70,s5_imp_11,S5,imperative,False,0,none,0
yaml_key,70,s5_imp_12,S5,imperative,False,0,none,0
yaml_key,70,s5_imp_13,S5,imperative,False,0,none,0
yaml_key,70,s5_imp_14,S5,imperative,False,8,none,0
yaml_key,70,s5_imp_15,S5,imperative,False,0,none,0
yaml_key,70,s5_dec_01,S5,declarative,False,0,none,0
yaml_key,70,s5_dec_02,S5,declarative,False,0,none,0
yaml_key,70,s5_dec_03,S5,declarative,False,0,none,0
yaml_key,70,s5_dec_04,S5,declarative,False,0,none,0
yaml_key,70,s5_dec_05,S5,declarative,False,4,none,0
yaml_key,70,s5_dec_06,S5,declarative,False,0,none,0
yaml_key,70,s5_dec_07,S5,declarative,False,0,none,0
yaml_key,70,s5_dec_08,S5,declarative,False,0,none,0
yaml_key,70,s5_dec_09,S5,declarative,False,0,none,0
yaml_key,70,s5_dec_10,S5,declarative,False,0,none,0
yaml_key,70,s5_dec_11,S5,declarative,False,0,none,0
yaml_key,70,s5_dec_12,S5,declarative,False,0,none,0
yaml_key,70,s5_dec_13,S5,declarative,False,0,none,0
yaml_key,70,s5_dec_14,S5,declarative,False,0,none,0
yaml_key,70,s5_ind_01,S5,indirect,False,0,none,0
yaml_key,70,s5_ind_02,S5,indirect,False,0,none,0
yaml_key,70,s5_ind_03,S5,indirect,False,0,none,0
yaml_key,70,s5_ind_04,S5,indirect,False,0,none,0
yaml_key,70,s5_ind_05,S5,indirect,False,0,none,0
yaml_key,70,s5_ind_06,S5,indirect,False,0,none,0
yaml_key,70,s5_ind_07,S5,indirect,False,0,none,0
yaml_key,70,s5_ind_08,S5,indirect,False,0,none,0
yaml_key,70,s5_ind_09,S5,indirect,False,0,none,0
yaml_key,70,s5_ind_10,S5,indirect,False,0,none,0
yaml_key,70,s6_rp_01,S6,roleplay,False,4,none,0
yaml_key,70,s6_rp_02,S6,roleplay,False,4,none,0
yaml_key,70,s6_rp_03,S6,roleplay,False,4,none,0
yaml_key,70,s6_rp_04,S6,roleplay,False,0,none,0
yaml_key,70,s6_rp_05,S6,roleplay,False,8,none,0
yaml_key,70,s6_rp_06,S6,roleplay,False,0,none,0
yaml_key,70,s6_rp_07,S6,roleplay,False,0,none,0
yaml_key,70,s6_rp_08,S6,roleplay,False,0,none,0
yaml_key,70,s6_enc_01,S6,encoding,False,4,none,0
yaml_key,70,s6_enc_02,S6,encoding,False,0,none,0
yaml_key,70,s6_enc_03,S6,encoding,False,4,none,0
yaml_key,70,s6_enc_04,S6,encoding,False,4,none,0
yaml_key,70,safe_01,SAFE,benign,False,0,none,0
yaml_key,70,safe_02,SAFE,benign,False,4,none,0
yaml_key,70,safe_03,SAFE,benign,False,4,none,0
yaml_key,70,safe_04,SAFE,benign,False,4,none,0
yaml_key,70,safe_05,SAFE,benign,False,0,none,0
yaml_key,70,safe_06,SAFE,benign,False,0,none,0
yaml_key,70,safe_07,SAFE,benign,False,4,none,0
yaml_key,70,safe_08,SAFE,benign,False,0,none,0
yaml_key,70,safe_09,SAFE,benign,False,0,none,0
yaml_key,70,safe_10,SAFE,benign,False,0,none,0
yaml_key,70,safe_11,SAFE,benign,False,0,none,0
yaml_key,70,safe_12,SAFE,benign,False,4,none,0
yaml_key,70,safe_13,SAFE,benign,False,0,none,0
yaml_key,70,safe_14,SAFE,benign,False,4,none,0
yaml_key,70,safe_15,SAFE,benign,False,0,none,0
yaml_key,70,safe_16,SAFE,benign,False,0,none,0
yaml_key,70,safe_17,SAFE,benign,False,4,none,0
yaml_key,70,safe_18,SAFE,benign,False,0,none,0
yaml_key,70,safe_19,SAFE,benign,False,0,none,0
yaml_key,70,safe_20,SAFE,benign,False,0,none,0
yaml_key,70,hn_p_01,SAFE,legit_prompt,True,8,none,0
yaml_key,70,hn_p_02,SAFE,legit_prompt,True,12,none,0
yaml_key,70,hn_p_03,SAFE,legit_prompt,True,4,none,0
yaml_key,70,hn_p_04,SAFE,legit_prompt,True,8,none,0
yaml_key,70,hn_p_05,SAFE,legit_prompt,True,12,none,0
yaml_key,70,hn_p_06,SAFE,legit_prompt,True,8,none,0
yaml_key,70,hn_p_07,SAFE,legit_prompt,True,8,none,0
yaml_key,70,hn_p_08,SAFE,legit_prompt,True,12,none,0
yaml_key,70,hn_d_01,SAFE,security_doc,False,0,none,0
yaml_key,70,hn_d_02,SAFE,security_doc,False,0,none,0
yaml_key,70,hn_d_03,SAFE,security_doc,False,0,none,0
yaml_key,70,hn_d_04,SAFE,security_doc,False,4,none,0
yaml_key,70,hn_d_05,SAFE,security_doc,False,0,none,0
yaml_key,70,hn_d_06,SAFE,security_doc,False,0,none,0
yaml_key,70,hn_d_07,SAFE,security_doc,False,4,none,0
yaml_key,70,hn_d_08,SAFE,security_doc,False,0,none,0
yaml_key,70,hn_t_01,SAFE,benign_template,True,6,none,0
yaml_key,70,hn_t_02,SAFE,benign_template,True,6,none,0
yaml_key,70,hn_t_03,SAFE,benign_template,True,6,none,0
yaml_key,70,hn_t_04,SAFE,benign_template,True,14,none,0
yaml_key,80,s5_imp_01,S5,imperative,False,0,none,0
yaml_key,80,s5_imp_02,S5,imperative,False,0,none,0
yaml_key,80,s5_imp_03,S5,imperative,False,4,none,0
yaml_key,80,s5_imp_04,S5,imperative,False,0,none,0
yaml_key,80,s5_imp_05,S5,imperative,False,0,none,0
yaml_key,80,s5_imp_06,S5,imperative,False,0,none,0
yaml_key,80,s5_imp_07,S5,imperative,False,0,none,0
yaml_key,80,s5_imp_08,S5,imperative,False,0,none,0
yaml_key,80,s5_imp_09,S5,imperative,False,4,none,0
yaml_key,80,s5_imp_10,S5,imperative,False,0,none,0
yaml_key,80,s5_imp_11,S5,imperative,False,0,none,0
yaml_key,80,s5_imp_12,S5,imperative,False,0,none,0
yaml_key,80,s5_imp_13,S5,imperative,False,0,none,0
yaml_key,80,s5_imp_14,S5,imperative,False,8,none,0
yaml_key,80,s5_imp_15,S5,imperative,False,0,none,0
yaml_key,80,s5_dec_01,S5,declarative,False,0,none,0
yaml_key,80,s5_dec_02,S5,declarative,False,0,none,0
yaml_key,80,s5_dec_03,S5,declarative,False,0,none,0
yaml_key,80,s5_dec_04,S5,declarative,False,0,none,0
yaml_key,80,s5_dec_05,S5,declarative,False,4,none,0
yaml_key,80,s5_dec_06,S5,declarative,False,0,none,0
yaml_key,80,s5_dec_07,S5,declarative,False,0,none,0
yaml_key,80,s5_dec_08,S5,declarative,False,0,none,0
yaml_key,80,s5_dec_09,S5,declarative,False,0,none,0
yaml_key,80,s5_dec_10,S5,declarative,False,0,none,0
yaml_key,80,s5_dec_11,S5,declarative,False,0,none,0
yaml_key,80,s5_dec_12,S5,declarative,False,0,none,0
yaml_key,80,s5_dec_13,S5,declarative,False,0,none,0
yaml_key,80,s5_dec_14,S5,declarative,False,0,none,0
yaml_key,80,s5_ind_01,S5,indirect,False,0,none,0
yaml_key,80,s5_ind_02,S5,indirect,False,0,none,0
yaml_key,80,s5_ind_03,S5,indirect,False,0,none,0
yaml_key,80,s5_ind_04,S5,indirect,False,0,none,0
yaml_key,80,s5_ind_05,S5,indirect,False,0,none,0
yaml_key,80,s5_ind_06,S5,indirect,False,0,none,0
yaml_key,80,s5_ind_07,S5,indirect,False,0,none,0
yaml_key,80,s5_ind_08,S5,indirect,False,0,none,0
yaml_key,80,s5_ind_09,S5,indirect,False,0,none,0
yaml_key,80,s5_ind_10,S5,indirect,False,0,none,0
yaml_key,80,s6_rp_01,S6,roleplay,False,4,none,0
yaml_key,80,s6_rp_02,S6,roleplay,False,4,none,0
yaml_key,80,s6_rp_03,S6,roleplay,False,4,none,0
yaml_key,80,s6_rp_04,S6,roleplay,False,0,none,0
yaml_key,80,s6_rp_05,S6,roleplay,False,8,none,0
yaml_key,80,s6_rp_06,S6,roleplay,False,0,none,0
yaml_key,80,s6_rp_07,S6,roleplay,False,0,none,0
yaml_key,80,s6_rp_08,S6,roleplay,False,0,none,0
yaml_key,80,s6_enc_01,S6,encoding,False,4,none,0
yaml_key,80,s6_enc_02,S6,encoding,False,0,none,0
yaml_key,80,s6_enc_03,S6,encoding,False,4,none,0
yaml_key,80,s6_enc_04,S6,encoding,False,4,none,0
yaml_key,80,safe_01,SAFE,benign,False,0,none,0
yaml_key,80,safe_02,SAFE,benign,False,4,none,0
yaml_key,80,safe_03,SAFE,benign,False,4,none,0
yaml_key,80,safe_04,SAFE,benign,False,4,none,0
yaml_key,80,safe_05,SAFE,benign,False,0,none,0
yaml_key,80,safe_06,SAFE,benign,False,0,none,0
yaml_key,80,safe_07,SAFE,benign,False,4,none,0
yaml_key,80,safe_08,SAFE,benign,False,0,none,0
yaml_key,80,safe_09,SAFE,benign,False,0,none,0
yaml_key,80,safe_10,SAFE,benign,False,0,none,0
yaml_key,80,safe_11,SAFE,benign,False,0,none,0
yaml_key,80,safe_12,SAFE,benign,False,4,none,0
yaml_key,80,safe_13,SAFE,benign,False,0,none,0
yaml_key,80,safe_14,SAFE,benign,False,4,none,0
yaml_key,80,safe_15,SAFE,benign,False,0,none,0
yaml_key,80,safe_16,SAFE,benign,False,0,none,0
yaml_key,80,safe_17,SAFE,benign,False,4,none,0
yaml_key,80,safe_18,SAFE,benign,False,0,none,0
yaml_key,80,safe_19,SAFE,benign,False,0,none,0
yaml_key,80,safe_20,SAFE,benign,False,0,none,0
yaml_key,80,hn_p_01,SAFE,legit_prompt,True,8,none,0
yaml_key,80,hn_p_02,SAFE,legit_prompt,True,12,none,0
yaml_key,80,hn_p_03,SAFE,legit_prompt,True,4,none,0
yaml_key,80,hn_p_04,SAFE,legit_prompt,True,8,none,0
yaml_key,80,hn_p_05,SAFE,legit_prompt,True,12,none,0
yaml_key,80,hn_p_06,SAFE,legit_prompt,True,8,none,0
yaml_key,80,hn_p_07,SAFE,legit_prompt,True,8,none,0
yaml_key,80,hn_p_08,SAFE,legit_prompt,True,12,none,0
yaml_key,80,hn_d_01,SAFE,security_doc,False,0,none,0
yaml_key,80,hn_d_02,SAFE,security_doc,False,0,none,0
yaml_key,80,hn_d_03,SAFE,security_doc,False,0,none,0
yaml_key,80,hn_d_04,SAFE,security_doc,False,4,none,0
yaml_key,80,hn_d_05,SAFE,security_doc,False,0,none,0
yaml_key,80,hn_d_06,SAFE,security_doc,False,0,none,0
yaml_key,80,hn_d_07,SAFE,security_doc,False,4,none,0
yaml_key,80,hn_d_08,SAFE,security_doc,False,0,none,0
yaml_key,80,hn_t_01,SAFE,benign_template,True,6,none,0
yaml_key,80,hn_t_02,SAFE,benign_template,True,6,none,0
yaml_key,80,hn_t_03,SAFE,benign_template,True,6,none,0
yaml_key,80,hn_t_04,SAFE,benign_template,True,14,none,0
yaml_key,90,s5_imp_01,S5,imperative,False,0,none,0
yaml_key,90,s5_imp_02,S5,imperative,False,0,none,0
yaml_key,90,s5_imp_03,S5,imperative,False,4,none,0
yaml_key,90,s5_imp_04,S5,imperative,False,0,none,0
yaml_key,90,s5_imp_05,S5,imperative,False,0,none,0
yaml_key,90,s5_imp_06,S5,imperative,False,0,none,0
yaml_key,90,s5_imp_07,S5,imperative,False,0,none,0
yaml_key,90,s5_imp_08,S5,imperative,False,0,none,0
yaml_key,90,s5_imp_09,S5,imperative,False,4,none,0
yaml_key,90,s5_imp_10,S5,imperative,False,0,none,0
yaml_key,90,s5_imp_11,S5,imperative,False,0,none,0
yaml_key,90,s5_imp_12,S5,imperative,False,0,none,0
yaml_key,90,s5_imp_13,S5,imperative,False,0,none,0
yaml_key,90,s5_imp_14,S5,imperative,False,8,none,0
yaml_key,90,s5_imp_15,S5,imperative,False,0,none,0
yaml_key,90,s5_dec_01,S5,declarative,False,0,none,0
yaml_key,90,s5_dec_02,S5,declarative,False,0,none,0
yaml_key,90,s5_dec_03,S5,declarative,False,0,none,0
yaml_key,90,s5_dec_04,S5,declarative,False,0,none,0
yaml_key,90,s5_dec_05,S5,declarative,False,4,none,0
yaml_key,90,s5_dec_06,S5,declarative,False,0,none,0
yaml_key,90,s5_dec_07,S5,declarative,False,0,none,0
yaml_key,90,s5_dec_08,S5,declarative,False,0,none,0
yaml_key,90,s5_dec_09,S5,declarative,False,0,none,0
yaml_key,90,s5_dec_10,S5,declarative,False,0,none,0
yaml_key,90,s5_dec_11,S5,declarative,False,0,none,0
yaml_key,90,s5_dec_12,S5,declarative,False,0,none,0
yaml_key,90,s5_dec_13,S5,declarative,False,0,none,0
yaml_key,90,s5_dec_14,S5,declarative,False,0,none,0
yaml_key,90,s5_ind_01,S5,indirect,False,0,none,0
yaml_key,90,s5_ind_02,S5,indirect,False,0,none,0
yaml_key,90,s5_ind_03,S5,indirect,False,0,none,0
yaml_key,90,s5_ind_04,S5,indirect,False,0,none,0
yaml_key,90,s5_ind_05,S5,indirect,False,0,none,0
yaml_key,90,s5_ind_06,S5,indirect,False,0,none,0
yaml_key,90,s5_ind_07,S5,indirect,False,0,none,0
yaml_key,90,s5_ind_08,S5,indirect,False,0,none,0
yaml_key,90,s5_ind_09,S5,indirect,False,0,none,0
yaml_key,90,s5_ind_10,S5,indirect,False,0,none,0
yaml_key,90,s6_rp_01,S6,roleplay,False,4,none,0
yaml_key,90,s6_rp_02,S6,roleplay,False,4,none,0
yaml_key,90,s6_rp_03,S6,roleplay,False,4,none,0
yaml_key,90,s6_rp_04,S6,roleplay,False,0,none,0
yaml_key,90,s6_rp_05,S6,roleplay,False,8,none,0
yaml_key,90,s6_rp_06,S6,roleplay,False,0,none,0
yaml_key,90,s6_rp_07,S6,roleplay,False,0,none,0
yaml_key,90,s6_rp_08,S6,roleplay,False,0,none,0
yaml_key,90,s6_enc_01,S6,encoding,False,4,none,0
yaml_key,90,s6_enc_02,S6,encoding,False,0,none,0
yaml_key,90,s6_enc_03,S6,encoding,False,4,none,0
yaml_key,90,s6_enc_04,S6,encoding,False,4,none,0
yaml_key,90,safe_01,SAFE,benign,False,0,none,0
yaml_key,90,safe_02,SAFE,benign,False,4,none,0
yaml_key,90,safe_03,SAFE,benign,False,4,none,0
yaml_key,90,safe_04,SAFE,benign,False,4,none,0
yaml_key,90,safe_05,SAFE,benign,False,0,none,0
yaml_key,90,safe_06,SAFE,benign,False,0,none,0
yaml_key,90,safe_07,SAFE,benign,False,4,none,0
yaml_key,90,safe_08,SAFE,benign,False,0,none,0
yaml_key,90,safe_09,SAFE,benign,False,0,none,0
yaml_key,90,safe_10,SAFE,benign,False,0,none,0
yaml_key,90,safe_11,SAFE,benign,False,0,none,0
yaml_key,90,safe_12,SAFE,benign,False,4,none,0
yaml_key,90,safe_13,SAFE,benign,False,0,none,0
yaml_key,90,safe_14,SAFE,benign,False,4,none,0
yaml_key,90,safe_15,SAFE,benign,False,0,none,0
yaml_key,90,safe_16,SAFE,benign,False,0,none,0
yaml_key,90,safe_17,SAFE,benign,False,4,none,0
yaml_key,90,safe_18,SAFE,benign,False,0,none,0
yaml_key,90,safe_19,SAFE,benign,False,0,none,0
yaml_key,90,safe_20,SAFE,benign,False,0,none,0
yaml_key,90,hn_p_01,SAFE,legit_prompt,True,8,none,0
yaml_key,90,hn_p_02,SAFE,legit_prompt,True,12,none,0
yaml_key,90,hn_p_03,SAFE,legit_prompt,True,4,none,0
yaml_key,90,hn_p_04,SAFE,legit_prompt,True,8,none,0
yaml_key,90,hn_p_05,SAFE,legit_prompt,True,12,none,0
yaml_key,90,hn_p_06,SAFE,legit_prompt,True,8,none,0
yaml_key,90,hn_p_07,SAFE,legit_prompt,True,8,none,0
yaml_key,90,hn_p_08,SAFE,legit_prompt,True,12,none,0
yaml_key,90,hn_d_01,SAFE,security_doc,False,0,none,0
yaml_key,90,hn_d_02,SAFE,security_doc,False,0,none,0
yaml_key,90,hn_d_03,SAFE,security_doc,False,0,none,0
yaml_key,90,hn_d_04,SAFE,security_doc,False,4,none,0
yaml_key,90,hn_d_05,SAFE,security_doc,False,0,none,0
yaml_key,90,hn_d_06,SAFE,security_doc,False,0,none,0
yaml_key,90,hn_d_07,SAFE,security_doc,False,4,none,0
yaml_key,90,hn_d_08,SAFE,security_doc,False,0,none,0
yaml_key,90,hn_t_01,SAFE,benign_template,True,6,none,0
yaml_key,90,hn_t_02,SAFE,benign_template,True,6,none,0
yaml_key,90,hn_t_03,SAFE,benign_template,True,6,none,0
yaml_key,90,hn_t_04,SAFE,benign_template,True,14,none,0
yaml_key,100,s5_imp_01,S5,imperative,False,0,none,0
yaml_key,100,s5_imp_02,S5,imperative,False,0,none,0
yaml_key,100,s5_imp_03,S5,imperative,False,4,none,0
yaml_key,100,s5_imp_04,S5,imperative,False,0,none,0
yaml_key,100,s5_imp_05,S5,imperative,False,0,none,0
yaml_key,100,s5_imp_06,S5,imperative,False,0,none,0
yaml_key,100,s5_imp_07,S5,imperative,False,0,none,0
yaml_key,100,s5_imp_08,S5,imperative,False,0,none,0
yaml_key,100,s5_imp_09,S5,imperative,False,4,none,0
yaml_key,100,s5_imp_10,S5,imperative,False,0,none,0
yaml_key,100,s5_imp_11,S5,imperative,False,0,none,0
yaml_key,100,s5_imp_12,S5,imperative,False,0,none,0
yaml_key,100,s5_imp_13,S5,imperative,False,0,none,0
yaml_key,100,s5_imp_14,S5,imperative,False,8,none,0
yaml_key,100,s5_imp_15,S5,imperative,False,0,none,0
yaml_key,100,s5_dec_01,S5,declarative,False,0,none,0
yaml_key,100,s5_dec_02,S5,declarative,False,0,none,0
yaml_key,100,s5_dec_03,S5,declarative,False,0,none,0
yaml_key,100,s5_dec_04,S5,declarative,False,0,none,0
yaml_key,100,s5_dec_05,S5,declarative,False,4,none,0
yaml_key,100,s5_dec_06,S5,declarative,False,0,none,0
yaml_key,100,s5_dec_07,S5,declarative,False,0,none,0
yaml_key,100,s5_dec_08,S5,declarative,False,0,none,0
yaml_key,100,s5_dec_09,S5,declarative,False,0,none,0
yaml_key,100,s5_dec_10,S5,declarative,False,0,none,0
yaml_key,100,s5_dec_11,S5,declarative,False,0,none,0
yaml_key,100,s5_dec_12,S5,declarative,False,0,none,0
yaml_key,100,s5_dec_13,S5,declarative,False,0,none,0
yaml_key,100,s5_dec_14,S5,declarative,False,0,none,0
yaml_key,100,s5_ind_01,S5,indirect,False,0,none,0
yaml_key,100,s5_ind_02,S5,indirect,False,0,none,0
yaml_key,100,s5_ind_03,S5,indirect,False,0,none,0
yaml_key,100,s5_ind_04,S5,indirect,False,0,none,0
yaml_key,100,s5_ind_05,S5,indirect,False,0,none,0
yaml_key,100,s5_ind_06,S5,indirect,False,0,none,0
yaml_key,100,s5_ind_07,S5,indirect,False,0,none,0
yaml_key,100,s5_ind_08,S5,indirect,False,0,none,0
yaml_key,100,s5_ind_09,S5,indirect,False,0,none,0
yaml_key,100,s5_ind_10,S5,indirect,False,0,none,0
yaml_key,100,s6_rp_01,S6,roleplay,False,4,none,0
yaml_key,100,s6_rp_02,S6,roleplay,False,4,none,0
yaml_key,100,s6_rp_03,S6,roleplay,False,4,none,0
yaml_key,100,s6_rp_04,S6,roleplay,False,0,none,0
yaml_key,100,s6_rp_05,S6,roleplay,False,8,none,0
yaml_key,100,s6_rp_06,S6,roleplay,False,0,none,0
yaml_key,100,s6_rp_07,S6,roleplay,False,0,none,0
yaml_key,100,s6_rp_08,S6,roleplay,False,0,none,0
yaml_key,100,s6_enc_01,S6,encoding,False,4,none,0
yaml_key,100,s6_enc_02,S6,encoding,False,0,none,0
yaml_key,100,s6_enc_03,S6,encoding,False,4,none,0
yaml_key,100,s6_enc_04,S6,encoding,False,4,none,0
yaml_key,100,safe_01,SAFE,benign,False,0,none,0
yaml_key,100,safe_02,SAFE,benign,False,4,none,0
yaml_key,100,safe_03,SAFE,benign,False,4,none,0
yaml_key,100,safe_04,SAFE,benign,False,4,none,0
yaml_key,100,safe_05,SAFE,benign,False,0,none,0
yaml_key,100,safe_06,SAFE,benign,False,0,none,0
yaml_key,100,safe_07,SAFE,benign,False,4,none,0
yaml_key,100,safe_08,SAFE,benign,False,0,none,0
yaml_key,100,safe_09,SAFE,benign,False,0,none,0
yaml_key,100,safe_10,SAFE,benign,False,0,none,0
yaml_key,100,safe_11,SAFE,benign,False,0,none,0
yaml_key,100,safe_12,SAFE,benign,False,4,none,0
yaml_key,100,safe_13,SAFE,benign,False,0,none,0
yaml_key,100,safe_14,SAFE,benign,False,4,none,0
yaml_key,100,safe_15,SAFE,benign,False,0,none,0
yaml_key,100,safe_16,SAFE,benign,False,0,none,0
yaml_key,100,safe_17,SAFE,benign,False,4,none,0
yaml_key,100,safe_18,SAFE,benign,False,0,none,0
yaml_key,100,safe_19,SAFE,benign,False,0,none,0
yaml_key,100,safe_20,SAFE,benign,False,0,none,0
yaml_key,100,hn_p_01,SAFE,legit_prompt,True,8,none,0
yaml_key,100,hn_p_02,SAFE,legit_prompt,True,12,none,0
yaml_key,100,hn_p_03,SAFE,legit_prompt,True,4,none,0
yaml_key,100,hn_p_04,SAFE,legit_prompt,True,8,none,0
yaml_key,100,hn_p_05,SAFE,legit_prompt,True,12,none,0
yaml_key,100,hn_p_06,SAFE,legit_prompt,True,8,none,0
yaml_key,100,hn_p_07,SAFE,legit_prompt,True,8,none,0
yaml_key,100,hn_p_08,SAFE,legit_prompt,True,12,none,0
yaml_key,100,hn_d_01,SAFE,security_doc,False,0,none,0
yaml_key,100,hn_d_02,SAFE,security_doc,False,0,none,0
yaml_key,100,hn_d_03,SAFE,security_doc,False,0,none,0
yaml_key,100,hn_d_04,SAFE,security_doc,False,4,none,0
yaml_key,100,hn_d_05,SAFE,security_doc,False,0,none,0
yaml_key,100,hn_d_06,SAFE,security_doc,False,0,none,0
yaml_key,100,hn_d_07,SAFE,security_doc,False,4,none,0
yaml_key,100,hn_d_08,SAFE,security_doc,False,0,none,0
yaml_key,100,hn_t_01,SAFE,benign_template,True,6,none,0
yaml_key,100,hn_t_02,SAFE,benign_template,True,6,none,0
yaml_key,100,hn_t_03,SAFE,benign_template,True,6,none,0
yaml_key,100,hn_t_04,SAFE,benign_template,True,14,none,0
md_heading,0,s5_imp_01,S5,imperative,False,0,none,0
md_heading,0,s5_imp_02,S5,imperative,False,0,none,0
md_heading,0,s5_imp_03,S5,imperative,False,4,none,0
md_heading,0,s5_imp_04,S5,imperative,False,0,none,0
md_heading,0,s5_imp_05,S5,imperative,False,0,none,0
md_heading,0,s5_imp_06,S5,imperative,False,0,none,0
md_heading,0,s5_imp_07,S5,imperative,False,0,none,0
md_heading,0,s5_imp_08,S5,imperative,False,0,none,0
md_heading,0,s5_imp_09,S5,imperative,False,4,none,0
md_heading,0,s5_imp_10,S5,imperative,False,0,none,0
md_heading,0,s5_imp_11,S5,imperative,False,0,none,0
md_heading,0,s5_imp_12,S5,imperative,False,0,none,0
md_heading,0,s5_imp_13,S5,imperative,False,0,none,0
md_heading,0,s5_imp_14,S5,imperative,False,8,none,0
md_heading,0,s5_imp_15,S5,imperative,False,0,none,0
md_heading,0,s5_dec_01,S5,declarative,False,0,none,0
md_heading,0,s5_dec_02,S5,declarative,False,0,none,0
md_heading,0,s5_dec_03,S5,declarative,False,0,none,0
md_heading,0,s5_dec_04,S5,declarative,False,0,none,0
md_heading,0,s5_dec_05,S5,declarative,False,4,none,0
md_heading,0,s5_dec_06,S5,declarative,False,0,none,0
md_heading,0,s5_dec_07,S5,declarative,False,0,none,0
md_heading,0,s5_dec_08,S5,declarative,False,0,none,0
md_heading,0,s5_dec_09,S5,declarative,False,0,none,0
md_heading,0,s5_dec_10,S5,declarative,False,0,none,0
md_heading,0,s5_dec_11,S5,declarative,False,0,none,0
md_heading,0,s5_dec_12,S5,declarative,False,0,none,0
md_heading,0,s5_dec_13,S5,declarative,False,0,none,0
md_heading,0,s5_dec_14,S5,declarative,False,0,none,0
md_heading,0,s5_ind_01,S5,indirect,False,0,none,0
md_heading,0,s5_ind_02,S5,indirect,False,0,none,0
md_heading,0,s5_ind_03,S5,indirect,False,0,none,0
md_heading,0,s5_ind_04,S5,indirect,False,0,none,0
md_heading,0,s5_ind_05,S5,indirect,False,0,none,0
md_heading,0,s5_ind_06,S5,indirect,False,0,none,0
md_heading,0,s5_ind_07,S5,indirect,False,0,none,0
md_heading,0,s5_ind_08,S5,indirect,False,0,none,0
md_heading,0,s5_ind_09,S5,indirect,False,0,none,0
md_heading,0,s5_ind_10,S5,indirect,False,0,none,0
md_heading,0,s6_rp_01,S6,roleplay,False,4,none,0
md_heading,0,s6_rp_02,S6,roleplay,False,4,none,0
md_heading,0,s6_rp_03,S6,roleplay,False,4,none,0
md_heading,0,s6_rp_04,S6,roleplay,False,0,none,0
md_heading,0,s6_rp_05,S6,roleplay,False,8,none,0
md_heading,0,s6_rp_06,S6,roleplay,False,0,none,0
md_heading,0,s6_rp_07,S6,roleplay,False,0,none,0
md_heading,0,s6_rp_08,S6,roleplay,False,0,none,0
md_heading,0,s6_enc_01,S6,encoding,False,4,none,0
md_heading,0,s6_enc_02,S6,encoding,False,0,none,0
md_heading,0,s6_enc_03,S6,encoding,False,4,none,0
md_heading,0,s6_enc_04,S6,encoding,False,4,none,0
md_heading,0,safe_01,SAFE,benign,False,0,none,0
md_heading,0,safe_02,SAFE,benign,False,4,none,0
md_heading,0,safe_03,SAFE,benign,False,4,none,0
md_heading,0,safe_04,SAFE,benign,False,4,none,0
md_heading,0,safe_05,SAFE,benign,False,0,none,0
md_heading,0,safe_06,SAFE,benign,False,0,none,0
md_heading,0,safe_07,SAFE,benign,False,4,none,0
md_heading,0,safe_08,SAFE,benign,False,0,none,0
md_heading,0,safe_09,SAFE,benign,False,0,none,0
md_heading,0,safe_10,SAFE,benign,False,0,none,0
md_heading,0,safe_11,SAFE,benign,False,0,none,0
md_heading,0,safe_12,SAFE,benign,False,4,none,0
md_heading,0,safe_13,SAFE,benign,False,0,none,0
md_heading,0,safe_14,SAFE,benign,False,4,none,0
md_heading,0,safe_15,SAFE,benign,False,0,none,0
md_heading,0,safe_16,SAFE,benign,False,0,none,0
md_heading,0,safe_17,SAFE,benign,False,4,none,0
md_heading,0,safe_18,SAFE,benign,False,0,none,0
md_heading,0,safe_19,SAFE,benign,False,0,none,0
md_heading,0,safe_20,SAFE,benign,False,0,none,0
md_heading,0,hn_p_01,SAFE,legit_prompt,True,8,none,0
md_heading,0,hn_p_02,SAFE,legit_prompt,True,12,none,0
md_heading,0,hn_p_03,SAFE,legit_prompt,True,4,none,0
md_heading,0,hn_p_04,SAFE,legit_prompt,True,8,none,0
md_heading,0,hn_p_05,SAFE,legit_prompt,True,12,none,0
md_heading,0,hn_p_06,SAFE,legit_prompt,True,8,none,0
md_heading,0,hn_p_07,SAFE,legit_prompt,True,8,none,0
md_heading,0,hn_p_08,SAFE,legit_prompt,True,12,none,0
md_heading,0,hn_d_01,SAFE,security_doc,False,0,none,0
md_heading,0,hn_d_02,SAFE,security_doc,False,0,none,0
md_heading,0,hn_d_03,SAFE,security_doc,False,0,none,0
md_heading,0,hn_d_04,SAFE,security_doc,False,4,none,0
md_heading,0,hn_d_05,SAFE,security_doc,False,0,none,0
md_heading,0,hn_d_06,SAFE,security_doc,False,0,none,0
md_heading,0,hn_d_07,SAFE,security_doc,False,4,none,0
md_heading,0,hn_d_08,SAFE,security_doc,False,0,none,0
md_heading,0,hn_t_01,SAFE,benign_template,True,6,none,0
md_heading,0,hn_t_02,SAFE,benign_template,True,6,none,0
md_heading,0,hn_t_03,SAFE,benign_template,True,6,none,0
md_heading,0,hn_t_04,SAFE,benign_template,True,14,none,0
md_heading,5,s5_imp_01,S5,imperative,False,0,none,0
md_heading,5,s5_imp_02,S5,imperative,False,0,none,0
md_heading,5,s5_imp_03,S5,imperative,False,4,none,0
md_heading,5,s5_imp_04,S5,imperative,False,0,none,0
md_heading,5,s5_imp_05,S5,imperative,False,0,none,0
md_heading,5,s5_imp_06,S5,imperative,False,0,none,0
md_heading,5,s5_imp_07,S5,imperative,False,0,none,0
md_heading,5,s5_imp_08,S5,imperative,False,0,none,0
md_heading,5,s5_imp_09,S5,imperative,False,4,none,0
md_heading,5,s5_imp_10,S5,imperative,False,0,none,0
md_heading,5,s5_imp_11,S5,imperative,False,0,none,0
md_heading,5,s5_imp_12,S5,imperative,False,0,none,0
md_heading,5,s5_imp_13,S5,imperative,False,0,none,0
md_heading,5,s5_imp_14,S5,imperative,False,8,none,0
md_heading,5,s5_imp_15,S5,imperative,False,0,none,0
md_heading,5,s5_dec_01,S5,declarative,False,0,none,0
md_heading,5,s5_dec_02,S5,declarative,False,0,none,0
md_heading,5,s5_dec_03,S5,declarative,False,0,none,0
md_heading,5,s5_dec_04,S5,declarative,False,0,none,0
md_heading,5,s5_dec_05,S5,declarative,False,4,none,0
md_heading,5,s5_dec_06,S5,declarative,False,0,none,0
md_heading,5,s5_dec_07,S5,declarative,False,0,none,0
md_heading,5,s5_dec_08,S5,declarative,False,0,none,0
md_heading,5,s5_dec_09,S5,declarative,False,0,none,0
md_heading,5,s5_dec_10,S5,declarative,False,0,none,0
md_heading,5,s5_dec_11,S5,declarative,False,0,none,0
md_heading,5,s5_dec_12,S5,declarative,False,0,none,0
md_heading,5,s5_dec_13,S5,declarative,False,0,none,0
md_heading,5,s5_dec_14,S5,declarative,False,0,none,0
md_heading,5,s5_ind_01,S5,indirect,False,0,none,0
md_heading,5,s5_ind_02,S5,indirect,False,0,none,0
md_heading,5,s5_ind_03,S5,indirect,False,0,none,0
md_heading,5,s5_ind_04,S5,indirect,False,0,none,0
md_heading,5,s5_ind_05,S5,indirect,False,0,none,0
md_heading,5,s5_ind_06,S5,indirect,False,0,none,0
md_heading,5,s5_ind_07,S5,indirect,False,0,none,0
md_heading,5,s5_ind_08,S5,indirect,False,0,none,0
md_heading,5,s5_ind_09,S5,indirect,False,0,none,0
md_heading,5,s5_ind_10,S5,indirect,False,0,none,0
md_heading,5,s6_rp_01,S6,roleplay,False,4,none,0
md_heading,5,s6_rp_02,S6,roleplay,False,4,none,0
md_heading,5,s6_rp_03,S6,roleplay,False,4,none,0
md_heading,5,s6_rp_04,S6,roleplay,False,0,none,0
md_heading,5,s6_rp_05,S6,roleplay,False,8,none,0
md_heading,5,s6_rp_06,S6,roleplay,False,0,none,0
md_heading,5,s6_rp_07,S6,roleplay,False,0,none,0
md_heading,5,s6_rp_08,S6,roleplay,False,0,none,0
md_heading,5,s6_enc_01,S6,encoding,False,4,none,0
md_heading,5,s6_enc_02,S6,encoding,False,0,none,0
md_heading,5,s6_enc_03,S6,encoding,False,4,none,0
md_heading,5,s6_enc_04,S6,encoding,False,4,none,0
md_heading,5,safe_01,SAFE,benign,False,0,none,0
md_heading,5,safe_02,SAFE,benign,False,4,none,0
md_heading,5,safe_03,SAFE,benign,False,4,none,0
md_heading,5,safe_04,SAFE,benign,False,4,none,0
md_heading,5,safe_05,SAFE,benign,False,0,none,0
md_heading,5,safe_06,SAFE,benign,False,0,none,0
md_heading,5,safe_07,SAFE,benign,False,4,none,0
md_heading,5,safe_08,SAFE,benign,False,0,none,0
md_heading,5,safe_09,SAFE,benign,False,0,none,0
md_heading,5,safe_10,SAFE,benign,False,0,none,0
md_heading,5,safe_11,SAFE,benign,False,0,none,0
md_heading,5,safe_12,SAFE,benign,False,4,none,0
md_heading,5,safe_13,SAFE,benign,False,0,none,0
md_heading,5,safe_14,SAFE,benign,False,4,none,0
md_heading,5,safe_15,SAFE,benign,False,0,none,0
md_heading,5,safe_16,SAFE,benign,False,0,none,0
md_heading,5,safe_17,SAFE,benign,False,4,none,0
md_heading,5,safe_18,SAFE,benign,False,0,none,0
md_heading,5,safe_19,SAFE,benign,False,0,none,0
md_heading,5,safe_20,SAFE,benign,False,0,none,0
md_heading,5,hn_p_01,SAFE,legit_prompt,True,8,none,0
md_heading,5,hn_p_02,SAFE,legit_prompt,True,12,none,0
md_heading,5,hn_p_03,SAFE,legit_prompt,True,4,none,0
md_heading,5,hn_p_04,SAFE,legit_prompt,True,8,none,0
md_heading,5,hn_p_05,SAFE,legit_prompt,True,12,none,0
md_heading,5,hn_p_06,SAFE,legit_prompt,True,8,none,0
md_heading,5,hn_p_07,SAFE,legit_prompt,True,8,none,0
md_heading,5,hn_p_08,SAFE,legit_prompt,True,12,none,0
md_heading,5,hn_d_01,SAFE,security_doc,False,0,none,0
md_heading,5,hn_d_02,SAFE,security_doc,False,0,none,0
md_heading,5,hn_d_03,SAFE,security_doc,False,0,none,0
md_heading,5,hn_d_04,SAFE,security_doc,False,4,none,0
md_heading,5,hn_d_05,SAFE,security_doc,False,0,none,0
md_heading,5,hn_d_06,SAFE,security_doc,False,0,none,0
md_heading,5,hn_d_07,SAFE,security_doc,False,4,none,0
md_heading,5,hn_d_08,SAFE,security_doc,False,0,none,0
md_heading,5,hn_t_01,SAFE,benign_template,True,6,none,0
md_heading,5,hn_t_02,SAFE,benign_template,True,6,none,0
md_heading,5,hn_t_03,SAFE,benign_template,True,6,none,0
md_heading,5,hn_t_04,SAFE,benign_template,True,14,none,0
md_heading,10,s5_imp_01,S5,imperative,False,0,none,0
md_heading,10,s5_imp_02,S5,imperative,False,0,none,0
md_heading,10,s5_imp_03,S5,imperative,False,4,none,0
md_heading,10,s5_imp_04,S5,imperative,False,0,none,0
md_heading,10,s5_imp_05,S5,imperative,False,0,none,0
md_heading,10,s5_imp_06,S5,imperative,False,0,none,0
md_heading,10,s5_imp_07,S5,imperative,False,0,none,0
md_heading,10,s5_imp_08,S5,imperative,False,0,none,0
md_heading,10,s5_imp_09,S5,imperative,False,4,none,0
md_heading,10,s5_imp_10,S5,imperative,False,0,none,0
md_heading,10,s5_imp_11,S5,imperative,False,0,none,0
md_heading,10,s5_imp_12,S5,imperative,False,0,none,0
md_heading,10,s5_imp_13,S5,imperative,False,0,none,0
md_heading,10,s5_imp_14,S5,imperative,False,8,none,0
md_heading,10,s5_imp_15,S5,imperative,False,0,none,0
md_heading,10,s5_dec_01,S5,declarative,False,0,none,0
md_heading,10,s5_dec_02,S5,declarative,False,0,none,0
md_heading,10,s5_dec_03,S5,declarative,False,0,none,0
md_heading,10,s5_dec_04,S5,declarative,False,0,none,0
md_heading,10,s5_dec_05,S5,declarative,False,4,none,0
md_heading,10,s5_dec_06,S5,declarative,False,0,none,0
md_heading,10,s5_dec_07,S5,declarative,False,0,none,0
md_heading,10,s5_dec_08,S5,declarative,False,0,none,0
md_heading,10,s5_dec_09,S5,declarative,False,0,none,0
md_heading,10,s5_dec_10,S5,declarative,False,0,none,0
md_heading,10,s5_dec_11,S5,declarative,False,0,none,0
md_heading,10,s5_dec_12,S5,declarative,False,0,none,0
md_heading,10,s5_dec_13,S5,declarative,False,0,none,0
md_heading,10,s5_dec_14,S5,declarative,False,0,none,0
md_heading,10,s5_ind_01,S5,indirect,False,0,none,0
md_heading,10,s5_ind_02,S5,indirect,False,0,none,0
md_heading,10,s5_ind_03,S5,indirect,False,0,none,0
md_heading,10,s5_ind_04,S5,indirect,False,0,none,0
md_heading,10,s5_ind_05,S5,indirect,False,0,none,0
md_heading,10,s5_ind_06,S5,indirect,False,0,none,0
md_heading,10,s5_ind_07,S5,indirect,False,0,none,0
md_heading,10,s5_ind_08,S5,indirect,False,0,none,0
md_heading,10,s5_ind_09,S5,indirect,False,0,none,0
md_heading,10,s5_ind_10,S5,indirect,False,0,none,0
md_heading,10,s6_rp_01,S6,roleplay,False,4,none,0
md_heading,10,s6_rp_02,S6,roleplay,False,4,none,0
md_heading,10,s6_rp_03,S6,roleplay,False,4,none,0
md_heading,10,s6_rp_04,S6,roleplay,False,0,none,0
md_heading,10,s6_rp_05,S6,roleplay,False,8,none,0
md_heading,10,s6_rp_06,S6,roleplay,False,0,none,0
md_heading,10,s6_rp_07,S6,roleplay,False,0,none,0
md_heading,10,s6_rp_08,S6,roleplay,False,0,none,0
md_heading,10,s6_enc_01,S6,encoding,False,4,none,0
md_heading,10,s6_enc_02,S6,encoding,False,0,none,0
md_heading,10,s6_enc_03,S6,encoding,False,4,none,0
md_heading,10,s6_enc_04,S6,encoding,False,4,none,0
md_heading,10,safe_01,SAFE,benign,False,0,none,0
md_heading,10,safe_02,SAFE,benign,False,4,none,0
md_heading,10,safe_03,SAFE,benign,False,4,none,0
md_heading,10,safe_04,SAFE,benign,False,4,none,0
md_heading,10,safe_05,SAFE,benign,False,0,none,0
md_heading,10,safe_06,SAFE,benign,False,0,none,0
md_heading,10,safe_07,SAFE,benign,False,4,none,0
md_heading,10,safe_08,SAFE,benign,False,0,none,0
md_heading,10,safe_09,SAFE,benign,False,0,none,0
md_heading,10,safe_10,SAFE,benign,False,0,none,0
md_heading,10,safe_11,SAFE,benign,False,0,none,0
md_heading,10,safe_12,SAFE,benign,False,4,none,0
md_heading,10,safe_13,SAFE,benign,False,0,none,0
md_heading,10,safe_14,SAFE,benign,False,4,none,0
md_heading,10,safe_15,SAFE,benign,False,0,none,0
md_heading,10,safe_16,SAFE,benign,False,0,none,0
md_heading,10,safe_17,SAFE,benign,False,4,none,0
md_heading,10,safe_18,SAFE,benign,False,0,none,0
md_heading,10,safe_19,SAFE,benign,False,0,none,0
md_heading,10,safe_20,SAFE,benign,False,0,none,0
md_heading,10,hn_p_01,SAFE,legit_prompt,True,8,none,0
md_heading,10,hn_p_02,SAFE,legit_prompt,True,12,none,0
md_heading,10,hn_p_03,SAFE,legit_prompt,True,4,none,0
md_heading,10,hn_p_04,SAFE,legit_prompt,True,8,none,0
md_heading,10,hn_p_05,SAFE,legit_prompt,True,12,none,0
md_heading,10,hn_p_06,SAFE,legit_prompt,True,8,none,0
md_heading,10,hn_p_07,SAFE,legit_prompt,True,8,none,0
md_heading,10,hn_p_08,SAFE,legit_prompt,True,12,none,0
md_heading,10,hn_d_01,SAFE,security_doc,False,0,none,0
md_heading,10,hn_d_02,SAFE,security_doc,False,0,none,0
md_heading,10,hn_d_03,SAFE,security_doc,False,0,none,0
md_heading,10,hn_d_04,SAFE,security_doc,False,4,none,0
md_heading,10,hn_d_05,SAFE,security_doc,False,0,none,0
md_heading,10,hn_d_06,SAFE,security_doc,False,0,none,0
md_heading,10,hn_d_07,SAFE,security_doc,False,4,none,0
md_heading,10,hn_d_08,SAFE,security_doc,False,0,none,0
md_heading,10,hn_t_01,SAFE,benign_template,True,6,none,0
md_heading,10,hn_t_02,SAFE,benign_template,True,6,none,0
md_heading,10,hn_t_03,SAFE,benign_template,True,6,none,0
md_heading,10,hn_t_04,SAFE,benign_template,True,14,none,0
md_heading,15,s5_imp_01,S5,imperative,False,0,none,0
md_heading,15,s5_imp_02,S5,imperative,False,0,none,0
md_heading,15,s5_imp_03,S5,imperative,False,4,none,0
md_heading,15,s5_imp_04,S5,imperative,False,0,none,0
md_heading,15,s5_imp_05,S5,imperative,False,0,none,0
md_heading,15,s5_imp_06,S5,imperative,False,0,none,0
md_heading,15,s5_imp_07,S5,imperative,False,0,none,0
md_heading,15,s5_imp_08,S5,imperative,False,0,none,0
md_heading,15,s5_imp_09,S5,imperative,False,4,none,0
md_heading,15,s5_imp_10,S5,imperative,False,0,none,0
md_heading,15,s5_imp_11,S5,imperative,False,0,none,0
md_heading,15,s5_imp_12,S5,imperative,False,0,none,0
md_heading,15,s5_imp_13,S5,imperative,False,0,none,0
md_heading,15,s5_imp_14,S5,imperative,False,8,none,0
md_heading,15,s5_imp_15,S5,imperative,False,0,none,0
md_heading,15,s5_dec_01,S5,declarative,False,0,none,0
md_heading,15,s5_dec_02,S5,declarative,False,0,none,0
md_heading,15,s5_dec_03,S5,declarative,False,0,none,0
md_heading,15,s5_dec_04,S5,declarative,False,0,none,0
md_heading,15,s5_dec_05,S5,declarative,False,4,none,0
md_heading,15,s5_dec_06,S5,declarative,False,0,none,0
md_heading,15,s5_dec_07,S5,declarative,False,0,none,0
md_heading,15,s5_dec_08,S5,declarative,False,0,none,0
md_heading,15,s5_dec_09,S5,declarative,False,0,none,0
md_heading,15,s5_dec_10,S5,declarative,False,0,none,0
md_heading,15,s5_dec_11,S5,declarative,False,0,none,0
md_heading,15,s5_dec_12,S5,declarative,False,0,none,0
md_heading,15,s5_dec_13,S5,declarative,False,0,none,0
md_heading,15,s5_dec_14,S5,declarative,False,0,none,0
md_heading,15,s5_ind_01,S5,indirect,False,0,none,0
md_heading,15,s5_ind_02,S5,indirect,False,0,none,0
md_heading,15,s5_ind_03,S5,indirect,False,0,none,0
md_heading,15,s5_ind_04,S5,indirect,False,0,none,0
md_heading,15,s5_ind_05,S5,indirect,False,0,none,0
md_heading,15,s5_ind_06,S5,indirect,False,0,none,0
md_heading,15,s5_ind_07,S5,indirect,False,0,none,0
md_heading,15,s5_ind_08,S5,indirect,False,0,none,0
md_heading,15,s5_ind_09,S5,indirect,False,0,none,0
md_heading,15,s5_ind_10,S5,indirect,False,0,none,0
md_heading,15,s6_rp_01,S6,roleplay,False,4,none,0
md_heading,15,s6_rp_02,S6,roleplay,False,4,none,0
md_heading,15,s6_rp_03,S6,roleplay,False,4,none,0
md_heading,15,s6_rp_04,S6,roleplay,False,0,none,0
md_heading,15,s6_rp_05,S6,roleplay,False,8,none,0
md_heading,15,s6_rp_06,S6,roleplay,False,0,none,0
md_heading,15,s6_rp_07,S6,roleplay,False,0,none,0
md_heading,15,s6_rp_08,S6,roleplay,False,0,none,0
md_heading,15,s6_enc_01,S6,encoding,False,4,none,0
md_heading,15,s6_enc_02,S6,encoding,False,0,none,0
md_heading,15,s6_enc_03,S6,encoding,False,4,none,0
md_heading,15,s6_enc_04,S6,encoding,False,4,none,0
md_heading,15,safe_01,SAFE,benign,False,0,none,0
md_heading,15,safe_02,SAFE,benign,False,4,none,0
md_heading,15,safe_03,SAFE,benign,False,4,none,0
md_heading,15,safe_04,SAFE,benign,False,4,none,0
md_heading,15,safe_05,SAFE,benign,False,0,none,0
md_heading,15,safe_06,SAFE,benign,False,0,none,0
md_heading,15,safe_07,SAFE,benign,False,4,none,0
md_heading,15,safe_08,SAFE,benign,False,0,none,0
md_heading,15,safe_09,SAFE,benign,False,0,none,0
md_heading,15,safe_10,SAFE,benign,False,0,none,0
md_heading,15,safe_11,SAFE,benign,False,0,none,0
md_heading,15,safe_12,SAFE,benign,False,4,none,0
md_heading,15,safe_13,SAFE,benign,False,0,none,0
md_heading,15,safe_14,SAFE,benign,False,4,none,0
md_heading,15,safe_15,SAFE,benign,False,0,none,0
md_heading,15,safe_16,SAFE,benign,False,0,none,0
md_heading,15,safe_17,SAFE,benign,False,4,none,0
md_heading,15,safe_18,SAFE,benign,False,0,none,0
md_heading,15,safe_19,SAFE,benign,False,0,none,0
md_heading,15,safe_20,SAFE,benign,False,0,none,0
md_heading,15,hn_p_01,SAFE,legit_prompt,True,8,none,0
md_heading,15,hn_p_02,SAFE,legit_prompt,True,12,none,0
md_heading,15,hn_p_03,SAFE,legit_prompt,True,4,none,0
md_heading,15,hn_p_04,SAFE,legit_prompt,True,8,none,0
md_heading,15,hn_p_05,SAFE,legit_prompt,True,12,none,0
md_heading,15,hn_p_06,SAFE,legit_prompt,True,8,none,0
md_heading,15,hn_p_07,SAFE,legit_prompt,True,8,none,0
md_heading,15,hn_p_08,SAFE,legit_prompt,True,12,none,0
md_heading,15,hn_d_01,SAFE,security_doc,False,0,none,0
md_heading,15,hn_d_02,SAFE,security_doc,False,0,none,0
md_heading,15,hn_d_03,SAFE,security_doc,False,0,none,0
md_heading,15,hn_d_04,SAFE,security_doc,False,4,none,0
md_heading,15,hn_d_05,SAFE,security_doc,False,0,none,0
md_heading,15,hn_d_06,SAFE,security_doc,False,0,none,0
md_heading,15,hn_d_07,SAFE,security_doc,False,4,none,0
md_heading,15,hn_d_08,SAFE,security_doc,False,0,none,0
md_heading,15,hn_t_01,SAFE,benign_template,True,6,none,0
md_heading,15,hn_t_02,SAFE,benign_template,True,6,none,0
md_heading,15,hn_t_03,SAFE,benign_template,True,6,none,0
md_heading,15,hn_t_04,SAFE,benign_template,True,14,none,0
md_heading,20,s5_imp_01,S5,imperative,False,0,none,0
md_heading,20,s5_imp_02,S5,imperative,False,0,none,0
md_heading,20,s5_imp_03,S5,imperative,False,4,none,0
md_heading,20,s5_imp_04,S5,imperative,False,0,none,0
md_heading,20,s5_imp_05,S5,imperative,False,0,none,0
md_heading,20,s5_imp_06,S5,imperative,False,0,none,0
md_heading,20,s5_imp_07,S5,imperative,False,0,none,0
md_heading,20,s5_imp_08,S5,imperative,False,0,none,0
md_heading,20,s5_imp_09,S5,imperative,False,4,none,0
md_heading,20,s5_imp_10,S5,imperative,False,0,none,0
md_heading,20,s5_imp_11,S5,imperative,False,0,none,0
md_heading,20,s5_imp_12,S5,imperative,False,0,none,0
md_heading,20,s5_imp_13,S5,imperative,False,0,none,0
md_heading,20,s5_imp_14,S5,imperative,False,8,none,0
md_heading,20,s5_imp_15,S5,imperative,False,0,none,0
md_heading,20,s5_dec_01,S5,declarative,False,0,none,0
md_heading,20,s5_dec_02,S5,declarative,False,0,none,0
md_heading,20,s5_dec_03,S5,declarative,False,0,none,0
md_heading,20,s5_dec_04,S5,declarative,False,0,none,0
md_heading,20,s5_dec_05,S5,declarative,False,4,none,0
md_heading,20,s5_dec_06,S5,declarative,False,0,none,0
md_heading,20,s5_dec_07,S5,declarative,False,0,none,0
md_heading,20,s5_dec_08,S5,declarative,False,0,none,0
md_heading,20,s5_dec_09,S5,declarative,False,0,none,0
md_heading,20,s5_dec_10,S5,declarative,False,0,none,0
md_heading,20,s5_dec_11,S5,declarative,False,0,none,0
md_heading,20,s5_dec_12,S5,declarative,False,0,none,0
md_heading,20,s5_dec_13,S5,declarative,False,0,none,0
md_heading,20,s5_dec_14,S5,declarative,False,0,none,0
md_heading,20,s5_ind_01,S5,indirect,False,0,none,0
md_heading,20,s5_ind_02,S5,indirect,False,0,none,0
md_heading,20,s5_ind_03,S5,indirect,False,0,none,0
md_heading,20,s5_ind_04,S5,indirect,False,0,none,0
md_heading,20,s5_ind_05,S5,indirect,False,0,none,0
md_heading,20,s5_ind_06,S5,indirect,False,0,none,0
md_heading,20,s5_ind_07,S5,indirect,False,0,none,0
md_heading,20,s5_ind_08,S5,indirect,False,0,none,0
md_heading,20,s5_ind_09,S5,indirect,False,0,none,0
md_heading,20,s5_ind_10,S5,indirect,False,0,none,0
md_heading,20,s6_rp_01,S6,roleplay,False,4,none,0
md_heading,20,s6_rp_02,S6,roleplay,False,4,none,0
md_heading,20,s6_rp_03,S6,roleplay,False,4,none,0
md_heading,20,s6_rp_04,S6,roleplay,False,0,none,0
md_heading,20,s6_rp_05,S6,roleplay,False,8,none,0
md_heading,20,s6_rp_06,S6,roleplay,False,0,none,0
md_heading,20,s6_rp_07,S6,roleplay,False,0,none,0
md_heading,20,s6_rp_08,S6,roleplay,False,0,none,0
md_heading,20,s6_enc_01,S6,encoding,False,4,none,0
md_heading,20,s6_enc_02,S6,encoding,False,0,none,0
md_heading,20,s6_enc_03,S6,encoding,False,4,none,0
md_heading,20,s6_enc_04,S6,encoding,False,4,none,0
md_heading,20,safe_01,SAFE,benign,False,0,none,0
md_heading,20,safe_02,SAFE,benign,False,4,none,0
md_heading,20,safe_03,SAFE,benign,False,4,none,0
md_heading,20,safe_04,SAFE,benign,False,4,none,0
md_heading,20,safe_05,SAFE,benign,False,0,none,0
md_heading,20,safe_06,SAFE,benign,False,0,none,0
md_heading,20,safe_07,SAFE,benign,False,4,none,0
md_heading,20,safe_08,SAFE,benign,False,0,none,0
md_heading,20,safe_09,SAFE,benign,False,0,none,0
md_heading,20,safe_10,SAFE,benign,False,0,none,0
md_heading,20,safe_11,SAFE,benign,False,0,none,0
md_heading,20,safe_12,SAFE,benign,False,4,none,0
md_heading,20,safe_13,SAFE,benign,False,0,none,0
md_heading,20,safe_14,SAFE,benign,False,4,none,0
md_heading,20,safe_15,SAFE,benign,False,0,none,0
md_heading,20,safe_16,SAFE,benign,False,0,none,0
md_heading,20,safe_17,SAFE,benign,False,4,none,0
md_heading,20,safe_18,SAFE,benign,False,0,none,0
md_heading,20,safe_19,SAFE,benign,False,0,none,0
md_heading,20,safe_20,SAFE,benign,False,0,none,0
md_heading,20,hn_p_01,SAFE,legit_prompt,True,8,none,0
md_heading,20,hn_p_02,SAFE,legit_prompt,True,12,none,0
md_heading,20,hn_p_03,SAFE,legit_prompt,True,4,none,0
md_heading,20,hn_p_04,SAFE,legit_prompt,True,8,none,0
md_heading,20,hn_p_05,SAFE,legit_prompt,True,12,none,0
md_heading,20,hn_p_06,SAFE,legit_prompt,True,8,none,0
md_heading,20,hn_p_07,SAFE,legit_prompt,True,8,none,0
md_heading,20,hn_p_08,SAFE,legit_prompt,True,12,none,0
md_heading,20,hn_d_01,SAFE,security_doc,False,0,none,0
md_heading,20,hn_d_02,SAFE,security_doc,False,0,none,0
md_heading,20,hn_d_03,SAFE,security_doc,False,0,none,0
md_heading,20,hn_d_04,SAFE,security_doc,False,4,none,0
md_heading,20,hn_d_05,SAFE,security_doc,False,0,none,0
md_heading,20,hn_d_06,SAFE,security_doc,False,0,none,0
md_heading,20,hn_d_07,SAFE,security_doc,False,4,none,0
md_heading,20,hn_d_08,SAFE,security_doc,False,0,none,0
md_heading,20,hn_t_01,SAFE,benign_template,True,6,none,0
md_heading,20,hn_t_02,SAFE,benign_template,True,6,none,0
md_heading,20,hn_t_03,SAFE,benign_template,True,6,none,0
md_heading,20,hn_t_04,SAFE,benign_template,True,14,none,0
md_heading,25,s5_imp_01,S5,imperative,False,0,none,0
md_heading,25,s5_imp_02,S5,imperative,False,0,none,0
md_heading,25,s5_imp_03,S5,imperative,False,4,none,0
md_heading,25,s5_imp_04,S5,imperative,False,0,none,0
md_heading,25,s5_imp_05,S5,imperative,False,0,none,0
md_heading,25,s5_imp_06,S5,imperative,False,0,none,0
md_heading,25,s5_imp_07,S5,imperative,False,0,none,0
md_heading,25,s5_imp_08,S5,imperative,False,0,none,0
md_heading,25,s5_imp_09,S5,imperative,False,4,none,0
md_heading,25,s5_imp_10,S5,imperative,False,0,none,0
md_heading,25,s5_imp_11,S5,imperative,False,0,none,0
md_heading,25,s5_imp_12,S5,imperative,False,0,none,0
md_heading,25,s5_imp_13,S5,imperative,False,0,none,0
md_heading,25,s5_imp_14,S5,imperative,False,8,none,0
md_heading,25,s5_imp_15,S5,imperative,False,0,none,0
md_heading,25,s5_dec_01,S5,declarative,False,0,none,0
md_heading,25,s5_dec_02,S5,declarative,False,0,none,0
md_heading,25,s5_dec_03,S5,declarative,False,0,none,0
md_heading,25,s5_dec_04,S5,declarative,False,0,none,0
md_heading,25,s5_dec_05,S5,declarative,False,4,none,0
md_heading,25,s5_dec_06,S5,declarative,False,0,none,0
md_heading,25,s5_dec_07,S5,declarative,False,0,none,0
md_heading,25,s5_dec_08,S5,declarative,False,0,none,0
md_heading,25,s5_dec_09,S5,declarative,False,0,none,0
md_heading,25,s5_dec_10,S5,declarative,False,0,none,0
md_heading,25,s5_dec_11,S5,declarative,False,0,none,0
md_heading,25,s5_dec_12,S5,declarative,False,0,none,0
md_heading,25,s5_dec_13,S5,declarative,False,0,none,0
md_heading,25,s5_dec_14,S5,declarative,False,0,none,0
md_heading,25,s5_ind_01,S5,indirect,False,0,none,0
md_heading,25,s5_ind_02,S5,indirect,False,0,none,0
md_heading,25,s5_ind_03,S5,indirect,False,0,none,0
md_heading,25,s5_ind_04,S5,indirect,False,0,none,0
md_heading,25,s5_ind_05,S5,indirect,False,0,none,0
md_heading,25,s5_ind_06,S5,indirect,False,0,none,0
md_heading,25,s5_ind_07,S5,indirect,False,0,none,0
md_heading,25,s5_ind_08,S5,indirect,False,0,none,0
md_heading,25,s5_ind_09,S5,indirect,False,0,none,0
md_heading,25,s5_ind_10,S5,indirect,False,0,none,0
md_heading,25,s6_rp_01,S6,roleplay,False,4,none,0
md_heading,25,s6_rp_02,S6,roleplay,False,4,none,0
md_heading,25,s6_rp_03,S6,roleplay,False,4,none,0
md_heading,25,s6_rp_04,S6,roleplay,False,0,none,0
md_heading,25,s6_rp_05,S6,roleplay,False,8,none,0
md_heading,25,s6_rp_06,S6,roleplay,False,0,none,0
md_heading,25,s6_rp_07,S6,roleplay,False,0,none,0
md_heading,25,s6_rp_08,S6,roleplay,False,0,none,0
md_heading,25,s6_enc_01,S6,encoding,False,4,none,0
md_heading,25,s6_enc_02,S6,encoding,False,0,none,0
md_heading,25,s6_enc_03,S6,encoding,False,4,none,0
md_heading,25,s6_enc_04,S6,encoding,False,4,none,0
md_heading,25,safe_01,SAFE,benign,False,0,none,0
md_heading,25,safe_02,SAFE,benign,False,4,none,0
md_heading,25,safe_03,SAFE,benign,False,4,none,0
md_heading,25,safe_04,SAFE,benign,False,4,none,0
md_heading,25,safe_05,SAFE,benign,False,0,none,0
md_heading,25,safe_06,SAFE,benign,False,0,none,0
md_heading,25,safe_07,SAFE,benign,False,4,none,0
md_heading,25,safe_08,SAFE,benign,False,0,none,0
md_heading,25,safe_09,SAFE,benign,False,0,none,0
md_heading,25,safe_10,SAFE,benign,False,0,none,0
md_heading,25,safe_11,SAFE,benign,False,0,none,0
md_heading,25,safe_12,SAFE,benign,False,4,none,0
md_heading,25,safe_13,SAFE,benign,False,0,none,0
md_heading,25,safe_14,SAFE,benign,False,4,none,0
md_heading,25,safe_15,SAFE,benign,False,0,none,0
md_heading,25,safe_16,SAFE,benign,False,0,none,0
md_heading,25,safe_17,SAFE,benign,False,4,none,0
md_heading,25,safe_18,SAFE,benign,False,0,none,0
md_heading,25,safe_19,SAFE,benign,False,0,none,0
md_heading,25,safe_20,SAFE,benign,False,0,none,0
md_heading,25,hn_p_01,SAFE,legit_prompt,True,8,none,0
md_heading,25,hn_p_02,SAFE,legit_prompt,True,12,none,0
md_heading,25,hn_p_03,SAFE,legit_prompt,True,4,none,0
md_heading,25,hn_p_04,SAFE,legit_prompt,True,8,none,0
md_heading,25,hn_p_05,SAFE,legit_prompt,True,12,none,0
md_heading,25,hn_p_06,SAFE,legit_prompt,True,8,none,0
md_heading,25,hn_p_07,SAFE,legit_prompt,True,8,none,0
md_heading,25,hn_p_08,SAFE,legit_prompt,True,12,none,0
md_heading,25,hn_d_01,SAFE,security_doc,False,0,none,0
md_heading,25,hn_d_02,SAFE,security_doc,False,0,none,0
md_heading,25,hn_d_03,SAFE,security_doc,False,0,none,0
md_heading,25,hn_d_04,SAFE,security_doc,False,4,none,0
md_heading,25,hn_d_05,SAFE,security_doc,False,0,none,0
md_heading,25,hn_d_06,SAFE,security_doc,False,0,none,0
md_heading,25,hn_d_07,SAFE,security_doc,False,4,none,0
md_heading,25,hn_d_08,SAFE,security_doc,False,0,none,0
md_heading,25,hn_t_01,SAFE,benign_template,True,6,none,0
md_heading,25,hn_t_02,SAFE,benign_template,True,6,none,0
md_heading,25,hn_t_03,SAFE,benign_template,True,6,none,0
md_heading,25,hn_t_04,SAFE,benign_template,True,14,none,0
md_heading,30,s5_imp_01,S5,imperative,False,0,none,0
md_heading,30,s5_imp_02,S5,imperative,False,0,none,0
md_heading,30,s5_imp_03,S5,imperative,False,4,none,0
md_heading,30,s5_imp_04,S5,imperative,False,0,none,0
md_heading,30,s5_imp_05,S5,imperative,False,0,none,0
md_heading,30,s5_imp_06,S5,imperative,False,0,none,0
md_heading,30,s5_imp_07,S5,imperative,False,0,none,0
md_heading,30,s5_imp_08,S5,imperative,False,0,none,0
md_heading,30,s5_imp_09,S5,imperative,False,4,none,0
md_heading,30,s5_imp_10,S5,imperative,False,0,none,0
md_heading,30,s5_imp_11,S5,imperative,False,0,none,0
md_heading,30,s5_imp_12,S5,imperative,False,0,none,0
md_heading,30,s5_imp_13,S5,imperative,False,0,none,0
md_heading,30,s5_imp_14,S5,imperative,False,8,none,0
md_heading,30,s5_imp_15,S5,imperative,False,0,none,0
md_heading,30,s5_dec_01,S5,declarative,False,0,none,0
md_heading,30,s5_dec_02,S5,declarative,False,0,none,0
md_heading,30,s5_dec_03,S5,declarative,False,0,none,0
md_heading,30,s5_dec_04,S5,declarative,False,0,none,0
md_heading,30,s5_dec_05,S5,declarative,False,4,none,0
md_heading,30,s5_dec_06,S5,declarative,False,0,none,0
md_heading,30,s5_dec_07,S5,declarative,False,0,none,0
md_heading,30,s5_dec_08,S5,declarative,False,0,none,0
md_heading,30,s5_dec_09,S5,declarative,False,0,none,0
md_heading,30,s5_dec_10,S5,declarative,False,0,none,0
md_heading,30,s5_dec_11,S5,declarative,False,0,none,0
md_heading,30,s5_dec_12,S5,declarative,False,0,none,0
md_heading,30,s5_dec_13,S5,declarative,False,0,none,0
md_heading,30,s5_dec_14,S5,declarative,False,0,none,0
md_heading,30,s5_ind_01,S5,indirect,False,0,none,0
md_heading,30,s5_ind_02,S5,indirect,False,0,none,0
md_heading,30,s5_ind_03,S5,indirect,False,0,none,0
md_heading,30,s5_ind_04,S5,indirect,False,0,none,0
md_heading,30,s5_ind_05,S5,indirect,False,0,none,0
md_heading,30,s5_ind_06,S5,indirect,False,0,none,0
md_heading,30,s5_ind_07,S5,indirect,False,0,none,0
md_heading,30,s5_ind_08,S5,indirect,False,0,none,0
md_heading,30,s5_ind_09,S5,indirect,False,0,none,0
md_heading,30,s5_ind_10,S5,indirect,False,0,none,0
md_heading,30,s6_rp_01,S6,roleplay,False,4,none,0
md_heading,30,s6_rp_02,S6,roleplay,False,4,none,0
md_heading,30,s6_rp_03,S6,roleplay,False,4,none,0
md_heading,30,s6_rp_04,S6,roleplay,False,0,none,0
md_heading,30,s6_rp_05,S6,roleplay,False,8,none,0
md_heading,30,s6_rp_06,S6,roleplay,False,0,none,0
md_heading,30,s6_rp_07,S6,roleplay,False,0,none,0
md_heading,30,s6_rp_08,S6,roleplay,False,0,none,0
md_heading,30,s6_enc_01,S6,encoding,False,4,none,0
md_heading,30,s6_enc_02,S6,encoding,False,0,none,0
md_heading,30,s6_enc_03,S6,encoding,False,4,none,0
md_heading,30,s6_enc_04,S6,encoding,False,4,none,0
md_heading,30,safe_01,SAFE,benign,False,0,none,0
md_heading,30,safe_02,SAFE,benign,False,4,none,0
md_heading,30,safe_03,SAFE,benign,False,4,none,0
md_heading,30,safe_04,SAFE,benign,False,4,none,0
md_heading,30,safe_05,SAFE,benign,False,0,none,0
md_heading,30,safe_06,SAFE,benign,False,0,none,0
md_heading,30,safe_07,SAFE,benign,False,4,none,0
md_heading,30,safe_08,SAFE,benign,False,0,none,0
md_heading,30,safe_09,SAFE,benign,False,0,none,0
md_heading,30,safe_10,SAFE,benign,False,0,none,0
md_heading,30,safe_11,SAFE,benign,False,0,none,0
md_heading,30,safe_12,SAFE,benign,False,4,none,0
md_heading,30,safe_13,SAFE,benign,False,0,none,0
md_heading,30,safe_14,SAFE,benign,False,4,none,0
md_heading,30,safe_15,SAFE,benign,False,0,none,0
md_heading,30,safe_16,SAFE,benign,False,0,none,0
md_heading,30,safe_17,SAFE,benign,False,4,none,0
md_heading,30,safe_18,SAFE,benign,False,0,none,0
md_heading,30,safe_19,SAFE,benign,False,0,none,0
md_heading,30,safe_20,SAFE,benign,False,0,none,0
md_heading,30,hn_p_01,SAFE,legit_prompt,True,8,none,0
md_heading,30,hn_p_02,SAFE,legit_prompt,True,12,none,0
md_heading,30,hn_p_03,SAFE,legit_prompt,True,4,none,0
md_heading,30,hn_p_04,SAFE,legit_prompt,True,8,none,0
md_heading,30,hn_p_05,SAFE,legit_prompt,True,12,none,0
md_heading,30,hn_p_06,SAFE,legit_prompt,True,8,none,0
md_heading,30,hn_p_07,SAFE,legit_prompt,True,8,none,0
md_heading,30,hn_p_08,SAFE,legit_prompt,True,12,none,0
md_heading,30,hn_d_01,SAFE,security_doc,False,0,none,0
md_heading,30,hn_d_02,SAFE,security_doc,False,0,none,0
md_heading,30,hn_d_03,SAFE,security_doc,False,0,none,0
md_heading,30,hn_d_04,SAFE,security_doc,False,4,none,0
md_heading,30,hn_d_05,SAFE,security_doc,False,0,none,0
md_heading,30,hn_d_06,SAFE,security_doc,False,0,none,0
md_heading,30,hn_d_07,SAFE,security_doc,False,4,none,0
md_heading,30,hn_d_08,SAFE,security_doc,False,0,none,0
md_heading,30,hn_t_01,SAFE,benign_template,True,6,none,0
md_heading,30,hn_t_02,SAFE,benign_template,True,6,none,0
md_heading,30,hn_t_03,SAFE,benign_template,True,6,none,0
md_heading,30,hn_t_04,SAFE,benign_template,True,14,none,0
md_heading,35,s5_imp_01,S5,imperative,False,0,none,0
md_heading,35,s5_imp_02,S5,imperative,False,0,none,0
md_heading,35,s5_imp_03,S5,imperative,False,4,none,0
md_heading,35,s5_imp_04,S5,imperative,False,0,none,0
md_heading,35,s5_imp_05,S5,imperative,False,0,none,0
md_heading,35,s5_imp_06,S5,imperative,False,0,none,0
md_heading,35,s5_imp_07,S5,imperative,False,0,none,0
md_heading,35,s5_imp_08,S5,imperative,False,0,none,0
md_heading,35,s5_imp_09,S5,imperative,False,4,none,0
md_heading,35,s5_imp_10,S5,imperative,False,0,none,0
md_heading,35,s5_imp_11,S5,imperative,False,0,none,0
md_heading,35,s5_imp_12,S5,imperative,False,0,none,0
md_heading,35,s5_imp_13,S5,imperative,False,0,none,0
md_heading,35,s5_imp_14,S5,imperative,False,8,none,0
md_heading,35,s5_imp_15,S5,imperative,False,0,none,0
md_heading,35,s5_dec_01,S5,declarative,False,0,none,0
md_heading,35,s5_dec_02,S5,declarative,False,0,none,0
md_heading,35,s5_dec_03,S5,declarative,False,0,none,0
md_heading,35,s5_dec_04,S5,declarative,False,0,none,0
md_heading,35,s5_dec_05,S5,declarative,False,4,none,0
md_heading,35,s5_dec_06,S5,declarative,False,0,none,0
md_heading,35,s5_dec_07,S5,declarative,False,0,none,0
md_heading,35,s5_dec_08,S5,declarative,False,0,none,0
md_heading,35,s5_dec_09,S5,declarative,False,0,none,0
md_heading,35,s5_dec_10,S5,declarative,False,0,none,0
md_heading,35,s5_dec_11,S5,declarative,False,0,none,0
md_heading,35,s5_dec_12,S5,declarative,False,0,none,0
md_heading,35,s5_dec_13,S5,declarative,False,0,none,0
md_heading,35,s5_dec_14,S5,declarative,False,0,none,0
md_heading,35,s5_ind_01,S5,indirect,False,0,none,0
md_heading,35,s5_ind_02,S5,indirect,False,0,none,0
md_heading,35,s5_ind_03,S5,indirect,False,0,none,0
md_heading,35,s5_ind_04,S5,indirect,False,0,none,0
md_heading,35,s5_ind_05,S5,indirect,False,0,none,0
md_heading,35,s5_ind_06,S5,indirect,False,0,none,0
md_heading,35,s5_ind_07,S5,indirect,False,0,none,0
md_heading,35,s5_ind_08,S5,indirect,False,0,none,0
md_heading,35,s5_ind_09,S5,indirect,False,0,none,0
md_heading,35,s5_ind_10,S5,indirect,False,0,none,0
md_heading,35,s6_rp_01,S6,roleplay,False,4,none,0
md_heading,35,s6_rp_02,S6,roleplay,False,4,none,0
md_heading,35,s6_rp_03,S6,roleplay,False,4,none,0
md_heading,35,s6_rp_04,S6,roleplay,False,0,none,0
md_heading,35,s6_rp_05,S6,roleplay,False,8,none,0
md_heading,35,s6_rp_06,S6,roleplay,False,0,none,0
md_heading,35,s6_rp_07,S6,roleplay,False,0,none,0
md_heading,35,s6_rp_08,S6,roleplay,False,0,none,0
md_heading,35,s6_enc_01,S6,encoding,False,4,none,0
md_heading,35,s6_enc_02,S6,encoding,False,0,none,0
md_heading,35,s6_enc_03,S6,encoding,False,4,none,0
md_heading,35,s6_enc_04,S6,encoding,False,4,none,0
md_heading,35,safe_01,SAFE,benign,False,0,none,0
md_heading,35,safe_02,SAFE,benign,False,4,none,0
md_heading,35,safe_03,SAFE,benign,False,4,none,0
md_heading,35,safe_04,SAFE,benign,False,4,none,0
md_heading,35,safe_05,SAFE,benign,False,0,none,0
md_heading,35,safe_06,SAFE,benign,False,0,none,0
md_heading,35,safe_07,SAFE,benign,False,4,none,0
md_heading,35,safe_08,SAFE,benign,False,0,none,0
md_heading,35,safe_09,SAFE,benign,False,0,none,0
md_heading,35,safe_10,SAFE,benign,False,0,none,0
md_heading,35,safe_11,SAFE,benign,False,0,none,0
md_heading,35,safe_12,SAFE,benign,False,4,none,0
md_heading,35,safe_13,SAFE,benign,False,0,none,0
md_heading,35,safe_14,SAFE,benign,False,4,none,0
md_heading,35,safe_15,SAFE,benign,False,0,none,0
md_heading,35,safe_16,SAFE,benign,False,0,none,0
md_heading,35,safe_17,SAFE,benign,False,4,none,0
md_heading,35,safe_18,SAFE,benign,False,0,none,0
md_heading,35,safe_19,SAFE,benign,False,0,none,0
md_heading,35,safe_20,SAFE,benign,False,0,none,0
md_heading,35,hn_p_01,SAFE,legit_prompt,True,8,none,0
md_heading,35,hn_p_02,SAFE,legit_prompt,True,12,none,0
md_heading,35,hn_p_03,SAFE,legit_prompt,True,4,none,0
md_heading,35,hn_p_04,SAFE,legit_prompt,True,8,none,0
md_heading,35,hn_p_05,SAFE,legit_prompt,True,12,none,0
md_heading,35,hn_p_06,SAFE,legit_prompt,True,8,none,0
md_heading,35,hn_p_07,SAFE,legit_prompt,True,8,none,0
md_heading,35,hn_p_08,SAFE,legit_prompt,True,12,none,0
md_heading,35,hn_d_01,SAFE,security_doc,False,0,none,0
md_heading,35,hn_d_02,SAFE,security_doc,False,0,none,0
md_heading,35,hn_d_03,SAFE,security_doc,False,0,none,0
md_heading,35,hn_d_04,SAFE,security_doc,False,4,none,0
md_heading,35,hn_d_05,SAFE,security_doc,False,0,none,0
md_heading,35,hn_d_06,SAFE,security_doc,False,0,none,0
md_heading,35,hn_d_07,SAFE,security_doc,False,4,none,0
md_heading,35,hn_d_08,SAFE,security_doc,False,0,none,0
md_heading,35,hn_t_01,SAFE,benign_template,True,6,none,0
md_heading,35,hn_t_02,SAFE,benign_template,True,6,none,0
md_heading,35,hn_t_03,SAFE,benign_template,True,6,none,0
md_heading,35,hn_t_04,SAFE,benign_template,True,14,none,0
md_heading,40,s5_imp_01,S5,imperative,False,0,none,0
md_heading,40,s5_imp_02,S5,imperative,False,0,none,0
md_heading,40,s5_imp_03,S5,imperative,False,4,none,0
md_heading,40,s5_imp_04,S5,imperative,False,0,none,0
md_heading,40,s5_imp_05,S5,imperative,False,0,none,0
md_heading,40,s5_imp_06,S5,imperative,False,0,none,0
md_heading,40,s5_imp_07,S5,imperative,False,0,none,0
md_heading,40,s5_imp_08,S5,imperative,False,0,none,0
md_heading,40,s5_imp_09,S5,imperative,False,4,none,0
md_heading,40,s5_imp_10,S5,imperative,False,0,none,0
md_heading,40,s5_imp_11,S5,imperative,False,0,none,0
md_heading,40,s5_imp_12,S5,imperative,False,0,none,0
md_heading,40,s5_imp_13,S5,imperative,False,0,none,0
md_heading,40,s5_imp_14,S5,imperative,False,8,none,0
md_heading,40,s5_imp_15,S5,imperative,False,0,none,0
md_heading,40,s5_dec_01,S5,declarative,False,0,none,0
md_heading,40,s5_dec_02,S5,declarative,False,0,none,0
md_heading,40,s5_dec_03,S5,declarative,False,0,none,0
md_heading,40,s5_dec_04,S5,declarative,False,0,none,0
md_heading,40,s5_dec_05,S5,declarative,False,4,none,0
md_heading,40,s5_dec_06,S5,declarative,False,0,none,0
md_heading,40,s5_dec_07,S5,declarative,False,0,none,0
md_heading,40,s5_dec_08,S5,declarative,False,0,none,0
md_heading,40,s5_dec_09,S5,declarative,False,0,none,0
md_heading,40,s5_dec_10,S5,declarative,False,0,none,0
md_heading,40,s5_dec_11,S5,declarative,False,0,none,0
md_heading,40,s5_dec_12,S5,declarative,False,0,none,0
md_heading,40,s5_dec_13,S5,declarative,False,0,none,0
md_heading,40,s5_dec_14,S5,declarative,False,0,none,0
md_heading,40,s5_ind_01,S5,indirect,False,0,none,0
md_heading,40,s5_ind_02,S5,indirect,False,0,none,0
md_heading,40,s5_ind_03,S5,indirect,False,0,none,0
md_heading,40,s5_ind_04,S5,indirect,False,0,none,0
md_heading,40,s5_ind_05,S5,indirect,False,0,none,0
md_heading,40,s5_ind_06,S5,indirect,False,0,none,0
md_heading,40,s5_ind_07,S5,indirect,False,0,none,0
md_heading,40,s5_ind_08,S5,indirect,False,0,none,0
md_heading,40,s5_ind_09,S5,indirect,False,0,none,0
md_heading,40,s5_ind_10,S5,indirect,False,0,none,0
md_heading,40,s6_rp_01,S6,roleplay,False,4,none,0
md_heading,40,s6_rp_02,S6,roleplay,False,4,none,0
md_heading,40,s6_rp_03,S6,roleplay,False,4,none,0
md_heading,40,s6_rp_04,S6,roleplay,False,0,none,0
md_heading,40,s6_rp_05,S6,roleplay,False,8,none,0
md_heading,40,s6_rp_06,S6,roleplay,False,0,none,0
md_heading,40,s6_rp_07,S6,roleplay,False,0,none,0
md_heading,40,s6_rp_08,S6,roleplay,False,0,none,0
md_heading,40,s6_enc_01,S6,encoding,False,4,none,0
md_heading,40,s6_enc_02,S6,encoding,False,0,none,0
md_heading,40,s6_enc_03,S6,encoding,False,4,none,0
md_heading,40,s6_enc_04,S6,encoding,False,4,none,0
md_heading,40,safe_01,SAFE,benign,False,0,none,0
md_heading,40,safe_02,SAFE,benign,False,4,none,0
md_heading,40,safe_03,SAFE,benign,False,4,none,0
md_heading,40,safe_04,SAFE,benign,False,4,none,0
md_heading,40,safe_05,SAFE,benign,False,0,none,0
md_heading,40,safe_06,SAFE,benign,False,0,none,0
md_heading,40,safe_07,SAFE,benign,False,4,none,0
md_heading,40,safe_08,SAFE,benign,False,0,none,0
md_heading,40,safe_09,SAFE,benign,False,0,none,0
md_heading,40,safe_10,SAFE,benign,False,0,none,0
md_heading,40,safe_11,SAFE,benign,False,0,none,0
md_heading,40,safe_12,SAFE,benign,False,4,none,0
md_heading,40,safe_13,SAFE,benign,False,0,none,0
md_heading,40,safe_14,SAFE,benign,False,4,none,0
md_heading,40,safe_15,SAFE,benign,False,0,none,0
md_heading,40,safe_16,SAFE,benign,False,0,none,0
md_heading,40,safe_17,SAFE,benign,False,4,none,0
md_heading,40,safe_18,SAFE,benign,False,0,none,0
md_heading,40,safe_19,SAFE,benign,False,0,none,0
md_heading,40,safe_20,SAFE,benign,False,0,none,0
md_heading,40,hn_p_01,SAFE,legit_prompt,True,8,none,0
md_heading,40,hn_p_02,SAFE,legit_prompt,True,12,none,0
md_heading,40,hn_p_03,SAFE,legit_prompt,True,4,none,0
md_heading,40,hn_p_04,SAFE,legit_prompt,True,8,none,0
md_heading,40,hn_p_05,SAFE,legit_prompt,True,12,none,0
md_heading,40,hn_p_06,SAFE,legit_prompt,True,8,none,0
md_heading,40,hn_p_07,SAFE,legit_prompt,True,8,none,0
md_heading,40,hn_p_08,SAFE,legit_prompt,True,12,none,0
md_heading,40,hn_d_01,SAFE,security_doc,False,0,none,0
md_heading,40,hn_d_02,SAFE,security_doc,False,0,none,0
md_heading,40,hn_d_03,SAFE,security_doc,False,0,none,0
md_heading,40,hn_d_04,SAFE,security_doc,False,4,none,0
md_heading,40,hn_d_05,SAFE,security_doc,False,0,none,0
md_heading,40,hn_d_06,SAFE,security_doc,False,0,none,0
md_heading,40,hn_d_07,SAFE,security_doc,False,4,none,0
md_heading,40,hn_d_08,SAFE,security_doc,False,0,none,0
md_heading,40,hn_t_01,SAFE,benign_template,True,6,none,0
md_heading,40,hn_t_02,SAFE,benign_template,True,6,none,0
md_heading,40,hn_t_03,SAFE,benign_template,True,6,none,0
md_heading,40,hn_t_04,SAFE,benign_template,True,14,none,0
md_heading,45,s5_imp_01,S5,imperative,False,0,none,0
md_heading,45,s5_imp_02,S5,imperative,False,0,none,0
md_heading,45,s5_imp_03,S5,imperative,False,4,none,0
md_heading,45,s5_imp_04,S5,imperative,False,0,none,0
md_heading,45,s5_imp_05,S5,imperative,False,0,none,0
md_heading,45,s5_imp_06,S5,imperative,False,0,none,0
md_heading,45,s5_imp_07,S5,imperative,False,0,none,0
md_heading,45,s5_imp_08,S5,imperative,False,0,none,0
md_heading,45,s5_imp_09,S5,imperative,False,4,none,0
md_heading,45,s5_imp_10,S5,imperative,False,0,none,0
md_heading,45,s5_imp_11,S5,imperative,False,0,none,0
md_heading,45,s5_imp_12,S5,imperative,False,0,none,0
md_heading,45,s5_imp_13,S5,imperative,False,0,none,0
md_heading,45,s5_imp_14,S5,imperative,False,8,none,0
md_heading,45,s5_imp_15,S5,imperative,False,0,none,0
md_heading,45,s5_dec_01,S5,declarative,False,0,none,0
md_heading,45,s5_dec_02,S5,declarative,False,0,none,0
md_heading,45,s5_dec_03,S5,declarative,False,0,none,0
md_heading,45,s5_dec_04,S5,declarative,False,0,none,0
md_heading,45,s5_dec_05,S5,declarative,False,4,none,0
md_heading,45,s5_dec_06,S5,declarative,False,0,none,0
md_heading,45,s5_dec_07,S5,declarative,False,0,none,0
md_heading,45,s5_dec_08,S5,declarative,False,0,none,0
md_heading,45,s5_dec_09,S5,declarative,False,0,none,0
md_heading,45,s5_dec_10,S5,declarative,False,0,none,0
md_heading,45,s5_dec_11,S5,declarative,False,0,none,0
md_heading,45,s5_dec_12,S5,declarative,False,0,none,0
md_heading,45,s5_dec_13,S5,declarative,False,0,none,0
md_heading,45,s5_dec_14,S5,declarative,False,0,none,0
md_heading,45,s5_ind_01,S5,indirect,False,0,none,0
md_heading,45,s5_ind_02,S5,indirect,False,0,none,0
md_heading,45,s5_ind_03,S5,indirect,False,0,none,0
md_heading,45,s5_ind_04,S5,indirect,False,0,none,0
md_heading,45,s5_ind_05,S5,indirect,False,0,none,0
md_heading,45,s5_ind_06,S5,indirect,False,0,none,0
md_heading,45,s5_ind_07,S5,indirect,False,0,none,0
md_heading,45,s5_ind_08,S5,indirect,False,0,none,0
md_heading,45,s5_ind_09,S5,indirect,False,0,none,0
md_heading,45,s5_ind_10,S5,indirect,False,0,none,0
md_heading,45,s6_rp_01,S6,roleplay,False,4,none,0
md_heading,45,s6_rp_02,S6,roleplay,False,4,none,0
md_heading,45,s6_rp_03,S6,roleplay,False,4,none,0
md_heading,45,s6_rp_04,S6,roleplay,False,0,none,0
md_heading,45,s6_rp_05,S6,roleplay,False,8,none,0
md_heading,45,s6_rp_06,S6,roleplay,False,0,none,0
md_heading,45,s6_rp_07,S6,roleplay,False,0,none,0
md_heading,45,s6_rp_08,S6,roleplay,False,0,none,0
md_heading,45,s6_enc_01,S6,encoding,False,4,none,0
md_heading,45,s6_enc_02,S6,encoding,False,0,none,0
md_heading,45,s6_enc_03,S6,encoding,False,4,none,0
md_heading,45,s6_enc_04,S6,encoding,False,4,none,0
md_heading,45,safe_01,SAFE,benign,False,0,none,0
md_heading,45,safe_02,SAFE,benign,False,4,none,0
md_heading,45,safe_03,SAFE,benign,False,4,none,0
md_heading,45,safe_04,SAFE,benign,False,4,none,0
md_heading,45,safe_05,SAFE,benign,False,0,none,0
md_heading,45,safe_06,SAFE,benign,False,0,none,0
md_heading,45,safe_07,SAFE,benign,False,4,none,0
md_heading,45,safe_08,SAFE,benign,False,0,none,0
md_heading,45,safe_09,SAFE,benign,False,0,none,0
md_heading,45,safe_10,SAFE,benign,False,0,none,0
md_heading,45,safe_11,SAFE,benign,False,0,none,0
md_heading,45,safe_12,SAFE,benign,False,4,none,0
md_heading,45,safe_13,SAFE,benign,False,0,none,0
md_heading,45,safe_14,SAFE,benign,False,4,none,0
md_heading,45,safe_15,SAFE,benign,False,0,none,0
md_heading,45,safe_16,SAFE,benign,False,0,none,0
md_heading,45,safe_17,SAFE,benign,False,4,none,0
md_heading,45,safe_18,SAFE,benign,False,0,none,0
md_heading,45,safe_19,SAFE,benign,False,0,none,0
md_heading,45,safe_20,SAFE,benign,False,0,none,0
md_heading,45,hn_p_01,SAFE,legit_prompt,True,8,none,0
md_heading,45,hn_p_02,SAFE,legit_prompt,True,12,none,0
md_heading,45,hn_p_03,SAFE,legit_prompt,True,4,none,0
md_heading,45,hn_p_04,SAFE,legit_prompt,True,8,none,0
md_heading,45,hn_p_05,SAFE,legit_prompt,True,12,none,0
md_heading,45,hn_p_06,SAFE,legit_prompt,True,8,none,0
md_heading,45,hn_p_07,SAFE,legit_prompt,True,8,none,0
md_heading,45,hn_p_08,SAFE,legit_prompt,True,12,none,0
md_heading,45,hn_d_01,SAFE,security_doc,False,0,none,0
md_heading,45,hn_d_02,SAFE,security_doc,False,0,none,0
md_heading,45,hn_d_03,SAFE,security_doc,False,0,none,0
md_heading,45,hn_d_04,SAFE,security_doc,False,4,none,0
md_heading,45,hn_d_05,SAFE,security_doc,False,0,none,0
md_heading,45,hn_d_06,SAFE,security_doc,False,0,none,0
md_heading,45,hn_d_07,SAFE,security_doc,False,4,none,0
md_heading,45,hn_d_08,SAFE,security_doc,False,0,none,0
md_heading,45,hn_t_01,SAFE,benign_template,True,6,none,0
md_heading,45,hn_t_02,SAFE,benign_template,True,6,none,0
md_heading,45,hn_t_03,SAFE,benign_template,True,6,none,0
md_heading,45,hn_t_04,SAFE,benign_template,True,14,none,0
md_heading,50,s5_imp_01,S5,imperative,False,0,none,0
md_heading,50,s5_imp_02,S5,imperative,False,0,none,0
md_heading,50,s5_imp_03,S5,imperative,False,4,none,0
md_heading,50,s5_imp_04,S5,imperative,False,0,none,0
md_heading,50,s5_imp_05,S5,imperative,False,0,none,0
md_heading,50,s5_imp_06,S5,imperative,False,0,none,0
md_heading,50,s5_imp_07,S5,imperative,False,0,none,0
md_heading,50,s5_imp_08,S5,imperative,False,0,none,0
md_heading,50,s5_imp_09,S5,imperative,False,4,none,0
md_heading,50,s5_imp_10,S5,imperative,False,0,none,0
md_heading,50,s5_imp_11,S5,imperative,False,0,none,0
md_heading,50,s5_imp_12,S5,imperative,False,0,none,0
md_heading,50,s5_imp_13,S5,imperative,False,0,none,0
md_heading,50,s5_imp_14,S5,imperative,False,8,none,0
md_heading,50,s5_imp_15,S5,imperative,False,0,none,0
md_heading,50,s5_dec_01,S5,declarative,False,0,none,0
md_heading,50,s5_dec_02,S5,declarative,False,0,none,0
md_heading,50,s5_dec_03,S5,declarative,False,0,none,0
md_heading,50,s5_dec_04,S5,declarative,False,0,none,0
md_heading,50,s5_dec_05,S5,declarative,False,4,none,0
md_heading,50,s5_dec_06,S5,declarative,False,0,none,0
md_heading,50,s5_dec_07,S5,declarative,False,0,none,0
md_heading,50,s5_dec_08,S5,declarative,False,0,none,0
md_heading,50,s5_dec_09,S5,declarative,False,0,none,0
md_heading,50,s5_dec_10,S5,declarative,False,0,none,0
md_heading,50,s5_dec_11,S5,declarative,False,0,none,0
md_heading,50,s5_dec_12,S5,declarative,False,0,none,0
md_heading,50,s5_dec_13,S5,declarative,False,0,none,0
md_heading,50,s5_dec_14,S5,declarative,False,0,none,0
md_heading,50,s5_ind_01,S5,indirect,False,0,none,0
md_heading,50,s5_ind_02,S5,indirect,False,0,none,0
md_heading,50,s5_ind_03,S5,indirect,False,0,none,0
md_heading,50,s5_ind_04,S5,indirect,False,0,none,0
md_heading,50,s5_ind_05,S5,indirect,False,0,none,0
md_heading,50,s5_ind_06,S5,indirect,False,0,none,0
md_heading,50,s5_ind_07,S5,indirect,False,0,none,0
md_heading,50,s5_ind_08,S5,indirect,False,0,none,0
md_heading,50,s5_ind_09,S5,indirect,False,0,none,0
md_heading,50,s5_ind_10,S5,indirect,False,0,none,0
md_heading,50,s6_rp_01,S6,roleplay,False,4,none,0
md_heading,50,s6_rp_02,S6,roleplay,False,4,none,0
md_heading,50,s6_rp_03,S6,roleplay,False,4,none,0
md_heading,50,s6_rp_04,S6,roleplay,False,0,none,0
md_heading,50,s6_rp_05,S6,roleplay,False,8,none,0
md_heading,50,s6_rp_06,S6,roleplay,False,0,none,0
md_heading,50,s6_rp_07,S6,roleplay,False,0,none,0
md_heading,50,s6_rp_08,S6,roleplay,False,0,none,0
md_heading,50,s6_enc_01,S6,encoding,False,4,none,0
md_heading,50,s6_enc_02,S6,encoding,False,0,none,0
md_heading,50,s6_enc_03,S6,encoding,False,4,none,0
md_heading,50,s6_enc_04,S6,encoding,False,4,none,0
md_heading,50,safe_01,SAFE,benign,False,0,none,0
md_heading,50,safe_02,SAFE,benign,False,4,none,0
md_heading,50,safe_03,SAFE,benign,False,4,none,0
md_heading,50,safe_04,SAFE,benign,False,4,none,0
md_heading,50,safe_05,SAFE,benign,False,0,none,0
md_heading,50,safe_06,SAFE,benign,False,0,none,0
md_heading,50,safe_07,SAFE,benign,False,4,none,0
md_heading,50,safe_08,SAFE,benign,False,0,none,0
md_heading,50,safe_09,SAFE,benign,False,0,none,0
md_heading,50,safe_10,SAFE,benign,False,0,none,0
md_heading,50,safe_11,SAFE,benign,False,0,none,0
md_heading,50,safe_12,SAFE,benign,False,4,none,0
md_heading,50,safe_13,SAFE,benign,False,0,none,0
md_heading,50,safe_14,SAFE,benign,False,4,none,0
md_heading,50,safe_15,SAFE,benign,False,0,none,0
md_heading,50,safe_16,SAFE,benign,False,0,none,0
md_heading,50,safe_17,SAFE,benign,False,4,none,0
md_heading,50,safe_18,SAFE,benign,False,0,none,0
md_heading,50,safe_19,SAFE,benign,False,0,none,0
md_heading,50,safe_20,SAFE,benign,False,0,none,0
md_heading,50,hn_p_01,SAFE,legit_prompt,True,8,none,0
md_heading,50,hn_p_02,SAFE,legit_prompt,True,12,none,0
md_heading,50,hn_p_03,SAFE,legit_prompt,True,4,none,0
md_heading,50,hn_p_04,SAFE,legit_prompt,True,8,none,0
md_heading,50,hn_p_05,SAFE,legit_prompt,True,12,none,0
md_heading,50,hn_p_06,SAFE,legit_prompt,True,8,none,0
md_heading,50,hn_p_07,SAFE,legit_prompt,True,8,none,0
md_heading,50,hn_p_08,SAFE,legit_prompt,True,12,none,0
md_heading,50,hn_d_01,SAFE,security_doc,False,0,none,0
md_heading,50,hn_d_02,SAFE,security_doc,False,0,none,0
md_heading,50,hn_d_03,SAFE,security_doc,False,0,none,0
md_heading,50,hn_d_04,SAFE,security_doc,False,4,none,0
md_heading,50,hn_d_05,SAFE,security_doc,False,0,none,0
md_heading,50,hn_d_06,SAFE,security_doc,False,0,none,0
md_heading,50,hn_d_07,SAFE,security_doc,False,4,none,0
md_heading,50,hn_d_08,SAFE,security_doc,False,0,none,0
md_heading,50,hn_t_01,SAFE,benign_template,True,6,none,0
md_heading,50,hn_t_02,SAFE,benign_template,True,6,none,0
md_heading,50,hn_t_03,SAFE,benign_template,True,6,none,0
md_heading,50,hn_t_04,SAFE,benign_template,True,14,none,0
md_heading,60,s5_imp_01,S5,imperative,False,0,none,0
md_heading,60,s5_imp_02,S5,imperative,False,0,none,0
md_heading,60,s5_imp_03,S5,imperative,False,4,none,0
md_heading,60,s5_imp_04,S5,imperative,False,0,none,0
md_heading,60,s5_imp_05,S5,imperative,False,0,none,0
md_heading,60,s5_imp_06,S5,imperative,False,0,none,0
md_heading,60,s5_imp_07,S5,imperative,False,0,none,0
md_heading,60,s5_imp_08,S5,imperative,False,0,none,0
md_heading,60,s5_imp_09,S5,imperative,False,4,none,0
md_heading,60,s5_imp_10,S5,imperative,False,0,none,0
md_heading,60,s5_imp_11,S5,imperative,False,0,none,0
md_heading,60,s5_imp_12,S5,imperative,False,0,none,0
md_heading,60,s5_imp_13,S5,imperative,False,0,none,0
md_heading,60,s5_imp_14,S5,imperative,False,8,none,0
md_heading,60,s5_imp_15,S5,imperative,False,0,none,0
md_heading,60,s5_dec_01,S5,declarative,False,0,none,0
md_heading,60,s5_dec_02,S5,declarative,False,0,none,0
md_heading,60,s5_dec_03,S5,declarative,False,0,none,0
md_heading,60,s5_dec_04,S5,declarative,False,0,none,0
md_heading,60,s5_dec_05,S5,declarative,False,4,none,0
md_heading,60,s5_dec_06,S5,declarative,False,0,none,0
md_heading,60,s5_dec_07,S5,declarative,False,0,none,0
md_heading,60,s5_dec_08,S5,declarative,False,0,none,0
md_heading,60,s5_dec_09,S5,declarative,False,0,none,0
md_heading,60,s5_dec_10,S5,declarative,False,0,none,0
md_heading,60,s5_dec_11,S5,declarative,False,0,none,0
md_heading,60,s5_dec_12,S5,declarative,False,0,none,0
md_heading,60,s5_dec_13,S5,declarative,False,0,none,0
md_heading,60,s5_dec_14,S5,declarative,False,0,none,0
md_heading,60,s5_ind_01,S5,indirect,False,0,none,0
md_heading,60,s5_ind_02,S5,indirect,False,0,none,0
md_heading,60,s5_ind_03,S5,indirect,False,0,none,0
md_heading,60,s5_ind_04,S5,indirect,False,0,none,0
md_heading,60,s5_ind_05,S5,indirect,False,0,none,0
md_heading,60,s5_ind_06,S5,indirect,False,0,none,0
md_heading,60,s5_ind_07,S5,indirect,False,0,none,0
md_heading,60,s5_ind_08,S5,indirect,False,0,none,0
md_heading,60,s5_ind_09,S5,indirect,False,0,none,0
md_heading,60,s5_ind_10,S5,indirect,False,0,none,0
md_heading,60,s6_rp_01,S6,roleplay,False,4,none,0
md_heading,60,s6_rp_02,S6,roleplay,False,4,none,0
md_heading,60,s6_rp_03,S6,roleplay,False,4,none,0
md_heading,60,s6_rp_04,S6,roleplay,False,0,none,0
md_heading,60,s6_rp_05,S6,roleplay,False,8,none,0
md_heading,60,s6_rp_06,S6,roleplay,False,0,none,0
md_heading,60,s6_rp_07,S6,roleplay,False,0,none,0
md_heading,60,s6_rp_08,S6,roleplay,False,0,none,0
md_heading,60,s6_enc_01,S6,encoding,False,4,none,0
md_heading,60,s6_enc_02,S6,encoding,False,0,none,0
md_heading,60,s6_enc_03,S6,encoding,False,4,none,0
md_heading,60,s6_enc_04,S6,encoding,False,4,none,0
md_heading,60,safe_01,SAFE,benign,False,0,none,0
md_heading,60,safe_02,SAFE,benign,False,4,none,0
md_heading,60,safe_03,SAFE,benign,False,4,none,0
md_heading,60,safe_04,SAFE,benign,False,4,none,0
md_heading,60,safe_05,SAFE,benign,False,0,none,0
md_heading,60,safe_06,SAFE,benign,False,0,none,0
md_heading,60,safe_07,SAFE,benign,False,4,none,0
md_heading,60,safe_08,SAFE,benign,False,0,none,0
md_heading,60,safe_09,SAFE,benign,False,0,none,0
md_heading,60,safe_10,SAFE,benign,False,0,none,0
md_heading,60,safe_11,SAFE,benign,False,0,none,0
md_heading,60,safe_12,SAFE,benign,False,4,none,0
md_heading,60,safe_13,SAFE,benign,False,0,none,0
md_heading,60,safe_14,SAFE,benign,False,4,none,0
md_heading,60,safe_15,SAFE,benign,False,0,none,0
md_heading,60,safe_16,SAFE,benign,False,0,none,0
md_heading,60,safe_17,SAFE,benign,False,4,none,0
md_heading,60,safe_18,SAFE,benign,False,0,none,0
md_heading,60,safe_19,SAFE,benign,False,0,none,0
md_heading,60,safe_20,SAFE,benign,False,0,none,0
md_heading,60,hn_p_01,SAFE,legit_prompt,True,8,none,0
md_heading,60,hn_p_02,SAFE,legit_prompt,True,12,none,0
md_heading,60,hn_p_03,SAFE,legit_prompt,True,4,none,0
md_heading,60,hn_p_04,SAFE,legit_prompt,True,8,none,0
md_heading,60,hn_p_05,SAFE,legit_prompt,True,12,none,0
md_heading,60,hn_p_06,SAFE,legit_prompt,True,8,none,0
md_heading,60,hn_p_07,SAFE,legit_prompt,True,8,none,0
md_heading,60,hn_p_08,SAFE,legit_prompt,True,12,none,0
md_heading,60,hn_d_01,SAFE,security_doc,False,0,none,0
md_heading,60,hn_d_02,SAFE,security_doc,False,0,none,0
md_heading,60,hn_d_03,SAFE,security_doc,False,0,none,0
md_heading,60,hn_d_04,SAFE,security_doc,False,4,none,0
md_heading,60,hn_d_05,SAFE,security_doc,False,0,none,0
md_heading,60,hn_d_06,SAFE,security_doc,False,0,none,0
md_heading,60,hn_d_07,SAFE,security_doc,False,4,none,0
md_heading,60,hn_d_08,SAFE,security_doc,False,0,none,0
md_heading,60,hn_t_01,SAFE,benign_template,True,6,none,0
md_heading,60,hn_t_02,SAFE,benign_template,True,6,none,0
md_heading,60,hn_t_03,SAFE,benign_template,True,6,none,0
md_heading,60,hn_t_04,SAFE,benign_template,True,14,none,0
md_heading,70,s5_imp_01,S5,imperative,False,0,none,0
md_heading,70,s5_imp_02,S5,imperative,False,0,none,0
md_heading,70,s5_imp_03,S5,imperative,False,4,none,0
md_heading,70,s5_imp_04,S5,imperative,False,0,none,0
md_heading,70,s5_imp_05,S5,imperative,False,0,none,0
md_heading,70,s5_imp_06,S5,imperative,False,0,none,0
md_heading,70,s5_imp_07,S5,imperative,False,0,none,0
md_heading,70,s5_imp_08,S5,imperative,False,0,none,0
md_heading,70,s5_imp_09,S5,imperative,False,4,none,0
md_heading,70,s5_imp_10,S5,imperative,False,0,none,0
md_heading,70,s5_imp_11,S5,imperative,False,0,none,0
md_heading,70,s5_imp_12,S5,imperative,False,0,none,0
md_heading,70,s5_imp_13,S5,imperative,False,0,none,0
md_heading,70,s5_imp_14,S5,imperative,False,8,none,0
md_heading,70,s5_imp_15,S5,imperative,False,0,none,0
md_heading,70,s5_dec_01,S5,declarative,False,0,none,0
md_heading,70,s5_dec_02,S5,declarative,False,0,none,0
md_heading,70,s5_dec_03,S5,declarative,False,0,none,0
md_heading,70,s5_dec_04,S5,declarative,False,0,none,0
md_heading,70,s5_dec_05,S5,declarative,False,4,none,0
md_heading,70,s5_dec_06,S5,declarative,False,0,none,0
md_heading,70,s5_dec_07,S5,declarative,False,0,none,0
md_heading,70,s5_dec_08,S5,declarative,False,0,none,0
md_heading,70,s5_dec_09,S5,declarative,False,0,none,0
md_heading,70,s5_dec_10,S5,declarative,False,0,none,0
md_heading,70,s5_dec_11,S5,declarative,False,0,none,0
md_heading,70,s5_dec_12,S5,declarative,False,0,none,0
md_heading,70,s5_dec_13,S5,declarative,False,0,none,0
md_heading,70,s5_dec_14,S5,declarative,False,0,none,0
md_heading,70,s5_ind_01,S5,indirect,False,0,none,0
md_heading,70,s5_ind_02,S5,indirect,False,0,none,0
md_heading,70,s5_ind_03,S5,indirect,False,0,none,0
md_heading,70,s5_ind_04,S5,indirect,False,0,none,0
md_heading,70,s5_ind_05,S5,indirect,False,0,none,0
md_heading,70,s5_ind_06,S5,indirect,False,0,none,0
md_heading,70,s5_ind_07,S5,indirect,False,0,none,0
md_heading,70,s5_ind_08,S5,indirect,False,0,none,0
md_heading,70,s5_ind_09,S5,indirect,False,0,none,0
md_heading,70,s5_ind_10,S5,indirect,False,0,none,0
md_heading,70,s6_rp_01,S6,roleplay,False,4,none,0
md_heading,70,s6_rp_02,S6,roleplay,False,4,none,0
md_heading,70,s6_rp_03,S6,roleplay,False,4,none,0
md_heading,70,s6_rp_04,S6,roleplay,False,0,none,0
md_heading,70,s6_rp_05,S6,roleplay,False,8,none,0
md_heading,70,s6_rp_06,S6,roleplay,False,0,none,0
md_heading,70,s6_rp_07,S6,roleplay,False,0,none,0
md_heading,70,s6_rp_08,S6,roleplay,False,0,none,0
md_heading,70,s6_enc_01,S6,encoding,False,4,none,0
md_heading,70,s6_enc_02,S6,encoding,False,0,none,0
md_heading,70,s6_enc_03,S6,encoding,False,4,none,0
md_heading,70,s6_enc_04,S6,encoding,False,4,none,0
md_heading,70,safe_01,SAFE,benign,False,0,none,0
md_heading,70,safe_02,SAFE,benign,False,4,none,0
md_heading,70,safe_03,SAFE,benign,False,4,none,0
md_heading,70,safe_04,SAFE,benign,False,4,none,0
md_heading,70,safe_05,SAFE,benign,False,0,none,0
md_heading,70,safe_06,SAFE,benign,False,0,none,0
md_heading,70,safe_07,SAFE,benign,False,4,none,0
md_heading,70,safe_08,SAFE,benign,False,0,none,0
md_heading,70,safe_09,SAFE,benign,False,0,none,0
md_heading,70,safe_10,SAFE,benign,False,0,none,0
md_heading,70,safe_11,SAFE,benign,False,0,none,0
md_heading,70,safe_12,SAFE,benign,False,4,none,0
md_heading,70,safe_13,SAFE,benign,False,0,none,0
md_heading,70,safe_14,SAFE,benign,False,4,none,0
md_heading,70,safe_15,SAFE,benign,False,0,none,0
md_heading,70,safe_16,SAFE,benign,False,0,none,0
md_heading,70,safe_17,SAFE,benign,False,4,none,0
md_heading,70,safe_18,SAFE,benign,False,0,none,0
md_heading,70,safe_19,SAFE,benign,False,0,none,0
md_heading,70,safe_20,SAFE,benign,False,0,none,0
md_heading,70,hn_p_01,SAFE,legit_prompt,True,8,none,0
md_heading,70,hn_p_02,SAFE,legit_prompt,True,12,none,0
md_heading,70,hn_p_03,SAFE,legit_prompt,True,4,none,0
md_heading,70,hn_p_04,SAFE,legit_prompt,True,8,none,0
md_heading,70,hn_p_05,SAFE,legit_prompt,True,12,none,0
md_heading,70,hn_p_06,SAFE,legit_prompt,True,8,none,0
md_heading,70,hn_p_07,SAFE,legit_prompt,True,8,none,0
md_heading,70,hn_p_08,SAFE,legit_prompt,True,12,none,0
md_heading,70,hn_d_01,SAFE,security_doc,False,0,none,0
md_heading,70,hn_d_02,SAFE,security_doc,False,0,none,0
md_heading,70,hn_d_03,SAFE,security_doc,False,0,none,0
md_heading,70,hn_d_04,SAFE,security_doc,False,4,none,0
md_heading,70,hn_d_05,SAFE,security_doc,False,0,none,0
md_heading,70,hn_d_06,SAFE,security_doc,False,0,none,0
md_heading,70,hn_d_07,SAFE,security_doc,False,4,none,0
md_heading,70,hn_d_08,SAFE,security_doc,False,0,none,0
md_heading,70,hn_t_01,SAFE,benign_template,True,6,none,0
md_heading,70,hn_t_02,SAFE,benign_template,True,6,none,0
md_heading,70,hn_t_03,SAFE,benign_template,True,6,none,0
md_heading,70,hn_t_04,SAFE,benign_template,True,14,none,0
md_heading,80,s5_imp_01,S5,imperative,False,0,none,0
md_heading,80,s5_imp_02,S5,imperative,False,0,none,0
md_heading,80,s5_imp_03,S5,imperative,False,4,none,0
md_heading,80,s5_imp_04,S5,imperative,False,0,none,0
md_heading,80,s5_imp_05,S5,imperative,False,0,none,0
md_heading,80,s5_imp_06,S5,imperative,False,0,none,0
md_heading,80,s5_imp_07,S5,imperative,False,0,none,0
md_heading,80,s5_imp_08,S5,imperative,False,0,none,0
md_heading,80,s5_imp_09,S5,imperative,False,4,none,0
md_heading,80,s5_imp_10,S5,imperative,False,0,none,0
md_heading,80,s5_imp_11,S5,imperative,False,0,none,0
md_heading,80,s5_imp_12,S5,imperative,False,0,none,0
md_heading,80,s5_imp_13,S5,imperative,False,0,none,0
md_heading,80,s5_imp_14,S5,imperative,False,8,none,0
md_heading,80,s5_imp_15,S5,imperative,False,0,none,0
md_heading,80,s5_dec_01,S5,declarative,False,0,none,0
md_heading,80,s5_dec_02,S5,declarative,False,0,none,0
md_heading,80,s5_dec_03,S5,declarative,False,0,none,0
md_heading,80,s5_dec_04,S5,declarative,False,0,none,0
md_heading,80,s5_dec_05,S5,declarative,False,4,none,0
md_heading,80,s5_dec_06,S5,declarative,False,0,none,0
md_heading,80,s5_dec_07,S5,declarative,False,0,none,0
md_heading,80,s5_dec_08,S5,declarative,False,0,none,0
md_heading,80,s5_dec_09,S5,declarative,False,0,none,0
md_heading,80,s5_dec_10,S5,declarative,False,0,none,0
md_heading,80,s5_dec_11,S5,declarative,False,0,none,0
md_heading,80,s5_dec_12,S5,declarative,False,0,none,0
md_heading,80,s5_dec_13,S5,declarative,False,0,none,0
md_heading,80,s5_dec_14,S5,declarative,False,0,none,0
md_heading,80,s5_ind_01,S5,indirect,False,0,none,0
md_heading,80,s5_ind_02,S5,indirect,False,0,none,0
md_heading,80,s5_ind_03,S5,indirect,False,0,none,0
md_heading,80,s5_ind_04,S5,indirect,False,0,none,0
md_heading,80,s5_ind_05,S5,indirect,False,0,none,0
md_heading,80,s5_ind_06,S5,indirect,False,0,none,0
md_heading,80,s5_ind_07,S5,indirect,False,0,none,0
md_heading,80,s5_ind_08,S5,indirect,False,0,none,0
md_heading,80,s5_ind_09,S5,indirect,False,0,none,0
md_heading,80,s5_ind_10,S5,indirect,False,0,none,0
md_heading,80,s6_rp_01,S6,roleplay,False,4,none,0
md_heading,80,s6_rp_02,S6,roleplay,False,4,none,0
md_heading,80,s6_rp_03,S6,roleplay,False,4,none,0
md_heading,80,s6_rp_04,S6,roleplay,False,0,none,0
md_heading,80,s6_rp_05,S6,roleplay,False,8,none,0
md_heading,80,s6_rp_06,S6,roleplay,False,0,none,0
md_heading,80,s6_rp_07,S6,roleplay,False,0,none,0
md_heading,80,s6_rp_08,S6,roleplay,False,0,none,0
md_heading,80,s6_enc_01,S6,encoding,False,4,none,0
md_heading,80,s6_enc_02,S6,encoding,False,0,none,0
md_heading,80,s6_enc_03,S6,encoding,False,4,none,0
md_heading,80,s6_enc_04,S6,encoding,False,4,none,0
md_heading,80,safe_01,SAFE,benign,False,0,none,0
md_heading,80,safe_02,SAFE,benign,False,4,none,0
md_heading,80,safe_03,SAFE,benign,False,4,none,0
md_heading,80,safe_04,SAFE,benign,False,4,none,0
md_heading,80,safe_05,SAFE,benign,False,0,none,0
md_heading,80,safe_06,SAFE,benign,False,0,none,0
md_heading,80,safe_07,SAFE,benign,False,4,none,0
md_heading,80,safe_08,SAFE,benign,False,0,none,0
md_heading,80,safe_09,SAFE,benign,False,0,none,0
md_heading,80,safe_10,SAFE,benign,False,0,none,0
md_heading,80,safe_11,SAFE,benign,False,0,none,0
md_heading,80,safe_12,SAFE,benign,False,4,none,0
md_heading,80,safe_13,SAFE,benign,False,0,none,0
md_heading,80,safe_14,SAFE,benign,False,4,none,0
md_heading,80,safe_15,SAFE,benign,False,0,none,0
md_heading,80,safe_16,SAFE,benign,False,0,none,0
md_heading,80,safe_17,SAFE,benign,False,4,none,0
md_heading,80,safe_18,SAFE,benign,False,0,none,0
md_heading,80,safe_19,SAFE,benign,False,0,none,0
md_heading,80,safe_20,SAFE,benign,False,0,none,0
md_heading,80,hn_p_01,SAFE,legit_prompt,True,8,none,0
md_heading,80,hn_p_02,SAFE,legit_prompt,True,12,none,0
md_heading,80,hn_p_03,SAFE,legit_prompt,True,4,none,0
md_heading,80,hn_p_04,SAFE,legit_prompt,True,8,none,0
md_heading,80,hn_p_05,SAFE,legit_prompt,True,12,none,0
md_heading,80,hn_p_06,SAFE,legit_prompt,True,8,none,0
md_heading,80,hn_p_07,SAFE,legit_prompt,True,8,none,0
md_heading,80,hn_p_08,SAFE,legit_prompt,True,12,none,0
md_heading,80,hn_d_01,SAFE,security_doc,False,0,none,0
md_heading,80,hn_d_02,SAFE,security_doc,False,0,none,0
md_heading,80,hn_d_03,SAFE,security_doc,False,0,none,0
md_heading,80,hn_d_04,SAFE,security_doc,False,4,none,0
md_heading,80,hn_d_05,SAFE,security_doc,False,0,none,0
md_heading,80,hn_d_06,SAFE,security_doc,False,0,none,0
md_heading,80,hn_d_07,SAFE,security_doc,False,4,none,0
md_heading,80,hn_d_08,SAFE,security_doc,False,0,none,0
md_heading,80,hn_t_01,SAFE,benign_template,True,6,none,0
md_heading,80,hn_t_02,SAFE,benign_template,True,6,none,0
md_heading,80,hn_t_03,SAFE,benign_template,True,6,none,0
md_heading,80,hn_t_04,SAFE,benign_template,True,14,none,0
md_heading,90,s5_imp_01,S5,imperative,False,0,none,0
md_heading,90,s5_imp_02,S5,imperative,False,0,none,0
md_heading,90,s5_imp_03,S5,imperative,False,4,none,0
md_heading,90,s5_imp_04,S5,imperative,False,0,none,0
md_heading,90,s5_imp_05,S5,imperative,False,0,none,0
md_heading,90,s5_imp_06,S5,imperative,False,0,none,0
md_heading,90,s5_imp_07,S5,imperative,False,0,none,0
md_heading,90,s5_imp_08,S5,imperative,False,0,none,0
md_heading,90,s5_imp_09,S5,imperative,False,4,none,0
md_heading,90,s5_imp_10,S5,imperative,False,0,none,0
md_heading,90,s5_imp_11,S5,imperative,False,0,none,0
md_heading,90,s5_imp_12,S5,imperative,False,0,none,0
md_heading,90,s5_imp_13,S5,imperative,False,0,none,0
md_heading,90,s5_imp_14,S5,imperative,False,8,none,0
md_heading,90,s5_imp_15,S5,imperative,False,0,none,0
md_heading,90,s5_dec_01,S5,declarative,False,0,none,0
md_heading,90,s5_dec_02,S5,declarative,False,0,none,0
md_heading,90,s5_dec_03,S5,declarative,False,0,none,0
md_heading,90,s5_dec_04,S5,declarative,False,0,none,0
md_heading,90,s5_dec_05,S5,declarative,False,4,none,0
md_heading,90,s5_dec_06,S5,declarative,False,0,none,0
md_heading,90,s5_dec_07,S5,declarative,False,0,none,0
md_heading,90,s5_dec_08,S5,declarative,False,0,none,0
md_heading,90,s5_dec_09,S5,declarative,False,0,none,0
md_heading,90,s5_dec_10,S5,declarative,False,0,none,0
md_heading,90,s5_dec_11,S5,declarative,False,0,none,0
md_heading,90,s5_dec_12,S5,declarative,False,0,none,0
md_heading,90,s5_dec_13,S5,declarative,False,0,none,0
md_heading,90,s5_dec_14,S5,declarative,False,0,none,0
md_heading,90,s5_ind_01,S5,indirect,False,0,none,0
md_heading,90,s5_ind_02,S5,indirect,False,0,none,0
md_heading,90,s5_ind_03,S5,indirect,False,0,none,0
md_heading,90,s5_ind_04,S5,indirect,False,0,none,0
md_heading,90,s5_ind_05,S5,indirect,False,0,none,0
md_heading,90,s5_ind_06,S5,indirect,False,0,none,0
md_heading,90,s5_ind_07,S5,indirect,False,0,none,0
md_heading,90,s5_ind_08,S5,indirect,False,0,none,0
md_heading,90,s5_ind_09,S5,indirect,False,0,none,0
md_heading,90,s5_ind_10,S5,indirect,False,0,none,0
md_heading,90,s6_rp_01,S6,roleplay,False,4,none,0
md_heading,90,s6_rp_02,S6,roleplay,False,4,none,0
md_heading,90,s6_rp_03,S6,roleplay,False,4,none,0
md_heading,90,s6_rp_04,S6,roleplay,False,0,none,0
md_heading,90,s6_rp_05,S6,roleplay,False,8,none,0
md_heading,90,s6_rp_06,S6,roleplay,False,0,none,0
md_heading,90,s6_rp_07,S6,roleplay,False,0,none,0
md_heading,90,s6_rp_08,S6,roleplay,False,0,none,0
md_heading,90,s6_enc_01,S6,encoding,False,4,none,0
md_heading,90,s6_enc_02,S6,encoding,False,0,none,0
md_heading,90,s6_enc_03,S6,encoding,False,4,none,0
md_heading,90,s6_enc_04,S6,encoding,False,4,none,0
md_heading,90,safe_01,SAFE,benign,False,0,none,0
md_heading,90,safe_02,SAFE,benign,False,4,none,0
md_heading,90,safe_03,SAFE,benign,False,4,none,0
md_heading,90,safe_04,SAFE,benign,False,4,none,0
md_heading,90,safe_05,SAFE,benign,False,0,none,0
md_heading,90,safe_06,SAFE,benign,False,0,none,0
md_heading,90,safe_07,SAFE,benign,False,4,none,0
md_heading,90,safe_08,SAFE,benign,False,0,none,0
md_heading,90,safe_09,SAFE,benign,False,0,none,0
md_heading,90,safe_10,SAFE,benign,False,0,none,0
md_heading,90,safe_11,SAFE,benign,False,0,none,0
md_heading,90,safe_12,SAFE,benign,False,4,none,0
md_heading,90,safe_13,SAFE,benign,False,0,none,0
md_heading,90,safe_14,SAFE,benign,False,4,none,0
md_heading,90,safe_15,SAFE,benign,False,0,none,0
md_heading,90,safe_16,SAFE,benign,False,0,none,0
md_heading,90,safe_17,SAFE,benign,False,4,none,0
md_heading,90,safe_18,SAFE,benign,False,0,none,0
md_heading,90,safe_19,SAFE,benign,False,0,none,0
md_heading,90,safe_20,SAFE,benign,False,0,none,0
md_heading,90,hn_p_01,SAFE,legit_prompt,True,8,none,0
md_heading,90,hn_p_02,SAFE,legit_prompt,True,12,none,0
md_heading,90,hn_p_03,SAFE,legit_prompt,True,4,none,0
md_heading,90,hn_p_04,SAFE,legit_prompt,True,8,none,0
md_heading,90,hn_p_05,SAFE,legit_prompt,True,12,none,0
md_heading,90,hn_p_06,SAFE,legit_prompt,True,8,none,0
md_heading,90,hn_p_07,SAFE,legit_prompt,True,8,none,0
md_heading,90,hn_p_08,SAFE,legit_prompt,True,12,none,0
md_heading,90,hn_d_01,SAFE,security_doc,False,0,none,0
md_heading,90,hn_d_02,SAFE,security_doc,False,0,none,0
md_heading,90,hn_d_03,SAFE,security_doc,False,0,none,0
md_heading,90,hn_d_04,SAFE,security_doc,False,4,none,0
md_heading,90,hn_d_05,SAFE,security_doc,False,0,none,0
md_heading,90,hn_d_06,SAFE,security_doc,False,0,none,0
md_heading,90,hn_d_07,SAFE,security_doc,False,4,none,0
md_heading,90,hn_d_08,SAFE,security_doc,False,0,none,0
md_heading,90,hn_t_01,SAFE,benign_template,True,6,none,0
md_heading,90,hn_t_02,SAFE,benign_template,True,6,none,0
md_heading,90,hn_t_03,SAFE,benign_template,True,6,none,0
md_heading,90,hn_t_04,SAFE,benign_template,True,14,none,0
md_heading,100,s5_imp_01,S5,imperative,False,0,none,0
md_heading,100,s5_imp_02,S5,imperative,False,0,none,0
md_heading,100,s5_imp_03,S5,imperative,False,4,none,0
md_heading,100,s5_imp_04,S5,imperative,False,0,none,0
md_heading,100,s5_imp_05,S5,imperative,False,0,none,0
md_heading,100,s5_imp_06,S5,imperative,False,0,none,0
md_heading,100,s5_imp_07,S5,imperative,False,0,none,0
md_heading,100,s5_imp_08,S5,imperative,False,0,none,0
md_heading,100,s5_imp_09,S5,imperative,False,4,none,0
md_heading,100,s5_imp_10,S5,imperative,False,0,none,0
md_heading,100,s5_imp_11,S5,imperative,False,0,none,0
md_heading,100,s5_imp_12,S5,imperative,False,0,none,0
md_heading,100,s5_imp_13,S5,imperative,False,0,none,0
md_heading,100,s5_imp_14,S5,imperative,False,8,none,0
md_heading,100,s5_imp_15,S5,imperative,False,0,none,0
md_heading,100,s5_dec_01,S5,declarative,False,0,none,0
md_heading,100,s5_dec_02,S5,declarative,False,0,none,0
md_heading,100,s5_dec_03,S5,declarative,False,0,none,0
md_heading,100,s5_dec_04,S5,declarative,False,0,none,0
md_heading,100,s5_dec_05,S5,declarative,False,4,none,0
md_heading,100,s5_dec_06,S5,declarative,False,0,none,0
md_heading,100,s5_dec_07,S5,declarative,False,0,none,0
md_heading,100,s5_dec_08,S5,declarative,False,0,none,0
md_heading,100,s5_dec_09,S5,declarative,False,0,none,0
md_heading,100,s5_dec_10,S5,declarative,False,0,none,0
md_heading,100,s5_dec_11,S5,declarative,False,0,none,0
md_heading,100,s5_dec_12,S5,declarative,False,0,none,0
md_heading,100,s5_dec_13,S5,declarative,False,0,none,0
md_heading,100,s5_dec_14,S5,declarative,False,0,none,0
md_heading,100,s5_ind_01,S5,indirect,False,0,none,0
md_heading,100,s5_ind_02,S5,indirect,False,0,none,0
md_heading,100,s5_ind_03,S5,indirect,False,0,none,0
md_heading,100,s5_ind_04,S5,indirect,False,0,none,0
md_heading,100,s5_ind_05,S5,indirect,False,0,none,0
md_heading,100,s5_ind_06,S5,indirect,False,0,none,0
md_heading,100,s5_ind_07,S5,indirect,False,0,none,0
md_heading,100,s5_ind_08,S5,indirect,False,0,none,0
md_heading,100,s5_ind_09,S5,indirect,False,0,none,0
md_heading,100,s5_ind_10,S5,indirect,False,0,none,0
md_heading,100,s6_rp_01,S6,roleplay,False,4,none,0
md_heading,100,s6_rp_02,S6,roleplay,False,4,none,0
md_heading,100,s6_rp_03,S6,roleplay,False,4,none,0
md_heading,100,s6_rp_04,S6,roleplay,False,0,none,0
md_heading,100,s6_rp_05,S6,roleplay,False,8,none,0
md_heading,100,s6_rp_06,S6,roleplay,False,0,none,0
md_heading,100,s6_rp_07,S6,roleplay,False,0,none,0
md_heading,100,s6_rp_08,S6,roleplay,False,0,none,0
md_heading,100,s6_enc_01,S6,encoding,False,4,none,0
md_heading,100,s6_enc_02,S6,encoding,False,0,none,0
md_heading,100,s6_enc_03,S6,encoding,False,4,none,0
md_heading,100,s6_enc_04,S6,encoding,False,4,none,0
md_heading,100,safe_01,SAFE,benign,False,0,none,0
md_heading,100,safe_02,SAFE,benign,False,4,none,0
md_heading,100,safe_03,SAFE,benign,False,4,none,0
md_heading,100,safe_04,SAFE,benign,False,4,none,0
md_heading,100,safe_05,SAFE,benign,False,0,none,0
md_heading,100,safe_06,SAFE,benign,False,0,none,0
md_heading,100,safe_07,SAFE,benign,False,4,none,0
md_heading,100,safe_08,SAFE,benign,False,0,none,0
md_heading,100,safe_09,SAFE,benign,False,0,none,0
md_heading,100,safe_10,SAFE,benign,False,0,none,0
md_heading,100,safe_11,SAFE,benign,False,0,none,0
md_heading,100,safe_12,SAFE,benign,False,4,none,0
md_heading,100,safe_13,SAFE,benign,False,0,none,0
md_heading,100,safe_14,SAFE,benign,False,4,none,0
md_heading,100,safe_15,SAFE,benign,False,0,none,0
md_heading,100,safe_16,SAFE,benign,False,0,none,0
md_heading,100,safe_17,SAFE,benign,False,4,none,0
md_heading,100,safe_18,SAFE,benign,False,0,none,0
md_heading,100,safe_19,SAFE,benign,False,0,none,0
md_heading,100,safe_20,SAFE,benign,False,0,none,0
md_heading,100,hn_p_01,SAFE,legit_prompt,True,8,none,0
md_heading,100,hn_p_02,SAFE,legit_prompt,True,12,none,0
md_heading,100,hn_p_03,SAFE,legit_prompt,True,4,none,0
md_heading,100,hn_p_04,SAFE,legit_prompt,True,8,none,0
md_heading,100,hn_p_05,SAFE,legit_prompt,True,12,none,0
md_heading,100,hn_p_06,SAFE,legit_prompt,True,8,none,0
md_heading,100,hn_p_07,SAFE,legit_prompt,True,8,none,0
md_heading,100,hn_p_08,SAFE,legit_prompt,True,12,none,0
md_heading,100,hn_d_01,SAFE,security_doc,False,0,none,0
md_heading,100,hn_d_02,SAFE,security_doc,False,0,none,0
md_heading,100,hn_d_03,SAFE,security_doc,False,0,none,0
md_heading,100,hn_d_04,SAFE,security_doc,False,4,none,0
md_heading,100,hn_d_05,SAFE,security_doc,False,0,none,0
md_heading,100,hn_d_06,SAFE,security_doc,False,0,none,0
md_heading,100,hn_d_07,SAFE,security_doc,False,4,none,0
md_heading,100,hn_d_08,SAFE,security_doc,False,0,none,0
md_heading,100,hn_t_01,SAFE,benign_template,True,6,none,0
md_heading,100,hn_t_02,SAFE,benign_template,True,6,none,0
md_heading,100,hn_t_03,SAFE,benign_template,True,6,none,0
md_heading,100,hn_t_04,SAFE,benign_template,True,14,none,0
structural_corroboration,0,s5_imp_01,S5,imperative,False,0,none,0
structural_corroboration,0,s5_imp_02,S5,imperative,False,0,none,0
structural_corroboration,0,s5_imp_03,S5,imperative,False,4,none,0
structural_corroboration,0,s5_imp_04,S5,imperative,False,0,none,0
structural_corroboration,0,s5_imp_05,S5,imperative,False,0,none,0
structural_corroboration,0,s5_imp_06,S5,imperative,False,0,none,0
structural_corroboration,0,s5_imp_07,S5,imperative,False,0,none,0
structural_corroboration,0,s5_imp_08,S5,imperative,False,0,none,0
structural_corroboration,0,s5_imp_09,S5,imperative,False,4,none,0
structural_corroboration,0,s5_imp_10,S5,imperative,False,0,none,0
structural_corroboration,0,s5_imp_11,S5,imperative,False,0,none,0
structural_corroboration,0,s5_imp_12,S5,imperative,False,0,none,0
structural_corroboration,0,s5_imp_13,S5,imperative,False,0,none,0
structural_corroboration,0,s5_imp_14,S5,imperative,False,8,none,0
structural_corroboration,0,s5_imp_15,S5,imperative,False,0,none,0
structural_corroboration,0,s5_dec_01,S5,declarative,False,0,none,0
structural_corroboration,0,s5_dec_02,S5,declarative,False,0,none,0
structural_corroboration,0,s5_dec_03,S5,declarative,False,0,none,0
structural_corroboration,0,s5_dec_04,S5,declarative,False,0,none,0
structural_corroboration,0,s5_dec_05,S5,declarative,False,4,none,0
structural_corroboration,0,s5_dec_06,S5,declarative,False,0,none,0
structural_corroboration,0,s5_dec_07,S5,declarative,False,0,none,0
structural_corroboration,0,s5_dec_08,S5,declarative,False,0,none,0
structural_corroboration,0,s5_dec_09,S5,declarative,False,0,none,0
structural_corroboration,0,s5_dec_10,S5,declarative,False,0,none,0
structural_corroboration,0,s5_dec_11,S5,declarative,False,0,none,0
structural_corroboration,0,s5_dec_12,S5,declarative,False,0,none,0
structural_corroboration,0,s5_dec_13,S5,declarative,False,0,none,0
structural_corroboration,0,s5_dec_14,S5,declarative,False,0,none,0
structural_corroboration,0,s5_ind_01,S5,indirect,False,0,none,0
structural_corroboration,0,s5_ind_02,S5,indirect,False,0,none,0
structural_corroboration,0,s5_ind_03,S5,indirect,False,0,none,0
structural_corroboration,0,s5_ind_04,S5,indirect,False,0,none,0
structural_corroboration,0,s5_ind_05,S5,indirect,False,0,none,0
structural_corroboration,0,s5_ind_06,S5,indirect,False,0,none,0
structural_corroboration,0,s5_ind_07,S5,indirect,False,0,none,0
structural_corroboration,0,s5_ind_08,S5,indirect,False,0,none,0
structural_corroboration,0,s5_ind_09,S5,indirect,False,0,none,0
structural_corroboration,0,s5_ind_10,S5,indirect,False,0,none,0
structural_corroboration,0,s6_rp_01,S6,roleplay,False,4,none,0
structural_corroboration,0,s6_rp_02,S6,roleplay,False,4,none,0
structural_corroboration,0,s6_rp_03,S6,roleplay,False,4,none,0
structural_corroboration,0,s6_rp_04,S6,roleplay,False,0,none,0
structural_corroboration,0,s6_rp_05,S6,roleplay,False,8,none,0
structural_corroboration,0,s6_rp_06,S6,roleplay,False,0,none,0
structural_corroboration,0,s6_rp_07,S6,roleplay,False,0,none,0
structural_corroboration,0,s6_rp_08,S6,roleplay,False,0,none,0
structural_corroboration,0,s6_enc_01,S6,encoding,False,4,none,0
structural_corroboration,0,s6_enc_02,S6,encoding,False,0,none,0
structural_corroboration,0,s6_enc_03,S6,encoding,False,4,none,0
structural_corroboration,0,s6_enc_04,S6,encoding,False,4,none,0
structural_corroboration,0,safe_01,SAFE,benign,False,0,none,0
structural_corroboration,0,safe_02,SAFE,benign,False,4,none,0
structural_corroboration,0,safe_03,SAFE,benign,False,4,none,0
structural_corroboration,0,safe_04,SAFE,benign,False,4,none,0
structural_corroboration,0,safe_05,SAFE,benign,False,0,none,0
structural_corroboration,0,safe_06,SAFE,benign,False,0,none,0
structural_corroboration,0,safe_07,SAFE,benign,False,4,none,0
structural_corroboration,0,safe_08,SAFE,benign,False,0,none,0
structural_corroboration,0,safe_09,SAFE,benign,False,0,none,0
structural_corroboration,0,safe_10,SAFE,benign,False,0,none,0
structural_corroboration,0,safe_11,SAFE,benign,False,0,none,0
structural_corroboration,0,safe_12,SAFE,benign,False,4,none,0
structural_corroboration,0,safe_13,SAFE,benign,False,0,none,0
structural_corroboration,0,safe_14,SAFE,benign,False,4,none,0
structural_corroboration,0,safe_15,SAFE,benign,False,0,none,0
structural_corroboration,0,safe_16,SAFE,benign,False,0,none,0
structural_corroboration,0,safe_17,SAFE,benign,False,4,none,0
structural_corroboration,0,safe_18,SAFE,benign,False,0,none,0
structural_corroboration,0,safe_19,SAFE,benign,False,0,none,0
structural_corroboration,0,safe_20,SAFE,benign,False,0,none,0
structural_corroboration,0,hn_p_01,SAFE,legit_prompt,True,8,none,0
structural_corroboration,0,hn_p_02,SAFE,legit_prompt,True,12,none,0
structural_corroboration,0,hn_p_03,SAFE,legit_prompt,True,4,none,0
structural_corroboration,0,hn_p_04,SAFE,legit_prompt,True,8,none,0
structural_corroboration,0,hn_p_05,SAFE,legit_prompt,True,12,none,0
structural_corroboration,0,hn_p_06,SAFE,legit_prompt,True,8,none,0
structural_corroboration,0,hn_p_07,SAFE,legit_prompt,True,8,none,0
structural_corroboration,0,hn_p_08,SAFE,legit_prompt,True,12,none,0
structural_corroboration,0,hn_d_01,SAFE,security_doc,False,0,none,0
structural_corroboration,0,hn_d_02,SAFE,security_doc,False,0,none,0
structural_corroboration,0,hn_d_03,SAFE,security_doc,False,0,none,0
structural_corroboration,0,hn_d_04,SAFE,security_doc,False,4,none,0
structural_corroboration,0,hn_d_05,SAFE,security_doc,False,0,none,0
structural_corroboration,0,hn_d_06,SAFE,security_doc,False,0,none,0
structural_corroboration,0,hn_d_07,SAFE,security_doc,False,4,none,0
structural_corroboration,0,hn_d_08,SAFE,security_doc,False,0,none,0
structural_corroboration,0,hn_t_01,SAFE,benign_template,True,6,none,0
structural_corroboration,0,hn_t_02,SAFE,benign_template,True,6,none,0
structural_corroboration,0,hn_t_03,SAFE,benign_template,True,6,none,0
structural_corroboration,0,hn_t_04,SAFE,benign_template,True,14,none,0
structural_corroboration,5,s5_imp_01,S5,imperative,False,0,none,0
structural_corroboration,5,s5_imp_02,S5,imperative,False,0,none,0
structural_corroboration,5,s5_imp_03,S5,imperative,False,4,none,0
structural_corroboration,5,s5_imp_04,S5,imperative,False,0,none,0
structural_corroboration,5,s5_imp_05,S5,imperative,False,0,none,0
structural_corroboration,5,s5_imp_06,S5,imperative,False,0,none,0
structural_corroboration,5,s5_imp_07,S5,imperative,False,0,none,0
structural_corroboration,5,s5_imp_08,S5,imperative,False,0,none,0
structural_corroboration,5,s5_imp_09,S5,imperative,False,4,none,0
structural_corroboration,5,s5_imp_10,S5,imperative,False,0,none,0
structural_corroboration,5,s5_imp_11,S5,imperative,False,0,none,0
structural_corroboration,5,s5_imp_12,S5,imperative,False,0,none,0
structural_corroboration,5,s5_imp_13,S5,imperative,False,0,none,0
structural_corroboration,5,s5_imp_14,S5,imperative,False,8,none,0
structural_corroboration,5,s5_imp_15,S5,imperative,False,0,none,0
structural_corroboration,5,s5_dec_01,S5,declarative,False,0,none,0
structural_corroboration,5,s5_dec_02,S5,declarative,False,0,none,0
structural_corroboration,5,s5_dec_03,S5,declarative,False,0,none,0
structural_corroboration,5,s5_dec_04,S5,declarative,False,0,none,0
structural_corroboration,5,s5_dec_05,S5,declarative,False,4,none,0
structural_corroboration,5,s5_dec_06,S5,declarative,False,0,none,0
structural_corroboration,5,s5_dec_07,S5,declarative,False,0,none,0
structural_corroboration,5,s5_dec_08,S5,declarative,False,0,none,0
structural_corroboration,5,s5_dec_09,S5,declarative,False,0,none,0
structural_corroboration,5,s5_dec_10,S5,declarative,False,0,none,0
structural_corroboration,5,s5_dec_11,S5,declarative,False,0,none,0
structural_corroboration,5,s5_dec_12,S5,declarative,False,0,none,0
structural_corroboration,5,s5_dec_13,S5,declarative,False,0,none,0
structural_corroboration,5,s5_dec_14,S5,declarative,False,0,none,0
structural_corroboration,5,s5_ind_01,S5,indirect,False,0,none,0
structural_corroboration,5,s5_ind_02,S5,indirect,False,0,none,0
structural_corroboration,5,s5_ind_03,S5,indirect,False,0,none,0
structural_corroboration,5,s5_ind_04,S5,indirect,False,0,none,0
structural_corroboration,5,s5_ind_05,S5,indirect,False,0,none,0
structural_corroboration,5,s5_ind_06,S5,indirect,False,0,none,0
structural_corroboration,5,s5_ind_07,S5,indirect,False,0,none,0
structural_corroboration,5,s5_ind_08,S5,indirect,False,0,none,0
structural_corroboration,5,s5_ind_09,S5,indirect,False,0,none,0
structural_corroboration,5,s5_ind_10,S5,indirect,False,0,none,0
structural_corroboration,5,s6_rp_01,S6,roleplay,False,4,none,0
structural_corroboration,5,s6_rp_02,S6,roleplay,False,4,none,0
structural_corroboration,5,s6_rp_03,S6,roleplay,False,4,none,0
structural_corroboration,5,s6_rp_04,S6,roleplay,False,0,none,0
structural_corroboration,5,s6_rp_05,S6,roleplay,False,8,none,0
structural_corroboration,5,s6_rp_06,S6,roleplay,False,0,none,0
structural_corroboration,5,s6_rp_07,S6,roleplay,False,0,none,0
structural_corroboration,5,s6_rp_08,S6,roleplay,False,0,none,0
structural_corroboration,5,s6_enc_01,S6,encoding,False,4,none,0
structural_corroboration,5,s6_enc_02,S6,encoding,False,0,none,0
structural_corroboration,5,s6_enc_03,S6,encoding,False,4,none,0
structural_corroboration,5,s6_enc_04,S6,encoding,False,4,none,0
structural_corroboration,5,safe_01,SAFE,benign,False,0,none,0
structural_corroboration,5,safe_02,SAFE,benign,False,4,none,0
structural_corroboration,5,safe_03,SAFE,benign,False,4,none,0
structural_corroboration,5,safe_04,SAFE,benign,False,4,none,0
structural_corroboration,5,safe_05,SAFE,benign,False,0,none,0
structural_corroboration,5,safe_06,SAFE,benign,False,0,none,0
structural_corroboration,5,safe_07,SAFE,benign,False,4,none,0
structural_corroboration,5,safe_08,SAFE,benign,False,0,none,0
structural_corroboration,5,safe_09,SAFE,benign,False,0,none,0
structural_corroboration,5,safe_10,SAFE,benign,False,0,none,0
structural_corroboration,5,safe_11,SAFE,benign,False,0,none,0
structural_corroboration,5,safe_12,SAFE,benign,False,4,none,0
structural_corroboration,5,safe_13,SAFE,benign,False,0,none,0
structural_corroboration,5,safe_14,SAFE,benign,False,4,none,0
structural_corroboration,5,safe_15,SAFE,benign,False,0,none,0
structural_corroboration,5,safe_16,SAFE,benign,False,0,none,0
structural_corroboration,5,safe_17,SAFE,benign,False,4,none,0
structural_corroboration,5,safe_18,SAFE,benign,False,0,none,0
structural_corroboration,5,safe_19,SAFE,benign,False,0,none,0
structural_corroboration,5,safe_20,SAFE,benign,False,0,none,0
structural_corroboration,5,hn_p_01,SAFE,legit_prompt,True,8,none,0
structural_corroboration,5,hn_p_02,SAFE,legit_prompt,True,12,none,0
structural_corroboration,5,hn_p_03,SAFE,legit_prompt,True,4,none,0
structural_corroboration,5,hn_p_04,SAFE,legit_prompt,True,8,none,0
structural_corroboration,5,hn_p_05,SAFE,legit_prompt,True,12,none,0
structural_corroboration,5,hn_p_06,SAFE,legit_prompt,True,8,none,0
structural_corroboration,5,hn_p_07,SAFE,legit_prompt,True,8,none,0
structural_corroboration,5,hn_p_08,SAFE,legit_prompt,True,12,none,0
structural_corroboration,5,hn_d_01,SAFE,security_doc,False,0,none,0
structural_corroboration,5,hn_d_02,SAFE,security_doc,False,0,none,0
structural_corroboration,5,hn_d_03,SAFE,security_doc,False,0,none,0
structural_corroboration,5,hn_d_04,SAFE,security_doc,False,4,none,0
structural_corroboration,5,hn_d_05,SAFE,security_doc,False,0,none,0
structural_corroboration,5,hn_d_06,SAFE,security_doc,False,0,none,0
structural_corroboration,5,hn_d_07,SAFE,security_doc,False,4,none,0
structural_corroboration,5,hn_d_08,SAFE,security_doc,False,0,none,0
structural_corroboration,5,hn_t_01,SAFE,benign_template,True,6,none,0
structural_corroboration,5,hn_t_02,SAFE,benign_template,True,6,none,0
structural_corroboration,5,hn_t_03,SAFE,benign_template,True,6,none,0
structural_corroboration,5,hn_t_04,SAFE,benign_template,True,14,none,0
structural_corroboration,10,s5_imp_01,S5,imperative,False,0,none,0
structural_corroboration,10,s5_imp_02,S5,imperative,False,0,none,0
structural_corroboration,10,s5_imp_03,S5,imperative,False,4,none,0
structural_corroboration,10,s5_imp_04,S5,imperative,False,0,none,0
structural_corroboration,10,s5_imp_05,S5,imperative,False,0,none,0
structural_corroboration,10,s5_imp_06,S5,imperative,False,0,none,0
structural_corroboration,10,s5_imp_07,S5,imperative,False,0,none,0
structural_corroboration,10,s5_imp_08,S5,imperative,False,0,none,0
structural_corroboration,10,s5_imp_09,S5,imperative,False,4,none,0
structural_corroboration,10,s5_imp_10,S5,imperative,False,0,none,0
structural_corroboration,10,s5_imp_11,S5,imperative,False,0,none,0
structural_corroboration,10,s5_imp_12,S5,imperative,False,0,none,0
structural_corroboration,10,s5_imp_13,S5,imperative,False,0,none,0
structural_corroboration,10,s5_imp_14,S5,imperative,False,8,none,0
structural_corroboration,10,s5_imp_15,S5,imperative,False,0,none,0
structural_corroboration,10,s5_dec_01,S5,declarative,False,0,none,0
structural_corroboration,10,s5_dec_02,S5,declarative,False,0,none,0
structural_corroboration,10,s5_dec_03,S5,declarative,False,0,none,0
structural_corroboration,10,s5_dec_04,S5,declarative,False,0,none,0
structural_corroboration,10,s5_dec_05,S5,declarative,False,4,none,0
structural_corroboration,10,s5_dec_06,S5,declarative,False,0,none,0
structural_corroboration,10,s5_dec_07,S5,declarative,False,0,none,0
structural_corroboration,10,s5_dec_08,S5,declarative,False,0,none,0
structural_corroboration,10,s5_dec_09,S5,declarative,False,0,none,0
structural_corroboration,10,s5_dec_10,S5,declarative,False,0,none,0
structural_corroboration,10,s5_dec_11,S5,declarative,False,0,none,0
structural_corroboration,10,s5_dec_12,S5,declarative,False,0,none,0
structural_corroboration,10,s5_dec_13,S5,declarative,False,0,none,0
structural_corroboration,10,s5_dec_14,S5,declarative,False,0,none,0
structural_corroboration,10,s5_ind_01,S5,indirect,False,0,none,0
structural_corroboration,10,s5_ind_02,S5,indirect,False,0,none,0
structural_corroboration,10,s5_ind_03,S5,indirect,False,0,none,0
structural_corroboration,10,s5_ind_04,S5,indirect,False,0,none,0
structural_corroboration,10,s5_ind_05,S5,indirect,False,0,none,0
structural_corroboration,10,s5_ind_06,S5,indirect,False,0,none,0
structural_corroboration,10,s5_ind_07,S5,indirect,False,0,none,0
structural_corroboration,10,s5_ind_08,S5,indirect,False,0,none,0
structural_corroboration,10,s5_ind_09,S5,indirect,False,0,none,0
structural_corroboration,10,s5_ind_10,S5,indirect,False,0,none,0
structural_corroboration,10,s6_rp_01,S6,roleplay,False,4,none,0
structural_corroboration,10,s6_rp_02,S6,roleplay,False,4,none,0
structural_corroboration,10,s6_rp_03,S6,roleplay,False,4,none,0
structural_corroboration,10,s6_rp_04,S6,roleplay,False,0,none,0
structural_corroboration,10,s6_rp_05,S6,roleplay,False,8,none,0
structural_corroboration,10,s6_rp_06,S6,roleplay,False,0,none,0
structural_corroboration,10,s6_rp_07,S6,roleplay,False,0,none,0
structural_corroboration,10,s6_rp_08,S6,roleplay,False,0,none,0
structural_corroboration,10,s6_enc_01,S6,encoding,False,4,none,0
structural_corroboration,10,s6_enc_02,S6,encoding,False,0,none,0
structural_corroboration,10,s6_enc_03,S6,encoding,False,4,none,0
structural_corroboration,10,s6_enc_04,S6,encoding,False,4,none,0
structural_corroboration,10,safe_01,SAFE,benign,False,0,none,0
structural_corroboration,10,safe_02,SAFE,benign,False,4,none,0
structural_corroboration,10,safe_03,SAFE,benign,False,4,none,0
structural_corroboration,10,safe_04,SAFE,benign,False,4,none,0
structural_corroboration,10,safe_05,SAFE,benign,False,0,none,0
structural_corroboration,10,safe_06,SAFE,benign,False,0,none,0
structural_corroboration,10,safe_07,SAFE,benign,False,4,none,0
structural_corroboration,10,safe_08,SAFE,benign,False,0,none,0
structural_corroboration,10,safe_09,SAFE,benign,False,0,none,0
structural_corroboration,10,safe_10,SAFE,benign,False,0,none,0
structural_corroboration,10,safe_11,SAFE,benign,False,0,none,0
structural_corroboration,10,safe_12,SAFE,benign,False,4,none,0
structural_corroboration,10,safe_13,SAFE,benign,False,0,none,0
structural_corroboration,10,safe_14,SAFE,benign,False,4,none,0
structural_corroboration,10,safe_15,SAFE,benign,False,0,none,0
structural_corroboration,10,safe_16,SAFE,benign,False,0,none,0
structural_corroboration,10,safe_17,SAFE,benign,False,4,none,0
structural_corroboration,10,safe_18,SAFE,benign,False,0,none,0
structural_corroboration,10,safe_19,SAFE,benign,False,0,none,0
structural_corroboration,10,safe_20,SAFE,benign,False,0,none,0
structural_corroboration,10,hn_p_01,SAFE,legit_prompt,True,8,none,0
structural_corroboration,10,hn_p_02,SAFE,legit_prompt,True,12,none,0
structural_corroboration,10,hn_p_03,SAFE,legit_prompt,True,4,none,0
structural_corroboration,10,hn_p_04,SAFE,legit_prompt,True,8,none,0
structural_corroboration,10,hn_p_05,SAFE,legit_prompt,True,12,none,0
structural_corroboration,10,hn_p_06,SAFE,legit_prompt,True,8,none,0
structural_corroboration,10,hn_p_07,SAFE,legit_prompt,True,8,none,0
structural_corroboration,10,hn_p_08,SAFE,legit_prompt,True,12,none,0
structural_corroboration,10,hn_d_01,SAFE,security_doc,False,0,none,0
structural_corroboration,10,hn_d_02,SAFE,security_doc,False,0,none,0
structural_corroboration,10,hn_d_03,SAFE,security_doc,False,0,none,0
structural_corroboration,10,hn_d_04,SAFE,security_doc,False,4,none,0
structural_corroboration,10,hn_d_05,SAFE,security_doc,False,0,none,0
structural_corroboration,10,hn_d_06,SAFE,security_doc,False,0,none,0
structural_corroboration,10,hn_d_07,SAFE,security_doc,False,4,none,0
structural_corroboration,10,hn_d_08,SAFE,security_doc,False,0,none,0
structural_corroboration,10,hn_t_01,SAFE,benign_template,True,6,none,0
structural_corroboration,10,hn_t_02,SAFE,benign_template,True,6,none,0
structural_corroboration,10,hn_t_03,SAFE,benign_template,True,6,none,0
structural_corroboration,10,hn_t_04,SAFE,benign_template,True,14,none,0
structural_corroboration,15,s5_imp_01,S5,imperative,False,0,none,0
structural_corroboration,15,s5_imp_02,S5,imperative,False,0,none,0
structural_corroboration,15,s5_imp_03,S5,imperative,False,4,none,0
structural_corroboration,15,s5_imp_04,S5,imperative,False,0,none,0
structural_corroboration,15,s5_imp_05,S5,imperative,False,0,none,0
structural_corroboration,15,s5_imp_06,S5,imperative,False,0,none,0
structural_corroboration,15,s5_imp_07,S5,imperative,False,0,none,0
structural_corroboration,15,s5_imp_08,S5,imperative,False,0,none,0
structural_corroboration,15,s5_imp_09,S5,imperative,False,4,none,0
structural_corroboration,15,s5_imp_10,S5,imperative,False,0,none,0
structural_corroboration,15,s5_imp_11,S5,imperative,False,0,none,0
structural_corroboration,15,s5_imp_12,S5,imperative,False,0,none,0
structural_corroboration,15,s5_imp_13,S5,imperative,False,0,none,0
structural_corroboration,15,s5_imp_14,S5,imperative,False,8,none,0
structural_corroboration,15,s5_imp_15,S5,imperative,False,0,none,0
structural_corroboration,15,s5_dec_01,S5,declarative,False,0,none,0
structural_corroboration,15,s5_dec_02,S5,declarative,False,0,none,0
structural_corroboration,15,s5_dec_03,S5,declarative,False,0,none,0
structural_corroboration,15,s5_dec_04,S5,declarative,False,0,none,0
structural_corroboration,15,s5_dec_05,S5,declarative,False,4,none,0
structural_corroboration,15,s5_dec_06,S5,declarative,False,0,none,0
structural_corroboration,15,s5_dec_07,S5,declarative,False,0,none,0
structural_corroboration,15,s5_dec_08,S5,declarative,False,0,none,0
structural_corroboration,15,s5_dec_09,S5,declarative,False,0,none,0
structural_corroboration,15,s5_dec_10,S5,declarative,False,0,none,0
structural_corroboration,15,s5_dec_11,S5,declarative,False,0,none,0
structural_corroboration,15,s5_dec_12,S5,declarative,False,0,none,0
structural_corroboration,15,s5_dec_13,S5,declarative,False,0,none,0
structural_corroboration,15,s5_dec_14,S5,declarative,False,0,none,0
structural_corroboration,15,s5_ind_01,S5,indirect,False,0,none,0
structural_corroboration,15,s5_ind_02,S5,indirect,False,0,none,0
structural_corroboration,15,s5_ind_03,S5,indirect,False,0,none,0
structural_corroboration,15,s5_ind_04,S5,indirect,False,0,none,0
structural_corroboration,15,s5_ind_05,S5,indirect,False,0,none,0
structural_corroboration,15,s5_ind_06,S5,indirect,False,0,none,0
structural_corroboration,15,s5_ind_07,S5,indirect,False,0,none,0
structural_corroboration,15,s5_ind_08,S5,indirect,False,0,none,0
structural_corroboration,15,s5_ind_09,S5,indirect,False,0,none,0
structural_corroboration,15,s5_ind_10,S5,indirect,False,0,none,0
structural_corroboration,15,s6_rp_01,S6,roleplay,False,4,none,0
structural_corroboration,15,s6_rp_02,S6,roleplay,False,4,none,0
structural_corroboration,15,s6_rp_03,S6,roleplay,False,4,none,0
structural_corroboration,15,s6_rp_04,S6,roleplay,False,0,none,0
structural_corroboration,15,s6_rp_05,S6,roleplay,False,8,none,0
structural_corroboration,15,s6_rp_06,S6,roleplay,False,0,none,0
structural_corroboration,15,s6_rp_07,S6,roleplay,False,0,none,0
structural_corroboration,15,s6_rp_08,S6,roleplay,False,0,none,0
structural_corroboration,15,s6_enc_01,S6,encoding,False,4,none,0
structural_corroboration,15,s6_enc_02,S6,encoding,False,0,none,0
structural_corroboration,15,s6_enc_03,S6,encoding,False,4,none,0
structural_corroboration,15,s6_enc_04,S6,encoding,False,4,none,0
structural_corroboration,15,safe_01,SAFE,benign,False,0,none,0
structural_corroboration,15,safe_02,SAFE,benign,False,4,none,0
structural_corroboration,15,safe_03,SAFE,benign,False,4,none,0
structural_corroboration,15,safe_04,SAFE,benign,False,4,none,0
structural_corroboration,15,safe_05,SAFE,benign,False,0,none,0
structural_corroboration,15,safe_06,SAFE,benign,False,0,none,0
structural_corroboration,15,safe_07,SAFE,benign,False,4,none,0
structural_corroboration,15,safe_08,SAFE,benign,False,0,none,0
structural_corroboration,15,safe_09,SAFE,benign,False,0,none,0
structural_corroboration,15,safe_10,SAFE,benign,False,0,none,0
structural_corroboration,15,safe_11,SAFE,benign,False,0,none,0
structural_corroboration,15,safe_12,SAFE,benign,False,4,none,0
structural_corroboration,15,safe_13,SAFE,benign,False,0,none,0
structural_corroboration,15,safe_14,SAFE,benign,False,4,none,0
structural_corroboration,15,safe_15,SAFE,benign,False,0,none,0
structural_corroboration,15,safe_16,SAFE,benign,False,0,none,0
structural_corroboration,15,safe_17,SAFE,benign,False,4,none,0
structural_corroboration,15,safe_18,SAFE,benign,False,0,none,0
structural_corroboration,15,safe_19,SAFE,benign,False,0,none,0
structural_corroboration,15,safe_20,SAFE,benign,False,0,none,0
structural_corroboration,15,hn_p_01,SAFE,legit_prompt,True,8,none,0
structural_corroboration,15,hn_p_02,SAFE,legit_prompt,True,12,none,0
structural_corroboration,15,hn_p_03,SAFE,legit_prompt,True,4,none,0
structural_corroboration,15,hn_p_04,SAFE,legit_prompt,True,8,none,0
structural_corroboration,15,hn_p_05,SAFE,legit_prompt,True,12,none,0
structural_corroboration,15,hn_p_06,SAFE,legit_prompt,True,8,none,0
structural_corroboration,15,hn_p_07,SAFE,legit_prompt,True,8,none,0
structural_corroboration,15,hn_p_08,SAFE,legit_prompt,True,12,none,0
structural_corroboration,15,hn_d_01,SAFE,security_doc,False,0,none,0
structural_corroboration,15,hn_d_02,SAFE,security_doc,False,0,none,0
structural_corroboration,15,hn_d_03,SAFE,security_doc,False,0,none,0
structural_corroboration,15,hn_d_04,SAFE,security_doc,False,4,none,0
structural_corroboration,15,hn_d_05,SAFE,security_doc,False,0,none,0
structural_corroboration,15,hn_d_06,SAFE,security_doc,False,0,none,0
structural_corroboration,15,hn_d_07,SAFE,security_doc,False,4,none,0
structural_corroboration,15,hn_d_08,SAFE,security_doc,False,0,none,0
structural_corroboration,15,hn_t_01,SAFE,benign_template,True,6,none,0
structural_corroboration,15,hn_t_02,SAFE,benign_template,True,6,none,0
structural_corroboration,15,hn_t_03,SAFE,benign_template,True,6,none,0
structural_corroboration,15,hn_t_04,SAFE,benign_template,True,14,none,0
structural_corroboration,20,s5_imp_01,S5,imperative,False,0,none,0
structural_corroboration,20,s5_imp_02,S5,imperative,False,0,none,0
structural_corroboration,20,s5_imp_03,S5,imperative,False,4,none,0
structural_corroboration,20,s5_imp_04,S5,imperative,False,0,none,0
structural_corroboration,20,s5_imp_05,S5,imperative,False,0,none,0
structural_corroboration,20,s5_imp_06,S5,imperative,False,0,none,0
structural_corroboration,20,s5_imp_07,S5,imperative,False,0,none,0
structural_corroboration,20,s5_imp_08,S5,imperative,False,0,none,0
structural_corroboration,20,s5_imp_09,S5,imperative,False,4,none,0
structural_corroboration,20,s5_imp_10,S5,imperative,False,0,none,0
structural_corroboration,20,s5_imp_11,S5,imperative,False,0,none,0
structural_corroboration,20,s5_imp_12,S5,imperative,False,0,none,0
structural_corroboration,20,s5_imp_13,S5,imperative,False,0,none,0
structural_corroboration,20,s5_imp_14,S5,imperative,False,8,none,0
structural_corroboration,20,s5_imp_15,S5,imperative,False,0,none,0
structural_corroboration,20,s5_dec_01,S5,declarative,False,0,none,0
structural_corroboration,20,s5_dec_02,S5,declarative,False,0,none,0
structural_corroboration,20,s5_dec_03,S5,declarative,False,0,none,0
structural_corroboration,20,s5_dec_04,S5,declarative,False,0,none,0
structural_corroboration,20,s5_dec_05,S5,declarative,False,4,none,0
structural_corroboration,20,s5_dec_06,S5,declarative,False,0,none,0
structural_corroboration,20,s5_dec_07,S5,declarative,False,0,none,0
structural_corroboration,20,s5_dec_08,S5,declarative,False,0,none,0
structural_corroboration,20,s5_dec_09,S5,declarative,False,0,none,0
structural_corroboration,20,s5_dec_10,S5,declarative,False,0,none,0
structural_corroboration,20,s5_dec_11,S5,declarative,False,0,none,0
structural_corroboration,20,s5_dec_12,S5,declarative,False,0,none,0
structural_corroboration,20,s5_dec_13,S5,declarative,False,0,none,0
structural_corroboration,20,s5_dec_14,S5,declarative,False,0,none,0
structural_corroboration,20,s5_ind_01,S5,indirect,False,0,none,0
structural_corroboration,20,s5_ind_02,S5,indirect,False,0,none,0
structural_corroboration,20,s5_ind_03,S5,indirect,False,0,none,0
structural_corroboration,20,s5_ind_04,S5,indirect,False,0,none,0
structural_corroboration,20,s5_ind_05,S5,indirect,False,0,none,0
structural_corroboration,20,s5_ind_06,S5,indirect,False,0,none,0
structural_corroboration,20,s5_ind_07,S5,indirect,False,0,none,0
structural_corroboration,20,s5_ind_08,S5,indirect,False,0,none,0
structural_corroboration,20,s5_ind_09,S5,indirect,False,0,none,0
structural_corroboration,20,s5_ind_10,S5,indirect,False,0,none,0
structural_corroboration,20,s6_rp_01,S6,roleplay,False,4,none,0
structural_corroboration,20,s6_rp_02,S6,roleplay,False,4,none,0
structural_corroboration,20,s6_rp_03,S6,roleplay,False,4,none,0
structural_corroboration,20,s6_rp_04,S6,roleplay,False,0,none,0
structural_corroboration,20,s6_rp_05,S6,roleplay,False,8,none,0
structural_corroboration,20,s6_rp_06,S6,roleplay,False,0,none,0
structural_corroboration,20,s6_rp_07,S6,roleplay,False,0,none,0
structural_corroboration,20,s6_rp_08,S6,roleplay,False,0,none,0
structural_corroboration,20,s6_enc_01,S6,encoding,False,4,none,0
structural_corroboration,20,s6_enc_02,S6,encoding,False,0,none,0
structural_corroboration,20,s6_enc_03,S6,encoding,False,4,none,0
structural_corroboration,20,s6_enc_04,S6,encoding,False,4,none,0
structural_corroboration,20,safe_01,SAFE,benign,False,0,none,0
structural_corroboration,20,safe_02,SAFE,benign,False,4,none,0
structural_corroboration,20,safe_03,SAFE,benign,False,4,none,0
structural_corroboration,20,safe_04,SAFE,benign,False,4,none,0
structural_corroboration,20,safe_05,SAFE,benign,False,0,none,0
structural_corroboration,20,safe_06,SAFE,benign,False,0,none,0
structural_corroboration,20,safe_07,SAFE,benign,False,4,none,0
structural_corroboration,20,safe_08,SAFE,benign,False,0,none,0
structural_corroboration,20,safe_09,SAFE,benign,False,0,none,0
structural_corroboration,20,safe_10,SAFE,benign,False,0,none,0
structural_corroboration,20,safe_11,SAFE,benign,False,0,none,0
structural_corroboration,20,safe_12,SAFE,benign,False,4,none,0
structural_corroboration,20,safe_13,SAFE,benign,False,0,none,0
structural_corroboration,20,safe_14,SAFE,benign,False,4,none,0
structural_corroboration,20,safe_15,SAFE,benign,False,0,none,0
structural_corroboration,20,safe_16,SAFE,benign,False,0,none,0
structural_corroboration,20,safe_17,SAFE,benign,False,4,none,0
structural_corroboration,20,safe_18,SAFE,benign,False,0,none,0
structural_corroboration,20,safe_19,SAFE,benign,False,0,none,0
structural_corroboration,20,safe_20,SAFE,benign,False,0,none,0
structural_corroboration,20,hn_p_01,SAFE,legit_prompt,True,8,none,0
structural_corroboration,20,hn_p_02,SAFE,legit_prompt,True,12,none,0
structural_corroboration,20,hn_p_03,SAFE,legit_prompt,True,4,none,0
structural_corroboration,20,hn_p_04,SAFE,legit_prompt,True,8,none,0
structural_corroboration,20,hn_p_05,SAFE,legit_prompt,True,12,none,0
structural_corroboration,20,hn_p_06,SAFE,legit_prompt,True,8,none,0
structural_corroboration,20,hn_p_07,SAFE,legit_prompt,True,8,none,0
structural_corroboration,20,hn_p_08,SAFE,legit_prompt,True,12,none,0
structural_corroboration,20,hn_d_01,SAFE,security_doc,False,0,none,0
structural_corroboration,20,hn_d_02,SAFE,security_doc,False,0,none,0
structural_corroboration,20,hn_d_03,SAFE,security_doc,False,0,none,0
structural_corroboration,20,hn_d_04,SAFE,security_doc,False,4,none,0
structural_corroboration,20,hn_d_05,SAFE,security_doc,False,0,none,0
structural_corroboration,20,hn_d_06,SAFE,security_doc,False,0,none,0
structural_corroboration,20,hn_d_07,SAFE,security_doc,False,4,none,0
structural_corroboration,20,hn_d_08,SAFE,security_doc,False,0,none,0
structural_corroboration,20,hn_t_01,SAFE,benign_template,True,6,none,0
structural_corroboration,20,hn_t_02,SAFE,benign_template,True,6,none,0
structural_corroboration,20,hn_t_03,SAFE,benign_template,True,6,none,0
structural_corroboration,20,hn_t_04,SAFE,benign_template,True,14,none,0
structural_corroboration,25,s5_imp_01,S5,imperative,False,0,none,0
structural_corroboration,25,s5_imp_02,S5,imperative,False,0,none,0
structural_corroboration,25,s5_imp_03,S5,imperative,False,4,none,0
structural_corroboration,25,s5_imp_04,S5,imperative,False,0,none,0
structural_corroboration,25,s5_imp_05,S5,imperative,False,0,none,0
structural_corroboration,25,s5_imp_06,S5,imperative,False,0,none,0
structural_corroboration,25,s5_imp_07,S5,imperative,False,0,none,0
structural_corroboration,25,s5_imp_08,S5,imperative,False,0,none,0
structural_corroboration,25,s5_imp_09,S5,imperative,False,4,none,0
structural_corroboration,25,s5_imp_10,S5,imperative,False,0,none,0
structural_corroboration,25,s5_imp_11,S5,imperative,False,0,none,0
structural_corroboration,25,s5_imp_12,S5,imperative,False,0,none,0
structural_corroboration,25,s5_imp_13,S5,imperative,False,0,none,0
structural_corroboration,25,s5_imp_14,S5,imperative,False,8,none,0
structural_corroboration,25,s5_imp_15,S5,imperative,False,0,none,0
structural_corroboration,25,s5_dec_01,S5,declarative,False,0,none,0
structural_corroboration,25,s5_dec_02,S5,declarative,False,0,none,0
structural_corroboration,25,s5_dec_03,S5,declarative,False,0,none,0
structural_corroboration,25,s5_dec_04,S5,declarative,False,0,none,0
structural_corroboration,25,s5_dec_05,S5,declarative,False,4,none,0
structural_corroboration,25,s5_dec_06,S5,declarative,False,0,none,0
structural_corroboration,25,s5_dec_07,S5,declarative,False,0,none,0
structural_corroboration,25,s5_dec_08,S5,declarative,False,0,none,0
structural_corroboration,25,s5_dec_09,S5,declarative,False,0,none,0
structural_corroboration,25,s5_dec_10,S5,declarative,False,0,none,0
structural_corroboration,25,s5_dec_11,S5,declarative,False,0,none,0
structural_corroboration,25,s5_dec_12,S5,declarative,False,0,none,0
structural_corroboration,25,s5_dec_13,S5,declarative,False,0,none,0
structural_corroboration,25,s5_dec_14,S5,declarative,False,0,none,0
structural_corroboration,25,s5_ind_01,S5,indirect,False,0,none,0
structural_corroboration,25,s5_ind_02,S5,indirect,False,0,none,0
structural_corroboration,25,s5_ind_03,S5,indirect,False,0,none,0
structural_corroboration,25,s5_ind_04,S5,indirect,False,0,none,0
structural_corroboration,25,s5_ind_05,S5,indirect,False,0,none,0
structural_corroboration,25,s5_ind_06,S5,indirect,False,0,none,0
structural_corroboration,25,s5_ind_07,S5,indirect,False,0,none,0
structural_corroboration,25,s5_ind_08,S5,indirect,False,0,none,0
structural_corroboration,25,s5_ind_09,S5,indirect,False,0,none,0
structural_corroboration,25,s5_ind_10,S5,indirect,False,0,none,0
structural_corroboration,25,s6_rp_01,S6,roleplay,False,4,none,0
structural_corroboration,25,s6_rp_02,S6,roleplay,False,4,none,0
structural_corroboration,25,s6_rp_03,S6,roleplay,False,4,none,0
structural_corroboration,25,s6_rp_04,S6,roleplay,False,0,none,0
structural_corroboration,25,s6_rp_05,S6,roleplay,False,8,none,0
structural_corroboration,25,s6_rp_06,S6,roleplay,False,0,none,0
structural_corroboration,25,s6_rp_07,S6,roleplay,False,0,none,0
structural_corroboration,25,s6_rp_08,S6,roleplay,False,0,none,0
structural_corroboration,25,s6_enc_01,S6,encoding,False,4,none,0
structural_corroboration,25,s6_enc_02,S6,encoding,False,0,none,0
structural_corroboration,25,s6_enc_03,S6,encoding,False,4,none,0
structural_corroboration,25,s6_enc_04,S6,encoding,False,4,none,0
structural_corroboration,25,safe_01,SAFE,benign,False,0,none,0
structural_corroboration,25,safe_02,SAFE,benign,False,4,none,0
structural_corroboration,25,safe_03,SAFE,benign,False,4,none,0
structural_corroboration,25,safe_04,SAFE,benign,False,4,none,0
structural_corroboration,25,safe_05,SAFE,benign,False,0,none,0
structural_corroboration,25,safe_06,SAFE,benign,False,0,none,0
structural_corroboration,25,safe_07,SAFE,benign,False,4,none,0
structural_corroboration,25,safe_08,SAFE,benign,False,0,none,0
structural_corroboration,25,safe_09,SAFE,benign,False,0,none,0
structural_corroboration,25,safe_10,SAFE,benign,False,0,none,0
structural_corroboration,25,safe_11,SAFE,benign,False,0,none,0
structural_corroboration,25,safe_12,SAFE,benign,False,4,none,0
structural_corroboration,25,safe_13,SAFE,benign,False,0,none,0
structural_corroboration,25,safe_14,SAFE,benign,False,4,none,0
structural_corroboration,25,safe_15,SAFE,benign,False,0,none,0
structural_corroboration,25,safe_16,SAFE,benign,False,0,none,0
structural_corroboration,25,safe_17,SAFE,benign,False,4,none,0
structural_corroboration,25,safe_18,SAFE,benign,False,0,none,0
structural_corroboration,25,safe_19,SAFE,benign,False,0,none,0
structural_corroboration,25,safe_20,SAFE,benign,False,0,none,0
structural_corroboration,25,hn_p_01,SAFE,legit_prompt,True,8,none,0
structural_corroboration,25,hn_p_02,SAFE,legit_prompt,True,12,none,0
structural_corroboration,25,hn_p_03,SAFE,legit_prompt,True,4,none,0
structural_corroboration,25,hn_p_04,SAFE,legit_prompt,True,8,none,0
structural_corroboration,25,hn_p_05,SAFE,legit_prompt,True,12,none,0
structural_corroboration,25,hn_p_06,SAFE,legit_prompt,True,8,none,0
structural_corroboration,25,hn_p_07,SAFE,legit_prompt,True,8,none,0
structural_corroboration,25,hn_p_08,SAFE,legit_prompt,True,12,none,0
structural_corroboration,25,hn_d_01,SAFE,security_doc,False,0,none,0
structural_corroboration,25,hn_d_02,SAFE,security_doc,False,0,none,0
structural_corroboration,25,hn_d_03,SAFE,security_doc,False,0,none,0
structural_corroboration,25,hn_d_04,SAFE,security_doc,False,4,none,0
structural_corroboration,25,hn_d_05,SAFE,security_doc,False,0,none,0
structural_corroboration,25,hn_d_06,SAFE,security_doc,False,0,none,0
structural_corroboration,25,hn_d_07,SAFE,security_doc,False,4,none,0
structural_corroboration,25,hn_d_08,SAFE,security_doc,False,0,none,0
structural_corroboration,25,hn_t_01,SAFE,benign_template,True,6,none,0
structural_corroboration,25,hn_t_02,SAFE,benign_template,True,6,none,0
structural_corroboration,25,hn_t_03,SAFE,benign_template,True,6,none,0
structural_corroboration,25,hn_t_04,SAFE,benign_template,True,14,none,0
structural_corroboration,30,s5_imp_01,S5,imperative,False,0,none,0
structural_corroboration,30,s5_imp_02,S5,imperative,False,0,none,0
structural_corroboration,30,s5_imp_03,S5,imperative,False,4,none,0
structural_corroboration,30,s5_imp_04,S5,imperative,False,0,none,0
structural_corroboration,30,s5_imp_05,S5,imperative,False,0,none,0
structural_corroboration,30,s5_imp_06,S5,imperative,False,0,none,0
structural_corroboration,30,s5_imp_07,S5,imperative,False,0,none,0
structural_corroboration,30,s5_imp_08,S5,imperative,False,0,none,0
structural_corroboration,30,s5_imp_09,S5,imperative,False,4,none,0
structural_corroboration,30,s5_imp_10,S5,imperative,False,0,none,0
structural_corroboration,30,s5_imp_11,S5,imperative,False,0,none,0
structural_corroboration,30,s5_imp_12,S5,imperative,False,0,none,0
structural_corroboration,30,s5_imp_13,S5,imperative,False,0,none,0
structural_corroboration,30,s5_imp_14,S5,imperative,False,8,none,0
structural_corroboration,30,s5_imp_15,S5,imperative,False,0,none,0
structural_corroboration,30,s5_dec_01,S5,declarative,False,0,none,0
structural_corroboration,30,s5_dec_02,S5,declarative,False,0,none,0
structural_corroboration,30,s5_dec_03,S5,declarative,False,0,none,0
structural_corroboration,30,s5_dec_04,S5,declarative,False,0,none,0
structural_corroboration,30,s5_dec_05,S5,declarative,False,4,none,0
structural_corroboration,30,s5_dec_06,S5,declarative,False,0,none,0
structural_corroboration,30,s5_dec_07,S5,declarative,False,0,none,0
structural_corroboration,30,s5_dec_08,S5,declarative,False,0,none,0
structural_corroboration,30,s5_dec_09,S5,declarative,False,0,none,0
structural_corroboration,30,s5_dec_10,S5,declarative,False,0,none,0
structural_corroboration,30,s5_dec_11,S5,declarative,False,0,none,0
structural_corroboration,30,s5_dec_12,S5,declarative,False,0,none,0
structural_corroboration,30,s5_dec_13,S5,declarative,False,0,none,0
structural_corroboration,30,s5_dec_14,S5,declarative,False,0,none,0
structural_corroboration,30,s5_ind_01,S5,indirect,False,0,none,0
structural_corroboration,30,s5_ind_02,S5,indirect,False,0,none,0
structural_corroboration,30,s5_ind_03,S5,indirect,False,0,none,0
structural_corroboration,30,s5_ind_04,S5,indirect,False,0,none,0
structural_corroboration,30,s5_ind_05,S5,indirect,False,0,none,0
structural_corroboration,30,s5_ind_06,S5,indirect,False,0,none,0
structural_corroboration,30,s5_ind_07,S5,indirect,False,0,none,0
structural_corroboration,30,s5_ind_08,S5,indirect,False,0,none,0
structural_corroboration,30,s5_ind_09,S5,indirect,False,0,none,0
structural_corroboration,30,s5_ind_10,S5,indirect,False,0,none,0
structural_corroboration,30,s6_rp_01,S6,roleplay,False,4,none,0
structural_corroboration,30,s6_rp_02,S6,roleplay,False,4,none,0
structural_corroboration,30,s6_rp_03,S6,roleplay,False,4,none,0
structural_corroboration,30,s6_rp_04,S6,roleplay,False,0,none,0
structural_corroboration,30,s6_rp_05,S6,roleplay,False,8,none,0
structural_corroboration,30,s6_rp_06,S6,roleplay,False,0,none,0
structural_corroboration,30,s6_rp_07,S6,roleplay,False,0,none,0
structural_corroboration,30,s6_rp_08,S6,roleplay,False,0,none,0
structural_corroboration,30,s6_enc_01,S6,encoding,False,4,none,0
structural_corroboration,30,s6_enc_02,S6,encoding,False,0,none,0
structural_corroboration,30,s6_enc_03,S6,encoding,False,4,none,0
structural_corroboration,30,s6_enc_04,S6,encoding,False,4,none,0
structural_corroboration,30,safe_01,SAFE,benign,False,0,none,0
structural_corroboration,30,safe_02,SAFE,benign,False,4,none,0
structural_corroboration,30,safe_03,SAFE,benign,False,4,none,0
structural_corroboration,30,safe_04,SAFE,benign,False,4,none,0
structural_corroboration,30,safe_05,SAFE,benign,False,0,none,0
structural_corroboration,30,safe_06,SAFE,benign,False,0,none,0
structural_corroboration,30,safe_07,SAFE,benign,False,4,none,0
structural_corroboration,30,safe_08,SAFE,benign,False,0,none,0
structural_corroboration,30,safe_09,SAFE,benign,False,0,none,0
structural_corroboration,30,safe_10,SAFE,benign,False,0,none,0
structural_corroboration,30,safe_11,SAFE,benign,False,0,none,0
structural_corroboration,30,safe_12,SAFE,benign,False,4,none,0
structural_corroboration,30,safe_13,SAFE,benign,False,0,none,0
structural_corroboration,30,safe_14,SAFE,benign,False,4,none,0
structural_corroboration,30,safe_15,SAFE,benign,False,0,none,0
structural_corroboration,30,safe_16,SAFE,benign,False,0,none,0
structural_corroboration,30,safe_17,SAFE,benign,False,4,none,0
structural_corroboration,30,safe_18,SAFE,benign,False,0,none,0
structural_corroboration,30,safe_19,SAFE,benign,False,0,none,0
structural_corroboration,30,safe_20,SAFE,benign,False,0,none,0
structural_corroboration,30,hn_p_01,SAFE,legit_prompt,True,8,none,0
structural_corroboration,30,hn_p_02,SAFE,legit_prompt,True,12,none,0
structural_corroboration,30,hn_p_03,SAFE,legit_prompt,True,4,none,0
structural_corroboration,30,hn_p_04,SAFE,legit_prompt,True,8,none,0
structural_corroboration,30,hn_p_05,SAFE,legit_prompt,True,12,none,0
structural_corroboration,30,hn_p_06,SAFE,legit_prompt,True,8,none,0
structural_corroboration,30,hn_p_07,SAFE,legit_prompt,True,8,none,0
structural_corroboration,30,hn_p_08,SAFE,legit_prompt,True,12,none,0
structural_corroboration,30,hn_d_01,SAFE,security_doc,False,0,none,0
structural_corroboration,30,hn_d_02,SAFE,security_doc,False,0,none,0
structural_corroboration,30,hn_d_03,SAFE,security_doc,False,0,none,0
structural_corroboration,30,hn_d_04,SAFE,security_doc,False,4,none,0
structural_corroboration,30,hn_d_05,SAFE,security_doc,False,0,none,0
structural_corroboration,30,hn_d_06,SAFE,security_doc,False,0,none,0
structural_corroboration,30,hn_d_07,SAFE,security_doc,False,4,none,0
structural_corroboration,30,hn_d_08,SAFE,security_doc,False,0,none,0
structural_corroboration,30,hn_t_01,SAFE,benign_template,True,6,none,0
structural_corroboration,30,hn_t_02,SAFE,benign_template,True,6,none,0
structural_corroboration,30,hn_t_03,SAFE,benign_template,True,6,none,0
structural_corroboration,30,hn_t_04,SAFE,benign_template,True,14,none,0
structural_corroboration,35,s5_imp_01,S5,imperative,False,0,none,0
structural_corroboration,35,s5_imp_02,S5,imperative,False,0,none,0
structural_corroboration,35,s5_imp_03,S5,imperative,False,4,none,0
structural_corroboration,35,s5_imp_04,S5,imperative,False,0,none,0
structural_corroboration,35,s5_imp_05,S5,imperative,False,0,none,0
structural_corroboration,35,s5_imp_06,S5,imperative,False,0,none,0
structural_corroboration,35,s5_imp_07,S5,imperative,False,0,none,0
structural_corroboration,35,s5_imp_08,S5,imperative,False,0,none,0
structural_corroboration,35,s5_imp_09,S5,imperative,False,4,none,0
structural_corroboration,35,s5_imp_10,S5,imperative,False,0,none,0
structural_corroboration,35,s5_imp_11,S5,imperative,False,0,none,0
structural_corroboration,35,s5_imp_12,S5,imperative,False,0,none,0
structural_corroboration,35,s5_imp_13,S5,imperative,False,0,none,0
structural_corroboration,35,s5_imp_14,S5,imperative,False,8,none,0
structural_corroboration,35,s5_imp_15,S5,imperative,False,0,none,0
structural_corroboration,35,s5_dec_01,S5,declarative,False,0,none,0
structural_corroboration,35,s5_dec_02,S5,declarative,False,0,none,0
structural_corroboration,35,s5_dec_03,S5,declarative,False,0,none,0
structural_corroboration,35,s5_dec_04,S5,declarative,False,0,none,0
structural_corroboration,35,s5_dec_05,S5,declarative,False,4,none,0
structural_corroboration,35,s5_dec_06,S5,declarative,False,0,none,0
structural_corroboration,35,s5_dec_07,S5,declarative,False,0,none,0
structural_corroboration,35,s5_dec_08,S5,declarative,False,0,none,0
structural_corroboration,35,s5_dec_09,S5,declarative,False,0,none,0
structural_corroboration,35,s5_dec_10,S5,declarative,False,0,none,0
structural_corroboration,35,s5_dec_11,S5,declarative,False,0,none,0
structural_corroboration,35,s5_dec_12,S5,declarative,False,0,none,0
structural_corroboration,35,s5_dec_13,S5,declarative,False,0,none,0
structural_corroboration,35,s5_dec_14,S5,declarative,False,0,none,0
structural_corroboration,35,s5_ind_01,S5,indirect,False,0,none,0
structural_corroboration,35,s5_ind_02,S5,indirect,False,0,none,0
structural_corroboration,35,s5_ind_03,S5,indirect,False,0,none,0
structural_corroboration,35,s5_ind_04,S5,indirect,False,0,none,0
structural_corroboration,35,s5_ind_05,S5,indirect,False,0,none,0
structural_corroboration,35,s5_ind_06,S5,indirect,False,0,none,0
structural_corroboration,35,s5_ind_07,S5,indirect,False,0,none,0
structural_corroboration,35,s5_ind_08,S5,indirect,False,0,none,0
structural_corroboration,35,s5_ind_09,S5,indirect,False,0,none,0
structural_corroboration,35,s5_ind_10,S5,indirect,False,0,none,0
structural_corroboration,35,s6_rp_01,S6,roleplay,False,4,none,0
structural_corroboration,35,s6_rp_02,S6,roleplay,False,4,none,0
structural_corroboration,35,s6_rp_03,S6,roleplay,False,4,none,0
structural_corroboration,35,s6_rp_04,S6,roleplay,False,0,none,0
structural_corroboration,35,s6_rp_05,S6,roleplay,False,8,none,0
structural_corroboration,35,s6_rp_06,S6,roleplay,False,0,none,0
structural_corroboration,35,s6_rp_07,S6,roleplay,False,0,none,0
structural_corroboration,35,s6_rp_08,S6,roleplay,False,0,none,0
structural_corroboration,35,s6_enc_01,S6,encoding,False,4,none,0
structural_corroboration,35,s6_enc_02,S6,encoding,False,0,none,0
structural_corroboration,35,s6_enc_03,S6,encoding,False,4,none,0
structural_corroboration,35,s6_enc_04,S6,encoding,False,4,none,0
structural_corroboration,35,safe_01,SAFE,benign,False,0,none,0
structural_corroboration,35,safe_02,SAFE,benign,False,4,none,0
structural_corroboration,35,safe_03,SAFE,benign,False,4,none,0
structural_corroboration,35,safe_04,SAFE,benign,False,4,none,0
structural_corroboration,35,safe_05,SAFE,benign,False,0,none,0
structural_corroboration,35,safe_06,SAFE,benign,False,0,none,0
structural_corroboration,35,safe_07,SAFE,benign,False,4,none,0
structural_corroboration,35,safe_08,SAFE,benign,False,0,none,0
structural_corroboration,35,safe_09,SAFE,benign,False,0,none,0
structural_corroboration,35,safe_10,SAFE,benign,False,0,none,0
structural_corroboration,35,safe_11,SAFE,benign,False,0,none,0
structural_corroboration,35,safe_12,SAFE,benign,False,4,none,0
structural_corroboration,35,safe_13,SAFE,benign,False,0,none,0
structural_corroboration,35,safe_14,SAFE,benign,False,4,none,0
structural_corroboration,35,safe_15,SAFE,benign,False,0,none,0
structural_corroboration,35,safe_16,SAFE,benign,False,0,none,0
structural_corroboration,35,safe_17,SAFE,benign,False,4,none,0
structural_corroboration,35,safe_18,SAFE,benign,False,0,none,0
structural_corroboration,35,safe_19,SAFE,benign,False,0,none,0
structural_corroboration,35,safe_20,SAFE,benign,False,0,none,0
structural_corroboration,35,hn_p_01,SAFE,legit_prompt,True,8,none,0
structural_corroboration,35,hn_p_02,SAFE,legit_prompt,True,12,none,0
structural_corroboration,35,hn_p_03,SAFE,legit_prompt,True,4,none,0
structural_corroboration,35,hn_p_04,SAFE,legit_prompt,True,8,none,0
structural_corroboration,35,hn_p_05,SAFE,legit_prompt,True,12,none,0
structural_corroboration,35,hn_p_06,SAFE,legit_prompt,True,8,none,0
structural_corroboration,35,hn_p_07,SAFE,legit_prompt,True,8,none,0
structural_corroboration,35,hn_p_08,SAFE,legit_prompt,True,12,none,0
structural_corroboration,35,hn_d_01,SAFE,security_doc,False,0,none,0
structural_corroboration,35,hn_d_02,SAFE,security_doc,False,0,none,0
structural_corroboration,35,hn_d_03,SAFE,security_doc,False,0,none,0
structural_corroboration,35,hn_d_04,SAFE,security_doc,False,4,none,0
structural_corroboration,35,hn_d_05,SAFE,security_doc,False,0,none,0
structural_corroboration,35,hn_d_06,SAFE,security_doc,False,0,none,0
structural_corroboration,35,hn_d_07,SAFE,security_doc,False,4,none,0
structural_corroboration,35,hn_d_08,SAFE,security_doc,False,0,none,0
structural_corroboration,35,hn_t_01,SAFE,benign_template,True,6,none,0
structural_corroboration,35,hn_t_02,SAFE,benign_template,True,6,none,0
structural_corroboration,35,hn_t_03,SAFE,benign_template,True,6,none,0
structural_corroboration,35,hn_t_04,SAFE,benign_template,True,14,none,0
structural_corroboration,40,s5_imp_01,S5,imperative,False,0,none,0
structural_corroboration,40,s5_imp_02,S5,imperative,False,0,none,0
structural_corroboration,40,s5_imp_03,S5,imperative,False,4,none,0
structural_corroboration,40,s5_imp_04,S5,imperative,False,0,none,0
structural_corroboration,40,s5_imp_05,S5,imperative,False,0,none,0
structural_corroboration,40,s5_imp_06,S5,imperative,False,0,none,0
structural_corroboration,40,s5_imp_07,S5,imperative,False,0,none,0
structural_corroboration,40,s5_imp_08,S5,imperative,False,0,none,0
structural_corroboration,40,s5_imp_09,S5,imperative,False,4,none,0
structural_corroboration,40,s5_imp_10,S5,imperative,False,0,none,0
structural_corroboration,40,s5_imp_11,S5,imperative,False,0,none,0
structural_corroboration,40,s5_imp_12,S5,imperative,False,0,none,0
structural_corroboration,40,s5_imp_13,S5,imperative,False,0,none,0
structural_corroboration,40,s5_imp_14,S5,imperative,False,8,none,0
structural_corroboration,40,s5_imp_15,S5,imperative,False,0,none,0
structural_corroboration,40,s5_dec_01,S5,declarative,False,0,none,0
structural_corroboration,40,s5_dec_02,S5,declarative,False,0,none,0
structural_corroboration,40,s5_dec_03,S5,declarative,False,0,none,0
structural_corroboration,40,s5_dec_04,S5,declarative,False,0,none,0
structural_corroboration,40,s5_dec_05,S5,declarative,False,4,none,0
structural_corroboration,40,s5_dec_06,S5,declarative,False,0,none,0
structural_corroboration,40,s5_dec_07,S5,declarative,False,0,none,0
structural_corroboration,40,s5_dec_08,S5,declarative,False,0,none,0
structural_corroboration,40,s5_dec_09,S5,declarative,False,0,none,0
structural_corroboration,40,s5_dec_10,S5,declarative,False,0,none,0
structural_corroboration,40,s5_dec_11,S5,declarative,False,0,none,0
structural_corroboration,40,s5_dec_12,S5,declarative,False,0,none,0
structural_corroboration,40,s5_dec_13,S5,declarative,False,0,none,0
structural_corroboration,40,s5_dec_14,S5,declarative,False,0,none,0
structural_corroboration,40,s5_ind_01,S5,indirect,False,0,none,0
structural_corroboration,40,s5_ind_02,S5,indirect,False,0,none,0
structural_corroboration,40,s5_ind_03,S5,indirect,False,0,none,0
structural_corroboration,40,s5_ind_04,S5,indirect,False,0,none,0
structural_corroboration,40,s5_ind_05,S5,indirect,False,0,none,0
structural_corroboration,40,s5_ind_06,S5,indirect,False,0,none,0
structural_corroboration,40,s5_ind_07,S5,indirect,False,0,none,0
structural_corroboration,40,s5_ind_08,S5,indirect,False,0,none,0
structural_corroboration,40,s5_ind_09,S5,indirect,False,0,none,0
structural_corroboration,40,s5_ind_10,S5,indirect,False,0,none,0
structural_corroboration,40,s6_rp_01,S6,roleplay,False,4,none,0
structural_corroboration,40,s6_rp_02,S6,roleplay,False,4,none,0
structural_corroboration,40,s6_rp_03,S6,roleplay,False,4,none,0
structural_corroboration,40,s6_rp_04,S6,roleplay,False,0,none,0
structural_corroboration,40,s6_rp_05,S6,roleplay,False,8,none,0
structural_corroboration,40,s6_rp_06,S6,roleplay,False,0,none,0
structural_corroboration,40,s6_rp_07,S6,roleplay,False,0,none,0
structural_corroboration,40,s6_rp_08,S6,roleplay,False,0,none,0
structural_corroboration,40,s6_enc_01,S6,encoding,False,4,none,0
structural_corroboration,40,s6_enc_02,S6,encoding,False,0,none,0
structural_corroboration,40,s6_enc_03,S6,encoding,False,4,none,0
structural_corroboration,40,s6_enc_04,S6,encoding,False,4,none,0
structural_corroboration,40,safe_01,SAFE,benign,False,0,none,0
structural_corroboration,40,safe_02,SAFE,benign,False,4,none,0
structural_corroboration,40,safe_03,SAFE,benign,False,4,none,0
structural_corroboration,40,safe_04,SAFE,benign,False,4,none,0
structural_corroboration,40,safe_05,SAFE,benign,False,0,none,0
structural_corroboration,40,safe_06,SAFE,benign,False,0,none,0
structural_corroboration,40,safe_07,SAFE,benign,False,4,none,0
structural_corroboration,40,safe_08,SAFE,benign,False,0,none,0
structural_corroboration,40,safe_09,SAFE,benign,False,0,none,0
structural_corroboration,40,safe_10,SAFE,benign,False,0,none,0
structural_corroboration,40,safe_11,SAFE,benign,False,0,none,0
structural_corroboration,40,safe_12,SAFE,benign,False,4,none,0
structural_corroboration,40,safe_13,SAFE,benign,False,0,none,0
structural_corroboration,40,safe_14,SAFE,benign,False,4,none,0
structural_corroboration,40,safe_15,SAFE,benign,False,0,none,0
structural_corroboration,40,safe_16,SAFE,benign,False,0,none,0
structural_corroboration,40,safe_17,SAFE,benign,False,4,none,0
structural_corroboration,40,safe_18,SAFE,benign,False,0,none,0
structural_corroboration,40,safe_19,SAFE,benign,False,0,none,0
structural_corroboration,40,safe_20,SAFE,benign,False,0,none,0
structural_corroboration,40,hn_p_01,SAFE,legit_prompt,True,8,none,0
structural_corroboration,40,hn_p_02,SAFE,legit_prompt,True,12,none,0
structural_corroboration,40,hn_p_03,SAFE,legit_prompt,True,4,none,0
structural_corroboration,40,hn_p_04,SAFE,legit_prompt,True,8,none,0
structural_corroboration,40,hn_p_05,SAFE,legit_prompt,True,12,none,0
structural_corroboration,40,hn_p_06,SAFE,legit_prompt,True,8,none,0
structural_corroboration,40,hn_p_07,SAFE,legit_prompt,True,8,none,0
structural_corroboration,40,hn_p_08,SAFE,legit_prompt,True,12,none,0
structural_corroboration,40,hn_d_01,SAFE,security_doc,False,0,none,0
structural_corroboration,40,hn_d_02,SAFE,security_doc,False,0,none,0
structural_corroboration,40,hn_d_03,SAFE,security_doc,False,0,none,0
structural_corroboration,40,hn_d_04,SAFE,security_doc,False,4,none,0
structural_corroboration,40,hn_d_05,SAFE,security_doc,False,0,none,0
structural_corroboration,40,hn_d_06,SAFE,security_doc,False,0,none,0
structural_corroboration,40,hn_d_07,SAFE,security_doc,False,4,none,0
structural_corroboration,40,hn_d_08,SAFE,security_doc,False,0,none,0
structural_corroboration,40,hn_t_01,SAFE,benign_template,True,6,none,0
structural_corroboration,40,hn_t_02,SAFE,benign_template,True,6,none,0
structural_corroboration,40,hn_t_03,SAFE,benign_template,True,6,none,0
structural_corroboration,40,hn_t_04,SAFE,benign_template,True,14,none,0
structural_corroboration,45,s5_imp_01,S5,imperative,False,0,none,0
structural_corroboration,45,s5_imp_02,S5,imperative,False,0,none,0
structural_corroboration,45,s5_imp_03,S5,imperative,False,4,none,0
structural_corroboration,45,s5_imp_04,S5,imperative,False,0,none,0
structural_corroboration,45,s5_imp_05,S5,imperative,False,0,none,0
structural_corroboration,45,s5_imp_06,S5,imperative,False,0,none,0
structural_corroboration,45,s5_imp_07,S5,imperative,False,0,none,0
structural_corroboration,45,s5_imp_08,S5,imperative,False,0,none,0
structural_corroboration,45,s5_imp_09,S5,imperative,False,4,none,0
structural_corroboration,45,s5_imp_10,S5,imperative,False,0,none,0
structural_corroboration,45,s5_imp_11,S5,imperative,False,0,none,0
structural_corroboration,45,s5_imp_12,S5,imperative,False,0,none,0
structural_corroboration,45,s5_imp_13,S5,imperative,False,0,none,0
structural_corroboration,45,s5_imp_14,S5,imperative,False,8,none,0
structural_corroboration,45,s5_imp_15,S5,imperative,False,0,none,0
structural_corroboration,45,s5_dec_01,S5,declarative,False,0,none,0
structural_corroboration,45,s5_dec_02,S5,declarative,False,0,none,0
structural_corroboration,45,s5_dec_03,S5,declarative,False,0,none,0
structural_corroboration,45,s5_dec_04,S5,declarative,False,0,none,0
structural_corroboration,45,s5_dec_05,S5,declarative,False,4,none,0
structural_corroboration,45,s5_dec_06,S5,declarative,False,0,none,0
structural_corroboration,45,s5_dec_07,S5,declarative,False,0,none,0
structural_corroboration,45,s5_dec_08,S5,declarative,False,0,none,0
structural_corroboration,45,s5_dec_09,S5,declarative,False,0,none,0
structural_corroboration,45,s5_dec_10,S5,declarative,False,0,none,0
structural_corroboration,45,s5_dec_11,S5,declarative,False,0,none,0
structural_corroboration,45,s5_dec_12,S5,declarative,False,0,none,0
structural_corroboration,45,s5_dec_13,S5,declarative,False,0,none,0
structural_corroboration,45,s5_dec_14,S5,declarative,False,0,none,0
structural_corroboration,45,s5_ind_01,S5,indirect,False,0,none,0
structural_corroboration,45,s5_ind_02,S5,indirect,False,0,none,0
structural_corroboration,45,s5_ind_03,S5,indirect,False,0,none,0
structural_corroboration,45,s5_ind_04,S5,indirect,False,0,none,0
structural_corroboration,45,s5_ind_05,S5,indirect,False,0,none,0
structural_corroboration,45,s5_ind_06,S5,indirect,False,0,none,0
structural_corroboration,45,s5_ind_07,S5,indirect,False,0,none,0
structural_corroboration,45,s5_ind_08,S5,indirect,False,0,none,0
structural_corroboration,45,s5_ind_09,S5,indirect,False,0,none,0
structural_corroboration,45,s5_ind_10,S5,indirect,False,0,none,0
structural_corroboration,45,s6_rp_01,S6,roleplay,False,4,none,0
structural_corroboration,45,s6_rp_02,S6,roleplay,False,4,none,0
structural_corroboration,45,s6_rp_03,S6,roleplay,False,4,none,0
structural_corroboration,45,s6_rp_04,S6,roleplay,False,0,none,0
structural_corroboration,45,s6_rp_05,S6,roleplay,False,8,none,0
structural_corroboration,45,s6_rp_06,S6,roleplay,False,0,none,0
structural_corroboration,45,s6_rp_07,S6,roleplay,False,0,none,0
structural_corroboration,45,s6_rp_08,S6,roleplay,False,0,none,0
structural_corroboration,45,s6_enc_01,S6,encoding,False,4,none,0
structural_corroboration,45,s6_enc_02,S6,encoding,False,0,none,0
structural_corroboration,45,s6_enc_03,S6,encoding,False,4,none,0
structural_corroboration,45,s6_enc_04,S6,encoding,False,4,none,0
structural_corroboration,45,safe_01,SAFE,benign,False,0,none,0
structural_corroboration,45,safe_02,SAFE,benign,False,4,none,0
structural_corroboration,45,safe_03,SAFE,benign,False,4,none,0
structural_corroboration,45,safe_04,SAFE,benign,False,4,none,0
structural_corroboration,45,safe_05,SAFE,benign,False,0,none,0
structural_corroboration,45,safe_06,SAFE,benign,False,0,none,0
structural_corroboration,45,safe_07,SAFE,benign,False,4,none,0
structural_corroboration,45,safe_08,SAFE,benign,False,0,none,0
structural_corroboration,45,safe_09,SAFE,benign,False,0,none,0
structural_corroboration,45,safe_10,SAFE,benign,False,0,none,0
structural_corroboration,45,safe_11,SAFE,benign,False,0,none,0
structural_corroboration,45,safe_12,SAFE,benign,False,4,none,0
structural_corroboration,45,safe_13,SAFE,benign,False,0,none,0
structural_corroboration,45,safe_14,SAFE,benign,False,4,none,0
structural_corroboration,45,safe_15,SAFE,benign,False,0,none,0
structural_corroboration,45,safe_16,SAFE,benign,False,0,none,0
structural_corroboration,45,safe_17,SAFE,benign,False,4,none,0
structural_corroboration,45,safe_18,SAFE,benign,False,0,none,0
structural_corroboration,45,safe_19,SAFE,benign,False,0,none,0
structural_corroboration,45,safe_20,SAFE,benign,False,0,none,0
structural_corroboration,45,hn_p_01,SAFE,legit_prompt,True,8,none,0
structural_corroboration,45,hn_p_02,SAFE,legit_prompt,True,12,none,0
structural_corroboration,45,hn_p_03,SAFE,legit_prompt,True,4,none,0
structural_corroboration,45,hn_p_04,SAFE,legit_prompt,True,8,none,0
structural_corroboration,45,hn_p_05,SAFE,legit_prompt,True,12,none,0
structural_corroboration,45,hn_p_06,SAFE,legit_prompt,True,8,none,0
structural_corroboration,45,hn_p_07,SAFE,legit_prompt,True,8,none,0
structural_corroboration,45,hn_p_08,SAFE,legit_prompt,True,12,none,0
structural_corroboration,45,hn_d_01,SAFE,security_doc,False,0,none,0
structural_corroboration,45,hn_d_02,SAFE,security_doc,False,0,none,0
structural_corroboration,45,hn_d_03,SAFE,security_doc,False,0,none,0
structural_corroboration,45,hn_d_04,SAFE,security_doc,False,4,none,0
structural_corroboration,45,hn_d_05,SAFE,security_doc,False,0,none,0
structural_corroboration,45,hn_d_06,SAFE,security_doc,False,0,none,0
structural_corroboration,45,hn_d_07,SAFE,security_doc,False,4,none,0
structural_corroboration,45,hn_d_08,SAFE,security_doc,False,0,none,0
structural_corroboration,45,hn_t_01,SAFE,benign_template,True,6,none,0
structural_corroboration,45,hn_t_02,SAFE,benign_template,True,6,none,0
structural_corroboration,45,hn_t_03,SAFE,benign_template,True,6,none,0
structural_corroboration,45,hn_t_04,SAFE,benign_template,True,14,none,0
structural_corroboration,50,s5_imp_01,S5,imperative,False,0,none,0
structural_corroboration,50,s5_imp_02,S5,imperative,False,0,none,0
structural_corroboration,50,s5_imp_03,S5,imperative,False,4,none,0
structural_corroboration,50,s5_imp_04,S5,imperative,False,0,none,0
structural_corroboration,50,s5_imp_05,S5,imperative,False,0,none,0
structural_corroboration,50,s5_imp_06,S5,imperative,False,0,none,0
structural_corroboration,50,s5_imp_07,S5,imperative,False,0,none,0
structural_corroboration,50,s5_imp_08,S5,imperative,False,0,none,0
structural_corroboration,50,s5_imp_09,S5,imperative,False,4,none,0
structural_corroboration,50,s5_imp_10,S5,imperative,False,0,none,0
structural_corroboration,50,s5_imp_11,S5,imperative,False,0,none,0
structural_corroboration,50,s5_imp_12,S5,imperative,False,0,none,0
structural_corroboration,50,s5_imp_13,S5,imperative,False,0,none,0
structural_corroboration,50,s5_imp_14,S5,imperative,False,8,none,0
structural_corroboration,50,s5_imp_15,S5,imperative,False,0,none,0
structural_corroboration,50,s5_dec_01,S5,declarative,False,0,none,0
structural_corroboration,50,s5_dec_02,S5,declarative,False,0,none,0
structural_corroboration,50,s5_dec_03,S5,declarative,False,0,none,0
structural_corroboration,50,s5_dec_04,S5,declarative,False,0,none,0
structural_corroboration,50,s5_dec_05,S5,declarative,False,4,none,0
structural_corroboration,50,s5_dec_06,S5,declarative,False,0,none,0
structural_corroboration,50,s5_dec_07,S5,declarative,False,0,none,0
structural_corroboration,50,s5_dec_08,S5,declarative,False,0,none,0
structural_corroboration,50,s5_dec_09,S5,declarative,False,0,none,0
structural_corroboration,50,s5_dec_10,S5,declarative,False,0,none,0
structural_corroboration,50,s5_dec_11,S5,declarative,False,0,none,0
structural_corroboration,50,s5_dec_12,S5,declarative,False,0,none,0
structural_corroboration,50,s5_dec_13,S5,declarative,False,0,none,0
structural_corroboration,50,s5_dec_14,S5,declarative,False,0,none,0
structural_corroboration,50,s5_ind_01,S5,indirect,False,0,none,0
structural_corroboration,50,s5_ind_02,S5,indirect,False,0,none,0
structural_corroboration,50,s5_ind_03,S5,indirect,False,0,none,0
structural_corroboration,50,s5_ind_04,S5,indirect,False,0,none,0
structural_corroboration,50,s5_ind_05,S5,indirect,False,0,none,0
structural_corroboration,50,s5_ind_06,S5,indirect,False,0,none,0
structural_corroboration,50,s5_ind_07,S5,indirect,False,0,none,0
structural_corroboration,50,s5_ind_08,S5,indirect,False,0,none,0
structural_corroboration,50,s5_ind_09,S5,indirect,False,0,none,0
structural_corroboration,50,s5_ind_10,S5,indirect,False,0,none,0
structural_corroboration,50,s6_rp_01,S6,roleplay,False,4,none,0
structural_corroboration,50,s6_rp_02,S6,roleplay,False,4,none,0
structural_corroboration,50,s6_rp_03,S6,roleplay,False,4,none,0
structural_corroboration,50,s6_rp_04,S6,roleplay,False,0,none,0
structural_corroboration,50,s6_rp_05,S6,roleplay,False,8,none,0
structural_corroboration,50,s6_rp_06,S6,roleplay,False,0,none,0
structural_corroboration,50,s6_rp_07,S6,roleplay,False,0,none,0
structural_corroboration,50,s6_rp_08,S6,roleplay,False,0,none,0
structural_corroboration,50,s6_enc_01,S6,encoding,False,4,none,0
structural_corroboration,50,s6_enc_02,S6,encoding,False,0,none,0
structural_corroboration,50,s6_enc_03,S6,encoding,False,4,none,0
structural_corroboration,50,s6_enc_04,S6,encoding,False,4,none,0
structural_corroboration,50,safe_01,SAFE,benign,False,0,none,0
structural_corroboration,50,safe_02,SAFE,benign,False,4,none,0
structural_corroboration,50,safe_03,SAFE,benign,False,4,none,0
structural_corroboration,50,safe_04,SAFE,benign,False,4,none,0
structural_corroboration,50,safe_05,SAFE,benign,False,0,none,0
structural_corroboration,50,safe_06,SAFE,benign,False,0,none,0
structural_corroboration,50,safe_07,SAFE,benign,False,4,none,0
structural_corroboration,50,safe_08,SAFE,benign,False,0,none,0
structural_corroboration,50,safe_09,SAFE,benign,False,0,none,0
structural_corroboration,50,safe_10,SAFE,benign,False,0,none,0
structural_corroboration,50,safe_11,SAFE,benign,False,0,none,0
structural_corroboration,50,safe_12,SAFE,benign,False,4,none,0
structural_corroboration,50,safe_13,SAFE,benign,False,0,none,0
structural_corroboration,50,safe_14,SAFE,benign,False,4,none,0
structural_corroboration,50,safe_15,SAFE,benign,False,0,none,0
structural_corroboration,50,safe_16,SAFE,benign,False,0,none,0
structural_corroboration,50,safe_17,SAFE,benign,False,4,none,0
structural_corroboration,50,safe_18,SAFE,benign,False,0,none,0
structural_corroboration,50,safe_19,SAFE,benign,False,0,none,0
structural_corroboration,50,safe_20,SAFE,benign,False,0,none,0
structural_corroboration,50,hn_p_01,SAFE,legit_prompt,True,8,none,0
structural_corroboration,50,hn_p_02,SAFE,legit_prompt,True,12,none,0
structural_corroboration,50,hn_p_03,SAFE,legit_prompt,True,4,none,0
structural_corroboration,50,hn_p_04,SAFE,legit_prompt,True,8,none,0
structural_corroboration,50,hn_p_05,SAFE,legit_prompt,True,12,none,0
structural_corroboration,50,hn_p_06,SAFE,legit_prompt,True,8,none,0
structural_corroboration,50,hn_p_07,SAFE,legit_prompt,True,8,none,0
structural_corroboration,50,hn_p_08,SAFE,legit_prompt,True,12,none,0
structural_corroboration,50,hn_d_01,SAFE,security_doc,False,0,none,0
structural_corroboration,50,hn_d_02,SAFE,security_doc,False,0,none,0
structural_corroboration,50,hn_d_03,SAFE,security_doc,False,0,none,0
structural_corroboration,50,hn_d_04,SAFE,security_doc,False,4,none,0
structural_corroboration,50,hn_d_05,SAFE,security_doc,False,0,none,0
structural_corroboration,50,hn_d_06,SAFE,security_doc,False,0,none,0
structural_corroboration,50,hn_d_07,SAFE,security_doc,False,4,none,0
structural_corroboration,50,hn_d_08,SAFE,security_doc,False,0,none,0
structural_corroboration,50,hn_t_01,SAFE,benign_template,True,6,none,0
structural_corroboration,50,hn_t_02,SAFE,benign_template,True,6,none,0
structural_corroboration,50,hn_t_03,SAFE,benign_template,True,6,none,0
structural_corroboration,50,hn_t_04,SAFE,benign_template,True,14,none,0
structural_corroboration,60,s5_imp_01,S5,imperative,False,0,none,0
structural_corroboration,60,s5_imp_02,S5,imperative,False,0,none,0
structural_corroboration,60,s5_imp_03,S5,imperative,False,4,none,0
structural_corroboration,60,s5_imp_04,S5,imperative,False,0,none,0
structural_corroboration,60,s5_imp_05,S5,imperative,False,0,none,0
structural_corroboration,60,s5_imp_06,S5,imperative,False,0,none,0
structural_corroboration,60,s5_imp_07,S5,imperative,False,0,none,0
structural_corroboration,60,s5_imp_08,S5,imperative,False,0,none,0
structural_corroboration,60,s5_imp_09,S5,imperative,False,4,none,0
structural_corroboration,60,s5_imp_10,S5,imperative,False,0,none,0
structural_corroboration,60,s5_imp_11,S5,imperative,False,0,none,0
structural_corroboration,60,s5_imp_12,S5,imperative,False,0,none,0
structural_corroboration,60,s5_imp_13,S5,imperative,False,0,none,0
structural_corroboration,60,s5_imp_14,S5,imperative,False,8,none,0
structural_corroboration,60,s5_imp_15,S5,imperative,False,0,none,0
structural_corroboration,60,s5_dec_01,S5,declarative,False,0,none,0
structural_corroboration,60,s5_dec_02,S5,declarative,False,0,none,0
structural_corroboration,60,s5_dec_03,S5,declarative,False,0,none,0
structural_corroboration,60,s5_dec_04,S5,declarative,False,0,none,0
structural_corroboration,60,s5_dec_05,S5,declarative,False,4,none,0
structural_corroboration,60,s5_dec_06,S5,declarative,False,0,none,0
structural_corroboration,60,s5_dec_07,S5,declarative,False,0,none,0
structural_corroboration,60,s5_dec_08,S5,declarative,False,0,none,0
structural_corroboration,60,s5_dec_09,S5,declarative,False,0,none,0
structural_corroboration,60,s5_dec_10,S5,declarative,False,0,none,0
structural_corroboration,60,s5_dec_11,S5,declarative,False,0,none,0
structural_corroboration,60,s5_dec_12,S5,declarative,False,0,none,0
structural_corroboration,60,s5_dec_13,S5,declarative,False,0,none,0
structural_corroboration,60,s5_dec_14,S5,declarative,False,0,none,0
structural_corroboration,60,s5_ind_01,S5,indirect,False,0,none,0
structural_corroboration,60,s5_ind_02,S5,indirect,False,0,none,0
structural_corroboration,60,s5_ind_03,S5,indirect,False,0,none,0
structural_corroboration,60,s5_ind_04,S5,indirect,False,0,none,0
structural_corroboration,60,s5_ind_05,S5,indirect,False,0,none,0
structural_corroboration,60,s5_ind_06,S5,indirect,False,0,none,0
structural_corroboration,60,s5_ind_07,S5,indirect,False,0,none,0
structural_corroboration,60,s5_ind_08,S5,indirect,False,0,none,0
structural_corroboration,60,s5_ind_09,S5,indirect,False,0,none,0
structural_corroboration,60,s5_ind_10,S5,indirect,False,0,none,0
structural_corroboration,60,s6_rp_01,S6,roleplay,False,4,none,0
structural_corroboration,60,s6_rp_02,S6,roleplay,False,4,none,0
structural_corroboration,60,s6_rp_03,S6,roleplay,False,4,none,0
structural_corroboration,60,s6_rp_04,S6,roleplay,False,0,none,0
structural_corroboration,60,s6_rp_05,S6,roleplay,False,8,none,0
structural_corroboration,60,s6_rp_06,S6,roleplay,False,0,none,0
structural_corroboration,60,s6_rp_07,S6,roleplay,False,0,none,0
structural_corroboration,60,s6_rp_08,S6,roleplay,False,0,none,0
structural_corroboration,60,s6_enc_01,S6,encoding,False,4,none,0
structural_corroboration,60,s6_enc_02,S6,encoding,False,0,none,0
structural_corroboration,60,s6_enc_03,S6,encoding,False,4,none,0
structural_corroboration,60,s6_enc_04,S6,encoding,False,4,none,0
structural_corroboration,60,safe_01,SAFE,benign,False,0,none,0
structural_corroboration,60,safe_02,SAFE,benign,False,4,none,0
structural_corroboration,60,safe_03,SAFE,benign,False,4,none,0
structural_corroboration,60,safe_04,SAFE,benign,False,4,none,0
structural_corroboration,60,safe_05,SAFE,benign,False,0,none,0
structural_corroboration,60,safe_06,SAFE,benign,False,0,none,0
structural_corroboration,60,safe_07,SAFE,benign,False,4,none,0
structural_corroboration,60,safe_08,SAFE,benign,False,0,none,0
structural_corroboration,60,safe_09,SAFE,benign,False,0,none,0
structural_corroboration,60,safe_10,SAFE,benign,False,0,none,0
structural_corroboration,60,safe_11,SAFE,benign,False,0,none,0
structural_corroboration,60,safe_12,SAFE,benign,False,4,none,0
structural_corroboration,60,safe_13,SAFE,benign,False,0,none,0
structural_corroboration,60,safe_14,SAFE,benign,False,4,none,0
structural_corroboration,60,safe_15,SAFE,benign,False,0,none,0
structural_corroboration,60,safe_16,SAFE,benign,False,0,none,0
structural_corroboration,60,safe_17,SAFE,benign,False,4,none,0
structural_corroboration,60,safe_18,SAFE,benign,False,0,none,0
structural_corroboration,60,safe_19,SAFE,benign,False,0,none,0
structural_corroboration,60,safe_20,SAFE,benign,False,0,none,0
structural_corroboration,60,hn_p_01,SAFE,legit_prompt,True,8,none,0
structural_corroboration,60,hn_p_02,SAFE,legit_prompt,True,12,none,0
structural_corroboration,60,hn_p_03,SAFE,legit_prompt,True,4,none,0
structural_corroboration,60,hn_p_04,SAFE,legit_prompt,True,8,none,0
structural_corroboration,60,hn_p_05,SAFE,legit_prompt,True,12,none,0
structural_corroboration,60,hn_p_06,SAFE,legit_prompt,True,8,none,0
structural_corroboration,60,hn_p_07,SAFE,legit_prompt,True,8,none,0
structural_corroboration,60,hn_p_08,SAFE,legit_prompt,True,12,none,0
structural_corroboration,60,hn_d_01,SAFE,security_doc,False,0,none,0
structural_corroboration,60,hn_d_02,SAFE,security_doc,False,0,none,0
structural_corroboration,60,hn_d_03,SAFE,security_doc,False,0,none,0
structural_corroboration,60,hn_d_04,SAFE,security_doc,False,4,none,0
structural_corroboration,60,hn_d_05,SAFE,security_doc,False,0,none,0
structural_corroboration,60,hn_d_06,SAFE,security_doc,False,0,none,0
structural_corroboration,60,hn_d_07,SAFE,security_doc,False,4,none,0
structural_corroboration,60,hn_d_08,SAFE,security_doc,False,0,none,0
structural_corroboration,60,hn_t_01,SAFE,benign_template,True,6,none,0
structural_corroboration,60,hn_t_02,SAFE,benign_template,True,6,none,0
structural_corroboration,60,hn_t_03,SAFE,benign_template,True,6,none,0
structural_corroboration,60,hn_t_04,SAFE,benign_template,True,14,none,0
structural_corroboration,70,s5_imp_01,S5,imperative,False,0,none,0
structural_corroboration,70,s5_imp_02,S5,imperative,False,0,none,0
structural_corroboration,70,s5_imp_03,S5,imperative,False,4,none,0
structural_corroboration,70,s5_imp_04,S5,imperative,False,0,none,0
structural_corroboration,70,s5_imp_05,S5,imperative,False,0,none,0
structural_corroboration,70,s5_imp_06,S5,imperative,False,0,none,0
structural_corroboration,70,s5_imp_07,S5,imperative,False,0,none,0
structural_corroboration,70,s5_imp_08,S5,imperative,False,0,none,0
structural_corroboration,70,s5_imp_09,S5,imperative,False,4,none,0
structural_corroboration,70,s5_imp_10,S5,imperative,False,0,none,0
structural_corroboration,70,s5_imp_11,S5,imperative,False,0,none,0
structural_corroboration,70,s5_imp_12,S5,imperative,False,0,none,0
structural_corroboration,70,s5_imp_13,S5,imperative,False,0,none,0
structural_corroboration,70,s5_imp_14,S5,imperative,False,8,none,0
structural_corroboration,70,s5_imp_15,S5,imperative,False,0,none,0
structural_corroboration,70,s5_dec_01,S5,declarative,False,0,none,0
structural_corroboration,70,s5_dec_02,S5,declarative,False,0,none,0
structural_corroboration,70,s5_dec_03,S5,declarative,False,0,none,0
structural_corroboration,70,s5_dec_04,S5,declarative,False,0,none,0
structural_corroboration,70,s5_dec_05,S5,declarative,False,4,none,0
structural_corroboration,70,s5_dec_06,S5,declarative,False,0,none,0
structural_corroboration,70,s5_dec_07,S5,declarative,False,0,none,0
structural_corroboration,70,s5_dec_08,S5,declarative,False,0,none,0
structural_corroboration,70,s5_dec_09,S5,declarative,False,0,none,0
structural_corroboration,70,s5_dec_10,S5,declarative,False,0,none,0
structural_corroboration,70,s5_dec_11,S5,declarative,False,0,none,0
structural_corroboration,70,s5_dec_12,S5,declarative,False,0,none,0
structural_corroboration,70,s5_dec_13,S5,declarative,False,0,none,0
structural_corroboration,70,s5_dec_14,S5,declarative,False,0,none,0
structural_corroboration,70,s5_ind_01,S5,indirect,False,0,none,0
structural_corroboration,70,s5_ind_02,S5,indirect,False,0,none,0
structural_corroboration,70,s5_ind_03,S5,indirect,False,0,none,0
structural_corroboration,70,s5_ind_04,S5,indirect,False,0,none,0
structural_corroboration,70,s5_ind_05,S5,indirect,False,0,none,0
structural_corroboration,70,s5_ind_06,S5,indirect,False,0,none,0
structural_corroboration,70,s5_ind_07,S5,indirect,False,0,none,0
structural_corroboration,70,s5_ind_08,S5,indirect,False,0,none,0
structural_corroboration,70,s5_ind_09,S5,indirect,False,0,none,0
structural_corroboration,70,s5_ind_10,S5,indirect,False,0,none,0
structural_corroboration,70,s6_rp_01,S6,roleplay,False,4,none,0
structural_corroboration,70,s6_rp_02,S6,roleplay,False,4,none,0
structural_corroboration,70,s6_rp_03,S6,roleplay,False,4,none,0
structural_corroboration,70,s6_rp_04,S6,roleplay,False,0,none,0
structural_corroboration,70,s6_rp_05,S6,roleplay,False,8,none,0
structural_corroboration,70,s6_rp_06,S6,roleplay,False,0,none,0
structural_corroboration,70,s6_rp_07,S6,roleplay,False,0,none,0
structural_corroboration,70,s6_rp_08,S6,roleplay,False,0,none,0
structural_corroboration,70,s6_enc_01,S6,encoding,False,4,none,0
structural_corroboration,70,s6_enc_02,S6,encoding,False,0,none,0
structural_corroboration,70,s6_enc_03,S6,encoding,False,4,none,0
structural_corroboration,70,s6_enc_04,S6,encoding,False,4,none,0
structural_corroboration,70,safe_01,SAFE,benign,False,0,none,0
structural_corroboration,70,safe_02,SAFE,benign,False,4,none,0
structural_corroboration,70,safe_03,SAFE,benign,False,4,none,0
structural_corroboration,70,safe_04,SAFE,benign,False,4,none,0
structural_corroboration,70,safe_05,SAFE,benign,False,0,none,0
structural_corroboration,70,safe_06,SAFE,benign,False,0,none,0
structural_corroboration,70,safe_07,SAFE,benign,False,4,none,0
structural_corroboration,70,safe_08,SAFE,benign,False,0,none,0
structural_corroboration,70,safe_09,SAFE,benign,False,0,none,0
structural_corroboration,70,safe_10,SAFE,benign,False,0,none,0
structural_corroboration,70,safe_11,SAFE,benign,False,0,none,0
structural_corroboration,70,safe_12,SAFE,benign,False,4,none,0
structural_corroboration,70,safe_13,SAFE,benign,False,0,none,0
structural_corroboration,70,safe_14,SAFE,benign,False,4,none,0
structural_corroboration,70,safe_15,SAFE,benign,False,0,none,0
structural_corroboration,70,safe_16,SAFE,benign,False,0,none,0
structural_corroboration,70,safe_17,SAFE,benign,False,4,none,0
structural_corroboration,70,safe_18,SAFE,benign,False,0,none,0
structural_corroboration,70,safe_19,SAFE,benign,False,0,none,0
structural_corroboration,70,safe_20,SAFE,benign,False,0,none,0
structural_corroboration,70,hn_p_01,SAFE,legit_prompt,True,8,none,0
structural_corroboration,70,hn_p_02,SAFE,legit_prompt,True,12,none,0
structural_corroboration,70,hn_p_03,SAFE,legit_prompt,True,4,none,0
structural_corroboration,70,hn_p_04,SAFE,legit_prompt,True,8,none,0
structural_corroboration,70,hn_p_05,SAFE,legit_prompt,True,12,none,0
structural_corroboration,70,hn_p_06,SAFE,legit_prompt,True,8,none,0
structural_corroboration,70,hn_p_07,SAFE,legit_prompt,True,8,none,0
structural_corroboration,70,hn_p_08,SAFE,legit_prompt,True,12,none,0
structural_corroboration,70,hn_d_01,SAFE,security_doc,False,0,none,0
structural_corroboration,70,hn_d_02,SAFE,security_doc,False,0,none,0
structural_corroboration,70,hn_d_03,SAFE,security_doc,False,0,none,0
structural_corroboration,70,hn_d_04,SAFE,security_doc,False,4,none,0
structural_corroboration,70,hn_d_05,SAFE,security_doc,False,0,none,0
structural_corroboration,70,hn_d_06,SAFE,security_doc,False,0,none,0
structural_corroboration,70,hn_d_07,SAFE,security_doc,False,4,none,0
structural_corroboration,70,hn_d_08,SAFE,security_doc,False,0,none,0
structural_corroboration,70,hn_t_01,SAFE,benign_template,True,6,none,0
structural_corroboration,70,hn_t_02,SAFE,benign_template,True,6,none,0
structural_corroboration,70,hn_t_03,SAFE,benign_template,True,6,none,0
structural_corroboration,70,hn_t_04,SAFE,benign_template,True,14,none,0
structural_corroboration,80,s5_imp_01,S5,imperative,False,0,none,0
structural_corroboration,80,s5_imp_02,S5,imperative,False,0,none,0
structural_corroboration,80,s5_imp_03,S5,imperative,False,4,none,0
structural_corroboration,80,s5_imp_04,S5,imperative,False,0,none,0
structural_corroboration,80,s5_imp_05,S5,imperative,False,0,none,0
structural_corroboration,80,s5_imp_06,S5,imperative,False,0,none,0
structural_corroboration,80,s5_imp_07,S5,imperative,False,0,none,0
structural_corroboration,80,s5_imp_08,S5,imperative,False,0,none,0
structural_corroboration,80,s5_imp_09,S5,imperative,False,4,none,0
structural_corroboration,80,s5_imp_10,S5,imperative,False,0,none,0
structural_corroboration,80,s5_imp_11,S5,imperative,False,0,none,0
structural_corroboration,80,s5_imp_12,S5,imperative,False,0,none,0
structural_corroboration,80,s5_imp_13,S5,imperative,False,0,none,0
structural_corroboration,80,s5_imp_14,S5,imperative,False,8,none,0
structural_corroboration,80,s5_imp_15,S5,imperative,False,0,none,0
structural_corroboration,80,s5_dec_01,S5,declarative,False,0,none,0
structural_corroboration,80,s5_dec_02,S5,declarative,False,0,none,0
structural_corroboration,80,s5_dec_03,S5,declarative,False,0,none,0
structural_corroboration,80,s5_dec_04,S5,declarative,False,0,none,0
structural_corroboration,80,s5_dec_05,S5,declarative,False,4,none,0
structural_corroboration,80,s5_dec_06,S5,declarative,False,0,none,0
structural_corroboration,80,s5_dec_07,S5,declarative,False,0,none,0
structural_corroboration,80,s5_dec_08,S5,declarative,False,0,none,0
structural_corroboration,80,s5_dec_09,S5,declarative,False,0,none,0
structural_corroboration,80,s5_dec_10,S5,declarative,False,0,none,0
structural_corroboration,80,s5_dec_11,S5,declarative,False,0,none,0
structural_corroboration,80,s5_dec_12,S5,declarative,False,0,none,0
structural_corroboration,80,s5_dec_13,S5,declarative,False,0,none,0
structural_corroboration,80,s5_dec_14,S5,declarative,False,0,none,0
structural_corroboration,80,s5_ind_01,S5,indirect,False,0,none,0
structural_corroboration,80,s5_ind_02,S5,indirect,False,0,none,0
structural_corroboration,80,s5_ind_03,S5,indirect,False,0,none,0
structural_corroboration,80,s5_ind_04,S5,indirect,False,0,none,0
structural_corroboration,80,s5_ind_05,S5,indirect,False,0,none,0
structural_corroboration,80,s5_ind_06,S5,indirect,False,0,none,0
structural_corroboration,80,s5_ind_07,S5,indirect,False,0,none,0
structural_corroboration,80,s5_ind_08,S5,indirect,False,0,none,0
structural_corroboration,80,s5_ind_09,S5,indirect,False,0,none,0
structural_corroboration,80,s5_ind_10,S5,indirect,False,0,none,0
structural_corroboration,80,s6_rp_01,S6,roleplay,False,4,none,0
structural_corroboration,80,s6_rp_02,S6,roleplay,False,4,none,0
structural_corroboration,80,s6_rp_03,S6,roleplay,False,4,none,0
structural_corroboration,80,s6_rp_04,S6,roleplay,False,0,none,0
structural_corroboration,80,s6_rp_05,S6,roleplay,False,8,none,0
structural_corroboration,80,s6_rp_06,S6,roleplay,False,0,none,0
structural_corroboration,80,s6_rp_07,S6,roleplay,False,0,none,0
structural_corroboration,80,s6_rp_08,S6,roleplay,False,0,none,0
structural_corroboration,80,s6_enc_01,S6,encoding,False,4,none,0
structural_corroboration,80,s6_enc_02,S6,encoding,False,0,none,0
structural_corroboration,80,s6_enc_03,S6,encoding,False,4,none,0
structural_corroboration,80,s6_enc_04,S6,encoding,False,4,none,0
structural_corroboration,80,safe_01,SAFE,benign,False,0,none,0
structural_corroboration,80,safe_02,SAFE,benign,False,4,none,0
structural_corroboration,80,safe_03,SAFE,benign,False,4,none,0
structural_corroboration,80,safe_04,SAFE,benign,False,4,none,0
structural_corroboration,80,safe_05,SAFE,benign,False,0,none,0
structural_corroboration,80,safe_06,SAFE,benign,False,0,none,0
structural_corroboration,80,safe_07,SAFE,benign,False,4,none,0
structural_corroboration,80,safe_08,SAFE,benign,False,0,none,0
structural_corroboration,80,safe_09,SAFE,benign,False,0,none,0
structural_corroboration,80,safe_10,SAFE,benign,False,0,none,0
structural_corroboration,80,safe_11,SAFE,benign,False,0,none,0
structural_corroboration,80,safe_12,SAFE,benign,False,4,none,0
structural_corroboration,80,safe_13,SAFE,benign,False,0,none,0
structural_corroboration,80,safe_14,SAFE,benign,False,4,none,0
structural_corroboration,80,safe_15,SAFE,benign,False,0,none,0
structural_corroboration,80,safe_16,SAFE,benign,False,0,none,0
structural_corroboration,80,safe_17,SAFE,benign,False,4,none,0
structural_corroboration,80,safe_18,SAFE,benign,False,0,none,0
structural_corroboration,80,safe_19,SAFE,benign,False,0,none,0
structural_corroboration,80,safe_20,SAFE,benign,False,0,none,0
structural_corroboration,80,hn_p_01,SAFE,legit_prompt,True,8,none,0
structural_corroboration,80,hn_p_02,SAFE,legit_prompt,True,12,none,0
structural_corroboration,80,hn_p_03,SAFE,legit_prompt,True,4,none,0
structural_corroboration,80,hn_p_04,SAFE,legit_prompt,True,8,none,0
structural_corroboration,80,hn_p_05,SAFE,legit_prompt,True,12,none,0
structural_corroboration,80,hn_p_06,SAFE,legit_prompt,True,8,none,0
structural_corroboration,80,hn_p_07,SAFE,legit_prompt,True,8,none,0
structural_corroboration,80,hn_p_08,SAFE,legit_prompt,True,12,none,0
structural_corroboration,80,hn_d_01,SAFE,security_doc,False,0,none,0
structural_corroboration,80,hn_d_02,SAFE,security_doc,False,0,none,0
structural_corroboration,80,hn_d_03,SAFE,security_doc,False,0,none,0
structural_corroboration,80,hn_d_04,SAFE,security_doc,False,4,none,0
structural_corroboration,80,hn_d_05,SAFE,security_doc,False,0,none,0
structural_corroboration,80,hn_d_06,SAFE,security_doc,False,0,none,0
structural_corroboration,80,hn_d_07,SAFE,security_doc,False,4,none,0
structural_corroboration,80,hn_d_08,SAFE,security_doc,False,0,none,0
structural_corroboration,80,hn_t_01,SAFE,benign_template,True,6,none,0
structural_corroboration,80,hn_t_02,SAFE,benign_template,True,6,none,0
structural_corroboration,80,hn_t_03,SAFE,benign_template,True,6,none,0
structural_corroboration,80,hn_t_04,SAFE,benign_template,True,14,none,0
structural_corroboration,90,s5_imp_01,S5,imperative,False,0,none,0
structural_corroboration,90,s5_imp_02,S5,imperative,False,0,none,0
structural_corroboration,90,s5_imp_03,S5,imperative,False,4,none,0
structural_corroboration,90,s5_imp_04,S5,imperative,False,0,none,0
structural_corroboration,90,s5_imp_05,S5,imperative,False,0,none,0
structural_corroboration,90,s5_imp_06,S5,imperative,False,0,none,0
structural_corroboration,90,s5_imp_07,S5,imperative,False,0,none,0
structural_corroboration,90,s5_imp_08,S5,imperative,False,0,none,0
structural_corroboration,90,s5_imp_09,S5,imperative,False,4,none,0
structural_corroboration,90,s5_imp_10,S5,imperative,False,0,none,0
structural_corroboration,90,s5_imp_11,S5,imperative,False,0,none,0
structural_corroboration,90,s5_imp_12,S5,imperative,False,0,none,0
structural_corroboration,90,s5_imp_13,S5,imperative,False,0,none,0
structural_corroboration,90,s5_imp_14,S5,imperative,False,8,none,0
structural_corroboration,90,s5_imp_15,S5,imperative,False,0,none,0
structural_corroboration,90,s5_dec_01,S5,declarative,False,0,none,0
structural_corroboration,90,s5_dec_02,S5,declarative,False,0,none,0
structural_corroboration,90,s5_dec_03,S5,declarative,False,0,none,0
structural_corroboration,90,s5_dec_04,S5,declarative,False,0,none,0
structural_corroboration,90,s5_dec_05,S5,declarative,False,4,none,0
structural_corroboration,90,s5_dec_06,S5,declarative,False,0,none,0
structural_corroboration,90,s5_dec_07,S5,declarative,False,0,none,0
structural_corroboration,90,s5_dec_08,S5,declarative,False,0,none,0
structural_corroboration,90,s5_dec_09,S5,declarative,False,0,none,0
structural_corroboration,90,s5_dec_10,S5,declarative,False,0,none,0
structural_corroboration,90,s5_dec_11,S5,declarative,False,0,none,0
structural_corroboration,90,s5_dec_12,S5,declarative,False,0,none,0
structural_corroboration,90,s5_dec_13,S5,declarative,False,0,none,0
structural_corroboration,90,s5_dec_14,S5,declarative,False,0,none,0
structural_corroboration,90,s5_ind_01,S5,indirect,False,0,none,0
structural_corroboration,90,s5_ind_02,S5,indirect,False,0,none,0
structural_corroboration,90,s5_ind_03,S5,indirect,False,0,none,0
structural_corroboration,90,s5_ind_04,S5,indirect,False,0,none,0
structural_corroboration,90,s5_ind_05,S5,indirect,False,0,none,0
structural_corroboration,90,s5_ind_06,S5,indirect,False,0,none,0
structural_corroboration,90,s5_ind_07,S5,indirect,False,0,none,0
structural_corroboration,90,s5_ind_08,S5,indirect,False,0,none,0
structural_corroboration,90,s5_ind_09,S5,indirect,False,0,none,0
structural_corroboration,90,s5_ind_10,S5,indirect,False,0,none,0
structural_corroboration,90,s6_rp_01,S6,roleplay,False,4,none,0
structural_corroboration,90,s6_rp_02,S6,roleplay,False,4,none,0
structural_corroboration,90,s6_rp_03,S6,roleplay,False,4,none,0
structural_corroboration,90,s6_rp_04,S6,roleplay,False,0,none,0
structural_corroboration,90,s6_rp_05,S6,roleplay,False,8,none,0
structural_corroboration,90,s6_rp_06,S6,roleplay,False,0,none,0
structural_corroboration,90,s6_rp_07,S6,roleplay,False,0,none,0
structural_corroboration,90,s6_rp_08,S6,roleplay,False,0,none,0
structural_corroboration,90,s6_enc_01,S6,encoding,False,4,none,0
structural_corroboration,90,s6_enc_02,S6,encoding,False,0,none,0
structural_corroboration,90,s6_enc_03,S6,encoding,False,4,none,0
structural_corroboration,90,s6_enc_04,S6,encoding,False,4,none,0
structural_corroboration,90,safe_01,SAFE,benign,False,0,none,0
structural_corroboration,90,safe_02,SAFE,benign,False,4,none,0
structural_corroboration,90,safe_03,SAFE,benign,False,4,none,0
structural_corroboration,90,safe_04,SAFE,benign,False,4,none,0
structural_corroboration,90,safe_05,SAFE,benign,False,0,none,0
structural_corroboration,90,safe_06,SAFE,benign,False,0,none,0
structural_corroboration,90,safe_07,SAFE,benign,False,4,none,0
structural_corroboration,90,safe_08,SAFE,benign,False,0,none,0
structural_corroboration,90,safe_09,SAFE,benign,False,0,none,0
structural_corroboration,90,safe_10,SAFE,benign,False,0,none,0
structural_corroboration,90,safe_11,SAFE,benign,False,0,none,0
structural_corroboration,90,safe_12,SAFE,benign,False,4,none,0
structural_corroboration,90,safe_13,SAFE,benign,False,0,none,0
structural_corroboration,90,safe_14,SAFE,benign,False,4,none,0
structural_corroboration,90,safe_15,SAFE,benign,False,0,none,0
structural_corroboration,90,safe_16,SAFE,benign,False,0,none,0
structural_corroboration,90,safe_17,SAFE,benign,False,4,none,0
structural_corroboration,90,safe_18,SAFE,benign,False,0,none,0
structural_corroboration,90,safe_19,SAFE,benign,False,0,none,0
structural_corroboration,90,safe_20,SAFE,benign,False,0,none,0
structural_corroboration,90,hn_p_01,SAFE,legit_prompt,True,8,none,0
structural_corroboration,90,hn_p_02,SAFE,legit_prompt,True,12,none,0
structural_corroboration,90,hn_p_03,SAFE,legit_prompt,True,4,none,0
structural_corroboration,90,hn_p_04,SAFE,legit_prompt,True,8,none,0
structural_corroboration,90,hn_p_05,SAFE,legit_prompt,True,12,none,0
structural_corroboration,90,hn_p_06,SAFE,legit_prompt,True,8,none,0
structural_corroboration,90,hn_p_07,SAFE,legit_prompt,True,8,none,0
structural_corroboration,90,hn_p_08,SAFE,legit_prompt,True,12,none,0
structural_corroboration,90,hn_d_01,SAFE,security_doc,False,0,none,0
structural_corroboration,90,hn_d_02,SAFE,security_doc,False,0,none,0
structural_corroboration,90,hn_d_03,SAFE,security_doc,False,0,none,0
structural_corroboration,90,hn_d_04,SAFE,security_doc,False,4,none,0
structural_corroboration,90,hn_d_05,SAFE,security_doc,False,0,none,0
structural_corroboration,90,hn_d_06,SAFE,security_doc,False,0,none,0
structural_corroboration,90,hn_d_07,SAFE,security_doc,False,4,none,0
structural_corroboration,90,hn_d_08,SAFE,security_doc,False,0,none,0
structural_corroboration,90,hn_t_01,SAFE,benign_template,True,6,none,0
structural_corroboration,90,hn_t_02,SAFE,benign_template,True,6,none,0
structural_corroboration,90,hn_t_03,SAFE,benign_template,True,6,none,0
structural_corroboration,90,hn_t_04,SAFE,benign_template,True,14,none,0
structural_corroboration,100,s5_imp_01,S5,imperative,False,0,none,0
structural_corroboration,100,s5_imp_02,S5,imperative,False,0,none,0
structural_corroboration,100,s5_imp_03,S5,imperative,False,4,none,0
structural_corroboration,100,s5_imp_04,S5,imperative,False,0,none,0
structural_corroboration,100,s5_imp_05,S5,imperative,False,0,none,0
structural_corroboration,100,s5_imp_06,S5,imperative,False,0,none,0
structural_corroboration,100,s5_imp_07,S5,imperative,False,0,none,0
structural_corroboration,100,s5_imp_08,S5,imperative,False,0,none,0
structural_corroboration,100,s5_imp_09,S5,imperative,False,4,none,0
structural_corroboration,100,s5_imp_10,S5,imperative,False,0,none,0
structural_corroboration,100,s5_imp_11,S5,imperative,False,0,none,0
structural_corroboration,100,s5_imp_12,S5,imperative,False,0,none,0
structural_corroboration,100,s5_imp_13,S5,imperative,False,0,none,0
structural_corroboration,100,s5_imp_14,S5,imperative,False,8,none,0
structural_corroboration,100,s5_imp_15,S5,imperative,False,0,none,0
structural_corroboration,100,s5_dec_01,S5,declarative,False,0,none,0
structural_corroboration,100,s5_dec_02,S5,declarative,False,0,none,0
structural_corroboration,100,s5_dec_03,S5,declarative,False,0,none,0
structural_corroboration,100,s5_dec_04,S5,declarative,False,0,none,0
structural_corroboration,100,s5_dec_05,S5,declarative,False,4,none,0
structural_corroboration,100,s5_dec_06,S5,declarative,False,0,none,0
structural_corroboration,100,s5_dec_07,S5,declarative,False,0,none,0
structural_corroboration,100,s5_dec_08,S5,declarative,False,0,none,0
structural_corroboration,100,s5_dec_09,S5,declarative,False,0,none,0
structural_corroboration,100,s5_dec_10,S5,declarative,False,0,none,0
structural_corroboration,100,s5_dec_11,S5,declarative,False,0,none,0
structural_corroboration,100,s5_dec_12,S5,declarative,False,0,none,0
structural_corroboration,100,s5_dec_13,S5,declarative,False,0,none,0
structural_corroboration,100,s5_dec_14,S5,declarative,False,0,none,0
structural_corroboration,100,s5_ind_01,S5,indirect,False,0,none,0
structural_corroboration,100,s5_ind_02,S5,indirect,False,0,none,0
structural_corroboration,100,s5_ind_03,S5,indirect,False,0,none,0
structural_corroboration,100,s5_ind_04,S5,indirect,False,0,none,0
structural_corroboration,100,s5_ind_05,S5,indirect,False,0,none,0
structural_corroboration,100,s5_ind_06,S5,indirect,False,0,none,0
structural_corroboration,100,s5_ind_07,S5,indirect,False,0,none,0
structural_corroboration,100,s5_ind_08,S5,indirect,False,0,none,0
structural_corroboration,100,s5_ind_09,S5,indirect,False,0,none,0
structural_corroboration,100,s5_ind_10,S5,indirect,False,0,none,0
structural_corroboration,100,s6_rp_01,S6,roleplay,False,4,none,0
structural_corroboration,100,s6_rp_02,S6,roleplay,False,4,none,0
structural_corroboration,100,s6_rp_03,S6,roleplay,False,4,none,0
structural_corroboration,100,s6_rp_04,S6,roleplay,False,0,none,0
structural_corroboration,100,s6_rp_05,S6,roleplay,False,8,none,0
structural_corroboration,100,s6_rp_06,S6,roleplay,False,0,none,0
structural_corroboration,100,s6_rp_07,S6,roleplay,False,0,none,0
structural_corroboration,100,s6_rp_08,S6,roleplay,False,0,none,0
structural_corroboration,100,s6_enc_01,S6,encoding,False,4,none,0
structural_corroboration,100,s6_enc_02,S6,encoding,False,0,none,0
structural_corroboration,100,s6_enc_03,S6,encoding,False,4,none,0
structural_corroboration,100,s6_enc_04,S6,encoding,False,4,none,0
structural_corroboration,100,safe_01,SAFE,benign,False,0,none,0
structural_corroboration,100,safe_02,SAFE,benign,False,4,none,0
structural_corroboration,100,safe_03,SAFE,benign,False,4,none,0
structural_corroboration,100,safe_04,SAFE,benign,False,4,none,0
structural_corroboration,100,safe_05,SAFE,benign,False,0,none,0
structural_corroboration,100,safe_06,SAFE,benign,False,0,none,0
structural_corroboration,100,safe_07,SAFE,benign,False,4,none,0
structural_corroboration,100,safe_08,SAFE,benign,False,0,none,0
structural_corroboration,100,safe_09,SAFE,benign,False,0,none,0
structural_corroboration,100,safe_10,SAFE,benign,False,0,none,0
structural_corroboration,100,safe_11,SAFE,benign,False,0,none,0
structural_corroboration,100,safe_12,SAFE,benign,False,4,none,0
structural_corroboration,100,safe_13,SAFE,benign,False,0,none,0
structural_corroboration,100,safe_14,SAFE,benign,False,4,none,0
structural_corroboration,100,safe_15,SAFE,benign,False,0,none,0
structural_corroboration,100,safe_16,SAFE,benign,False,0,none,0
structural_corroboration,100,safe_17,SAFE,benign,False,4,none,0
structural_corroboration,100,safe_18,SAFE,benign,False,0,none,0
structural_corroboration,100,safe_19,SAFE,benign,False,0,none,0
structural_corroboration,100,safe_20,SAFE,benign,False,0,none,0
structural_corroboration,100,hn_p_01,SAFE,legit_prompt,True,8,none,0
structural_corroboration,100,hn_p_02,SAFE,legit_prompt,True,12,none,0
structural_corroboration,100,hn_p_03,SAFE,legit_prompt,True,4,none,0
structural_corroboration,100,hn_p_04,SAFE,legit_prompt,True,8,none,0
structural_corroboration,100,hn_p_05,SAFE,legit_prompt,True,12,none,0
structural_corroboration,100,hn_p_06,SAFE,legit_prompt,True,8,none,0
structural_corroboration,100,hn_p_07,SAFE,legit_prompt,True,8,none,0
structural_corroboration,100,hn_p_08,SAFE,legit_prompt,True,12,none,0
structural_corroboration,100,hn_d_01,SAFE,security_doc,False,0,none,0
structural_corroboration,100,hn_d_02,SAFE,security_doc,False,0,none,0
structural_corroboration,100,hn_d_03,SAFE,security_doc,False,0,none,0
structural_corroboration,100,hn_d_04,SAFE,security_doc,False,4,none,0
structural_corroboration,100,hn_d_05,SAFE,security_doc,False,0,none,0
structural_corroboration,100,hn_d_06,SAFE,security_doc,False,0,none,0
structural_corroboration,100,hn_d_07,SAFE,security_doc,False,4,none,0
structural_corroboration,100,hn_d_08,SAFE,security_doc,False,0,none,0
structural_corroboration,100,hn_t_01,SAFE,benign_template,True,6,none,0
structural_corroboration,100,hn_t_02,SAFE,benign_template,True,6,none,0
structural_corroboration,100,hn_t_03,SAFE,benign_template,True,6,none,0
structural_corroboration,100,hn_t_04,SAFE,benign_template,True,14,none,0
linguistic_phrase,0,s5_imp_01,S5,imperative,False,0,none,0
linguistic_phrase,0,s5_imp_02,S5,imperative,False,0,none,0
linguistic_phrase,0,s5_imp_03,S5,imperative,False,0,none,1
linguistic_phrase,0,s5_imp_04,S5,imperative,False,0,none,0
linguistic_phrase,0,s5_imp_05,S5,imperative,False,0,none,0
linguistic_phrase,0,s5_imp_06,S5,imperative,False,0,none,0
linguistic_phrase,0,s5_imp_07,S5,imperative,False,0,none,0
linguistic_phrase,0,s5_imp_08,S5,imperative,False,0,none,0
linguistic_phrase,0,s5_imp_09,S5,imperative,False,0,none,1
linguistic_phrase,0,s5_imp_10,S5,imperative,False,0,none,0
linguistic_phrase,0,s5_imp_11,S5,imperative,False,0,none,0
linguistic_phrase,0,s5_imp_12,S5,imperative,False,0,none,0
linguistic_phrase,0,s5_imp_13,S5,imperative,False,0,none,0
linguistic_phrase,0,s5_imp_14,S5,imperative,False,0,none,1
linguistic_phrase,0,s5_imp_15,S5,imperative,False,0,none,0
linguistic_phrase,0,s5_dec_01,S5,declarative,False,0,none,0
linguistic_phrase,0,s5_dec_02,S5,declarative,False,0,none,0
linguistic_phrase,0,s5_dec_03,S5,declarative,False,0,none,0
linguistic_phrase,0,s5_dec_04,S5,declarative,False,0,none,0
linguistic_phrase,0,s5_dec_05,S5,declarative,False,0,none,1
linguistic_phrase,0,s5_dec_06,S5,declarative,False,0,none,0
linguistic_phrase,0,s5_dec_07,S5,declarative,False,0,none,0
linguistic_phrase,0,s5_dec_08,S5,declarative,False,0,none,0
linguistic_phrase,0,s5_dec_09,S5,declarative,False,0,none,0
linguistic_phrase,0,s5_dec_10,S5,declarative,False,0,none,0
linguistic_phrase,0,s5_dec_11,S5,declarative,False,0,none,0
linguistic_phrase,0,s5_dec_12,S5,declarative,False,0,none,0
linguistic_phrase,0,s5_dec_13,S5,declarative,False,0,none,0
linguistic_phrase,0,s5_dec_14,S5,declarative,False,0,none,0
linguistic_phrase,0,s5_ind_01,S5,indirect,False,0,none,0
linguistic_phrase,0,s5_ind_02,S5,indirect,False,0,none,0
linguistic_phrase,0,s5_ind_03,S5,indirect,False,0,none,0
linguistic_phrase,0,s5_ind_04,S5,indirect,False,0,none,0
linguistic_phrase,0,s5_ind_05,S5,indirect,False,0,none,0
linguistic_phrase,0,s5_ind_06,S5,indirect,False,0,none,0
linguistic_phrase,0,s5_ind_07,S5,indirect,False,0,none,0
linguistic_phrase,0,s5_ind_08,S5,indirect,False,0,none,0
linguistic_phrase,0,s5_ind_09,S5,indirect,False,0,none,0
linguistic_phrase,0,s5_ind_10,S5,indirect,False,0,none,0
linguistic_phrase,0,s6_rp_01,S6,roleplay,False,0,none,1
linguistic_phrase,0,s6_rp_02,S6,roleplay,False,0,none,1
linguistic_phrase,0,s6_rp_03,S6,roleplay,False,0,none,1
linguistic_phrase,0,s6_rp_04,S6,roleplay,False,0,none,0
linguistic_phrase,0,s6_rp_05,S6,roleplay,False,0,none,1
linguistic_phrase,0,s6_rp_06,S6,roleplay,False,0,none,0
linguistic_phrase,0,s6_rp_07,S6,roleplay,False,0,none,0
linguistic_phrase,0,s6_rp_08,S6,roleplay,False,0,none,0
linguistic_phrase,0,s6_enc_01,S6,encoding,False,0,none,1
linguistic_phrase,0,s6_enc_02,S6,encoding,False,0,none,0
linguistic_phrase,0,s6_enc_03,S6,encoding,False,0,none,1
linguistic_phrase,0,s6_enc_04,S6,encoding,False,0,none,1
linguistic_phrase,0,safe_01,SAFE,benign,False,0,none,0
linguistic_phrase,0,safe_02,SAFE,benign,False,0,none,1
linguistic_phrase,0,safe_03,SAFE,benign,False,0,none,1
linguistic_phrase,0,safe_04,SAFE,benign,False,0,none,1
linguistic_phrase,0,safe_05,SAFE,benign,False,0,none,0
linguistic_phrase,0,safe_06,SAFE,benign,False,0,none,0
linguistic_phrase,0,safe_07,SAFE,benign,False,0,none,1
linguistic_phrase,0,safe_08,SAFE,benign,False,0,none,0
linguistic_phrase,0,safe_09,SAFE,benign,False,0,none,0
linguistic_phrase,0,safe_10,SAFE,benign,False,0,none,0
linguistic_phrase,0,safe_11,SAFE,benign,False,0,none,0
linguistic_phrase,0,safe_12,SAFE,benign,False,0,none,1
linguistic_phrase,0,safe_13,SAFE,benign,False,0,none,0
linguistic_phrase,0,safe_14,SAFE,benign,False,0,none,1
linguistic_phrase,0,safe_15,SAFE,benign,False,0,none,0
linguistic_phrase,0,safe_16,SAFE,benign,False,0,none,0
linguistic_phrase,0,safe_17,SAFE,benign,False,0,none,1
linguistic_phrase,0,safe_18,SAFE,benign,False,0,none,0
linguistic_phrase,0,safe_19,SAFE,benign,False,0,none,0
linguistic_phrase,0,safe_20,SAFE,benign,False,0,none,0
linguistic_phrase,0,hn_p_01,SAFE,legit_prompt,True,0,none,1
linguistic_phrase,0,hn_p_02,SAFE,legit_prompt,True,0,none,1
linguistic_phrase,0,hn_p_03,SAFE,legit_prompt,True,0,none,1
linguistic_phrase,0,hn_p_04,SAFE,legit_prompt,True,0,none,1
linguistic_phrase,0,hn_p_05,SAFE,legit_prompt,True,0,none,1
linguistic_phrase,0,hn_p_06,SAFE,legit_prompt,True,0,none,1
linguistic_phrase,0,hn_p_07,SAFE,legit_prompt,True,0,none,1
linguistic_phrase,0,hn_p_08,SAFE,legit_prompt,True,0,none,1
linguistic_phrase,0,hn_d_01,SAFE,security_doc,False,0,none,0
linguistic_phrase,0,hn_d_02,SAFE,security_doc,False,0,none,0
linguistic_phrase,0,hn_d_03,SAFE,security_doc,False,0,none,0
linguistic_phrase,0,hn_d_04,SAFE,security_doc,False,0,none,1
linguistic_phrase,0,hn_d_05,SAFE,security_doc,False,0,none,0
linguistic_phrase,0,hn_d_06,SAFE,security_doc,False,0,none,0
linguistic_phrase,0,hn_d_07,SAFE,security_doc,False,0,none,1
linguistic_phrase,0,hn_d_08,SAFE,security_doc,False,0,none,0
linguistic_phrase,0,hn_t_01,SAFE,benign_template,True,6,none,0
linguistic_phrase,0,hn_t_02,SAFE,benign_template,True,6,none,0
linguistic_phrase,0,hn_t_03,SAFE,benign_template,True,6,none,0
linguistic_phrase,0,hn_t_04,SAFE,benign_template,True,14,none,0
linguistic_phrase,5,s5_imp_01,S5,imperative,False,0,none,0
linguistic_phrase,5,s5_imp_02,S5,imperative,False,0,none,0
linguistic_phrase,5,s5_imp_03,S5,imperative,False,4,none,1
linguistic_phrase,5,s5_imp_04,S5,imperative,False,0,none,0
linguistic_phrase,5,s5_imp_05,S5,imperative,False,0,none,0
linguistic_phrase,5,s5_imp_06,S5,imperative,False,0,none,0
linguistic_phrase,5,s5_imp_07,S5,imperative,False,0,none,0
linguistic_phrase,5,s5_imp_08,S5,imperative,False,0,none,0
linguistic_phrase,5,s5_imp_09,S5,imperative,False,4,none,1
linguistic_phrase,5,s5_imp_10,S5,imperative,False,0,none,0
linguistic_phrase,5,s5_imp_11,S5,imperative,False,0,none,0
linguistic_phrase,5,s5_imp_12,S5,imperative,False,0,none,0
linguistic_phrase,5,s5_imp_13,S5,imperative,False,0,none,0
linguistic_phrase,5,s5_imp_14,S5,imperative,False,5,none,1
linguistic_phrase,5,s5_imp_15,S5,imperative,False,0,none,0
linguistic_phrase,5,s5_dec_01,S5,declarative,False,0,none,0
linguistic_phrase,5,s5_dec_02,S5,declarative,False,0,none,0
linguistic_phrase,5,s5_dec_03,S5,declarative,False,0,none,0
linguistic_phrase,5,s5_dec_04,S5,declarative,False,0,none,0
linguistic_phrase,5,s5_dec_05,S5,declarative,False,4,none,1
linguistic_phrase,5,s5_dec_06,S5,declarative,False,0,none,0
linguistic_phrase,5,s5_dec_07,S5,declarative,False,0,none,0
linguistic_phrase,5,s5_dec_08,S5,declarative,False,0,none,0
linguistic_phrase,5,s5_dec_09,S5,declarative,False,0,none,0
linguistic_phrase,5,s5_dec_10,S5,declarative,False,0,none,0
linguistic_phrase,5,s5_dec_11,S5,declarative,False,0,none,0
linguistic_phrase,5,s5_dec_12,S5,declarative,False,0,none,0
linguistic_phrase,5,s5_dec_13,S5,declarative,False,0,none,0
linguistic_phrase,5,s5_dec_14,S5,declarative,False,0,none,0
linguistic_phrase,5,s5_ind_01,S5,indirect,False,0,none,0
linguistic_phrase,5,s5_ind_02,S5,indirect,False,0,none,0
linguistic_phrase,5,s5_ind_03,S5,indirect,False,0,none,0
linguistic_phrase,5,s5_ind_04,S5,indirect,False,0,none,0
linguistic_phrase,5,s5_ind_05,S5,indirect,False,0,none,0
linguistic_phrase,5,s5_ind_06,S5,indirect,False,0,none,0
linguistic_phrase,5,s5_ind_07,S5,indirect,False,0,none,0
linguistic_phrase,5,s5_ind_08,S5,indirect,False,0,none,0
linguistic_phrase,5,s5_ind_09,S5,indirect,False,0,none,0
linguistic_phrase,5,s5_ind_10,S5,indirect,False,0,none,0
linguistic_phrase,5,s6_rp_01,S6,roleplay,False,4,none,1
linguistic_phrase,5,s6_rp_02,S6,roleplay,False,4,none,1
linguistic_phrase,5,s6_rp_03,S6,roleplay,False,4,none,1
linguistic_phrase,5,s6_rp_04,S6,roleplay,False,0,none,0
linguistic_phrase,5,s6_rp_05,S6,roleplay,False,5,none,1
linguistic_phrase,5,s6_rp_06,S6,roleplay,False,0,none,0
linguistic_phrase,5,s6_rp_07,S6,roleplay,False,0,none,0
linguistic_phrase,5,s6_rp_08,S6,roleplay,False,0,none,0
linguistic_phrase,5,s6_enc_01,S6,encoding,False,4,none,1
linguistic_phrase,5,s6_enc_02,S6,encoding,False,0,none,0
linguistic_phrase,5,s6_enc_03,S6,encoding,False,4,none,1
linguistic_phrase,5,s6_enc_04,S6,encoding,False,4,none,1
linguistic_phrase,5,safe_01,SAFE,benign,False,0,none,0
linguistic_phrase,5,safe_02,SAFE,benign,False,4,none,1
linguistic_phrase,5,safe_03,SAFE,benign,False,4,none,1
linguistic_phrase,5,safe_04,SAFE,benign,False,4,none,1
linguistic_phrase,5,safe_05,SAFE,benign,False,0,none,0
linguistic_phrase,5,safe_06,SAFE,benign,False,0,none,0
linguistic_phrase,5,safe_07,SAFE,benign,False,4,none,1
linguistic_phrase,5,safe_08,SAFE,benign,False,0,none,0
linguistic_phrase,5,safe_09,SAFE,benign,False,0,none,0
linguistic_phrase,5,safe_10,SAFE,benign,False,0,none,0
linguistic_phrase,5,safe_11,SAFE,benign,False,0,none,0
linguistic_phrase,5,safe_12,SAFE,benign,False,4,none,1
linguistic_phrase,5,safe_13,SAFE,benign,False,0,none,0
linguistic_phrase,5,safe_14,SAFE,benign,False,4,none,1
linguistic_phrase,5,safe_15,SAFE,benign,False,0,none,0
linguistic_phrase,5,safe_16,SAFE,benign,False,0,none,0
linguistic_phrase,5,safe_17,SAFE,benign,False,4,none,1
linguistic_phrase,5,safe_18,SAFE,benign,False,0,none,0
linguistic_phrase,5,safe_19,SAFE,benign,False,0,none,0
linguistic_phrase,5,safe_20,SAFE,benign,False,0,none,0
linguistic_phrase,5,hn_p_01,SAFE,legit_prompt,True,5,none,1
linguistic_phrase,5,hn_p_02,SAFE,legit_prompt,True,5,none,1
linguistic_phrase,5,hn_p_03,SAFE,legit_prompt,True,4,none,1
linguistic_phrase,5,hn_p_04,SAFE,legit_prompt,True,5,none,1
linguistic_phrase,5,hn_p_05,SAFE,legit_prompt,True,5,none,1
linguistic_phrase,5,hn_p_06,SAFE,legit_prompt,True,5,none,1
linguistic_phrase,5,hn_p_07,SAFE,legit_prompt,True,5,none,1
linguistic_phrase,5,hn_p_08,SAFE,legit_prompt,True,5,none,1
linguistic_phrase,5,hn_d_01,SAFE,security_doc,False,0,none,0
linguistic_phrase,5,hn_d_02,SAFE,security_doc,False,0,none,0
linguistic_phrase,5,hn_d_03,SAFE,security_doc,False,0,none,0
linguistic_phrase,5,hn_d_04,SAFE,security_doc,False,4,none,1
linguistic_phrase,5,hn_d_05,SAFE,security_doc,False,0,none,0
linguistic_phrase,5,hn_d_06,SAFE,security_doc,False,0,none,0
linguistic_phrase,5,hn_d_07,SAFE,security_doc,False,4,none,1
linguistic_phrase,5,hn_d_08,SAFE,security_doc,False,0,none,0
linguistic_phrase,5,hn_t_01,SAFE,benign_template,True,6,none,0
linguistic_phrase,5,hn_t_02,SAFE,benign_template,True,6,none,0
linguistic_phrase,5,hn_t_03,SAFE,benign_template,True,6,none,0
linguistic_phrase,5,hn_t_04,SAFE,benign_template,True,14,none,0
linguistic_phrase,10,s5_imp_01,S5,imperative,False,0,none,0
linguistic_phrase,10,s5_imp_02,S5,imperative,False,0,none,0
linguistic_phrase,10,s5_imp_03,S5,imperative,False,4,none,1
linguistic_phrase,10,s5_imp_04,S5,imperative,False,0,none,0
linguistic_phrase,10,s5_imp_05,S5,imperative,False,0,none,0
linguistic_phrase,10,s5_imp_06,S5,imperative,False,0,none,0
linguistic_phrase,10,s5_imp_07,S5,imperative,False,0,none,0
linguistic_phrase,10,s5_imp_08,S5,imperative,False,0,none,0
linguistic_phrase,10,s5_imp_09,S5,imperative,False,4,none,1
linguistic_phrase,10,s5_imp_10,S5,imperative,False,0,none,0
linguistic_phrase,10,s5_imp_11,S5,imperative,False,0,none,0
linguistic_phrase,10,s5_imp_12,S5,imperative,False,0,none,0
linguistic_phrase,10,s5_imp_13,S5,imperative,False,0,none,0
linguistic_phrase,10,s5_imp_14,S5,imperative,False,8,none,1
linguistic_phrase,10,s5_imp_15,S5,imperative,False,0,none,0
linguistic_phrase,10,s5_dec_01,S5,declarative,False,0,none,0
linguistic_phrase,10,s5_dec_02,S5,declarative,False,0,none,0
linguistic_phrase,10,s5_dec_03,S5,declarative,False,0,none,0
linguistic_phrase,10,s5_dec_04,S5,declarative,False,0,none,0
linguistic_phrase,10,s5_dec_05,S5,declarative,False,4,none,1
linguistic_phrase,10,s5_dec_06,S5,declarative,False,0,none,0
linguistic_phrase,10,s5_dec_07,S5,declarative,False,0,none,0
linguistic_phrase,10,s5_dec_08,S5,declarative,False,0,none,0
linguistic_phrase,10,s5_dec_09,S5,declarative,False,0,none,0
linguistic_phrase,10,s5_dec_10,S5,declarative,False,0,none,0
linguistic_phrase,10,s5_dec_11,S5,declarative,False,0,none,0
linguistic_phrase,10,s5_dec_12,S5,declarative,False,0,none,0
linguistic_phrase,10,s5_dec_13,S5,declarative,False,0,none,0
linguistic_phrase,10,s5_dec_14,S5,declarative,False,0,none,0
linguistic_phrase,10,s5_ind_01,S5,indirect,False,0,none,0
linguistic_phrase,10,s5_ind_02,S5,indirect,False,0,none,0
linguistic_phrase,10,s5_ind_03,S5,indirect,False,0,none,0
linguistic_phrase,10,s5_ind_04,S5,indirect,False,0,none,0
linguistic_phrase,10,s5_ind_05,S5,indirect,False,0,none,0
linguistic_phrase,10,s5_ind_06,S5,indirect,False,0,none,0
linguistic_phrase,10,s5_ind_07,S5,indirect,False,0,none,0
linguistic_phrase,10,s5_ind_08,S5,indirect,False,0,none,0
linguistic_phrase,10,s5_ind_09,S5,indirect,False,0,none,0
linguistic_phrase,10,s5_ind_10,S5,indirect,False,0,none,0
linguistic_phrase,10,s6_rp_01,S6,roleplay,False,4,none,1
linguistic_phrase,10,s6_rp_02,S6,roleplay,False,4,none,1
linguistic_phrase,10,s6_rp_03,S6,roleplay,False,4,none,1
linguistic_phrase,10,s6_rp_04,S6,roleplay,False,0,none,0
linguistic_phrase,10,s6_rp_05,S6,roleplay,False,8,none,1
linguistic_phrase,10,s6_rp_06,S6,roleplay,False,0,none,0
linguistic_phrase,10,s6_rp_07,S6,roleplay,False,0,none,0
linguistic_phrase,10,s6_rp_08,S6,roleplay,False,0,none,0
linguistic_phrase,10,s6_enc_01,S6,encoding,False,4,none,1
linguistic_phrase,10,s6_enc_02,S6,encoding,False,0,none,0
linguistic_phrase,10,s6_enc_03,S6,encoding,False,4,none,1
linguistic_phrase,10,s6_enc_04,S6,encoding,False,4,none,1
linguistic_phrase,10,safe_01,SAFE,benign,False,0,none,0
linguistic_phrase,10,safe_02,SAFE,benign,False,4,none,1
linguistic_phrase,10,safe_03,SAFE,benign,False,4,none,1
linguistic_phrase,10,safe_04,SAFE,benign,False,4,none,1
linguistic_phrase,10,safe_05,SAFE,benign,False,0,none,0
linguistic_phrase,10,safe_06,SAFE,benign,False,0,none,0
linguistic_phrase,10,safe_07,SAFE,benign,False,4,none,1
linguistic_phrase,10,safe_08,SAFE,benign,False,0,none,0
linguistic_phrase,10,safe_09,SAFE,benign,False,0,none,0
linguistic_phrase,10,safe_10,SAFE,benign,False,0,none,0
linguistic_phrase,10,safe_11,SAFE,benign,False,0,none,0
linguistic_phrase,10,safe_12,SAFE,benign,False,4,none,1
linguistic_phrase,10,safe_13,SAFE,benign,False,0,none,0
linguistic_phrase,10,safe_14,SAFE,benign,False,4,none,1
linguistic_phrase,10,safe_15,SAFE,benign,False,0,none,0
linguistic_phrase,10,safe_16,SAFE,benign,False,0,none,0
linguistic_phrase,10,safe_17,SAFE,benign,False,4,none,1
linguistic_phrase,10,safe_18,SAFE,benign,False,0,none,0
linguistic_phrase,10,safe_19,SAFE,benign,False,0,none,0
linguistic_phrase,10,safe_20,SAFE,benign,False,0,none,0
linguistic_phrase,10,hn_p_01,SAFE,legit_prompt,True,8,none,1
linguistic_phrase,10,hn_p_02,SAFE,legit_prompt,True,10,none,1
linguistic_phrase,10,hn_p_03,SAFE,legit_prompt,True,4,none,1
linguistic_phrase,10,hn_p_04,SAFE,legit_prompt,True,8,none,1
linguistic_phrase,10,hn_p_05,SAFE,legit_prompt,True,10,none,1
linguistic_phrase,10,hn_p_06,SAFE,legit_prompt,True,8,none,1
linguistic_phrase,10,hn_p_07,SAFE,legit_prompt,True,8,none,1
linguistic_phrase,10,hn_p_08,SAFE,legit_prompt,True,10,none,1
linguistic_phrase,10,hn_d_01,SAFE,security_doc,False,0,none,0
linguistic_phrase,10,hn_d_02,SAFE,security_doc,False,0,none,0
linguistic_phrase,10,hn_d_03,SAFE,security_doc,False,0,none,0
linguistic_phrase,10,hn_d_04,SAFE,security_doc,False,4,none,1
linguistic_phrase,10,hn_d_05,SAFE,security_doc,False,0,none,0
linguistic_phrase,10,hn_d_06,SAFE,security_doc,False,0,none,0
linguistic_phrase,10,hn_d_07,SAFE,security_doc,False,4,none,1
linguistic_phrase,10,hn_d_08,SAFE,security_doc,False,0,none,0
linguistic_phrase,10,hn_t_01,SAFE,benign_template,True,6,none,0
linguistic_phrase,10,hn_t_02,SAFE,benign_template,True,6,none,0
linguistic_phrase,10,hn_t_03,SAFE,benign_template,True,6,none,0
linguistic_phrase,10,hn_t_04,SAFE,benign_template,True,14,none,0
linguistic_phrase,15,s5_imp_01,S5,imperative,False,0,none,0
linguistic_phrase,15,s5_imp_02,S5,imperative,False,0,none,0
linguistic_phrase,15,s5_imp_03,S5,imperative,False,4,none,1
linguistic_phrase,15,s5_imp_04,S5,imperative,False,0,none,0
linguistic_phrase,15,s5_imp_05,S5,imperative,False,0,none,0
linguistic_phrase,15,s5_imp_06,S5,imperative,False,0,none,0
linguistic_phrase,15,s5_imp_07,S5,imperative,False,0,none,0
linguistic_phrase,15,s5_imp_08,S5,imperative,False,0,none,0
linguistic_phrase,15,s5_imp_09,S5,imperative,False,4,none,1
linguistic_phrase,15,s5_imp_10,S5,imperative,False,0,none,0
linguistic_phrase,15,s5_imp_11,S5,imperative,False,0,none,0
linguistic_phrase,15,s5_imp_12,S5,imperative,False,0,none,0
linguistic_phrase,15,s5_imp_13,S5,imperative,False,0,none,0
linguistic_phrase,15,s5_imp_14,S5,imperative,False,8,none,1
linguistic_phrase,15,s5_imp_15,S5,imperative,False,0,none,0
linguistic_phrase,15,s5_dec_01,S5,declarative,False,0,none,0
linguistic_phrase,15,s5_dec_02,S5,declarative,False,0,none,0
linguistic_phrase,15,s5_dec_03,S5,declarative,False,0,none,0
linguistic_phrase,15,s5_dec_04,S5,declarative,False,0,none,0
linguistic_phrase,15,s5_dec_05,S5,declarative,False,4,none,1
linguistic_phrase,15,s5_dec_06,S5,declarative,False,0,none,0
linguistic_phrase,15,s5_dec_07,S5,declarative,False,0,none,0
linguistic_phrase,15,s5_dec_08,S5,declarative,False,0,none,0
linguistic_phrase,15,s5_dec_09,S5,declarative,False,0,none,0
linguistic_phrase,15,s5_dec_10,S5,declarative,False,0,none,0
linguistic_phrase,15,s5_dec_11,S5,declarative,False,0,none,0
linguistic_phrase,15,s5_dec_12,S5,declarative,False,0,none,0
linguistic_phrase,15,s5_dec_13,S5,declarative,False,0,none,0
linguistic_phrase,15,s5_dec_14,S5,declarative,False,0,none,0
linguistic_phrase,15,s5_ind_01,S5,indirect,False,0,none,0
linguistic_phrase,15,s5_ind_02,S5,indirect,False,0,none,0
linguistic_phrase,15,s5_ind_03,S5,indirect,False,0,none,0
linguistic_phrase,15,s5_ind_04,S5,indirect,False,0,none,0
linguistic_phrase,15,s5_ind_05,S5,indirect,False,0,none,0
linguistic_phrase,15,s5_ind_06,S5,indirect,False,0,none,0
linguistic_phrase,15,s5_ind_07,S5,indirect,False,0,none,0
linguistic_phrase,15,s5_ind_08,S5,indirect,False,0,none,0
linguistic_phrase,15,s5_ind_09,S5,indirect,False,0,none,0
linguistic_phrase,15,s5_ind_10,S5,indirect,False,0,none,0
linguistic_phrase,15,s6_rp_01,S6,roleplay,False,4,none,1
linguistic_phrase,15,s6_rp_02,S6,roleplay,False,4,none,1
linguistic_phrase,15,s6_rp_03,S6,roleplay,False,4,none,1
linguistic_phrase,15,s6_rp_04,S6,roleplay,False,0,none,0
linguistic_phrase,15,s6_rp_05,S6,roleplay,False,8,none,1
linguistic_phrase,15,s6_rp_06,S6,roleplay,False,0,none,0
linguistic_phrase,15,s6_rp_07,S6,roleplay,False,0,none,0
linguistic_phrase,15,s6_rp_08,S6,roleplay,False,0,none,0
linguistic_phrase,15,s6_enc_01,S6,encoding,False,4,none,1
linguistic_phrase,15,s6_enc_02,S6,encoding,False,0,none,0
linguistic_phrase,15,s6_enc_03,S6,encoding,False,4,none,1
linguistic_phrase,15,s6_enc_04,S6,encoding,False,4,none,1
linguistic_phrase,15,safe_01,SAFE,benign,False,0,none,0
linguistic_phrase,15,safe_02,SAFE,benign,False,4,none,1
linguistic_phrase,15,safe_03,SAFE,benign,False,4,none,1
linguistic_phrase,15,safe_04,SAFE,benign,False,4,none,1
linguistic_phrase,15,safe_05,SAFE,benign,False,0,none,0
linguistic_phrase,15,safe_06,SAFE,benign,False,0,none,0
linguistic_phrase,15,safe_07,SAFE,benign,False,4,none,1
linguistic_phrase,15,safe_08,SAFE,benign,False,0,none,0
linguistic_phrase,15,safe_09,SAFE,benign,False,0,none,0
linguistic_phrase,15,safe_10,SAFE,benign,False,0,none,0
linguistic_phrase,15,safe_11,SAFE,benign,False,0,none,0
linguistic_phrase,15,safe_12,SAFE,benign,False,4,none,1
linguistic_phrase,15,safe_13,SAFE,benign,False,0,none,0
linguistic_phrase,15,safe_14,SAFE,benign,False,4,none,1
linguistic_phrase,15,safe_15,SAFE,benign,False,0,none,0
linguistic_phrase,15,safe_16,SAFE,benign,False,0,none,0
linguistic_phrase,15,safe_17,SAFE,benign,False,4,none,1
linguistic_phrase,15,safe_18,SAFE,benign,False,0,none,0
linguistic_phrase,15,safe_19,SAFE,benign,False,0,none,0
linguistic_phrase,15,safe_20,SAFE,benign,False,0,none,0
linguistic_phrase,15,hn_p_01,SAFE,legit_prompt,True,8,none,1
linguistic_phrase,15,hn_p_02,SAFE,legit_prompt,True,12,none,1
linguistic_phrase,15,hn_p_03,SAFE,legit_prompt,True,4,none,1
linguistic_phrase,15,hn_p_04,SAFE,legit_prompt,True,8,none,1
linguistic_phrase,15,hn_p_05,SAFE,legit_prompt,True,12,none,1
linguistic_phrase,15,hn_p_06,SAFE,legit_prompt,True,8,none,1
linguistic_phrase,15,hn_p_07,SAFE,legit_prompt,True,8,none,1
linguistic_phrase,15,hn_p_08,SAFE,legit_prompt,True,12,none,1
linguistic_phrase,15,hn_d_01,SAFE,security_doc,False,0,none,0
linguistic_phrase,15,hn_d_02,SAFE,security_doc,False,0,none,0
linguistic_phrase,15,hn_d_03,SAFE,security_doc,False,0,none,0
linguistic_phrase,15,hn_d_04,SAFE,security_doc,False,4,none,1
linguistic_phrase,15,hn_d_05,SAFE,security_doc,False,0,none,0
linguistic_phrase,15,hn_d_06,SAFE,security_doc,False,0,none,0
linguistic_phrase,15,hn_d_07,SAFE,security_doc,False,4,none,1
linguistic_phrase,15,hn_d_08,SAFE,security_doc,False,0,none,0
linguistic_phrase,15,hn_t_01,SAFE,benign_template,True,6,none,0
linguistic_phrase,15,hn_t_02,SAFE,benign_template,True,6,none,0
linguistic_phrase,15,hn_t_03,SAFE,benign_template,True,6,none,0
linguistic_phrase,15,hn_t_04,SAFE,benign_template,True,14,none,0
linguistic_phrase,20,s5_imp_01,S5,imperative,False,0,none,0
linguistic_phrase,20,s5_imp_02,S5,imperative,False,0,none,0
linguistic_phrase,20,s5_imp_03,S5,imperative,False,4,none,1
linguistic_phrase,20,s5_imp_04,S5,imperative,False,0,none,0
linguistic_phrase,20,s5_imp_05,S5,imperative,False,0,none,0
linguistic_phrase,20,s5_imp_06,S5,imperative,False,0,none,0
linguistic_phrase,20,s5_imp_07,S5,imperative,False,0,none,0
linguistic_phrase,20,s5_imp_08,S5,imperative,False,0,none,0
linguistic_phrase,20,s5_imp_09,S5,imperative,False,4,none,1
linguistic_phrase,20,s5_imp_10,S5,imperative,False,0,none,0
linguistic_phrase,20,s5_imp_11,S5,imperative,False,0,none,0
linguistic_phrase,20,s5_imp_12,S5,imperative,False,0,none,0
linguistic_phrase,20,s5_imp_13,S5,imperative,False,0,none,0
linguistic_phrase,20,s5_imp_14,S5,imperative,False,8,none,1
linguistic_phrase,20,s5_imp_15,S5,imperative,False,0,none,0
linguistic_phrase,20,s5_dec_01,S5,declarative,False,0,none,0
linguistic_phrase,20,s5_dec_02,S5,declarative,False,0,none,0
linguistic_phrase,20,s5_dec_03,S5,declarative,False,0,none,0
linguistic_phrase,20,s5_dec_04,S5,declarative,False,0,none,0
linguistic_phrase,20,s5_dec_05,S5,declarative,False,4,none,1
linguistic_phrase,20,s5_dec_06,S5,declarative,False,0,none,0
linguistic_phrase,20,s5_dec_07,S5,declarative,False,0,none,0
linguistic_phrase,20,s5_dec_08,S5,declarative,False,0,none,0
linguistic_phrase,20,s5_dec_09,S5,declarative,False,0,none,0
linguistic_phrase,20,s5_dec_10,S5,declarative,False,0,none,0
linguistic_phrase,20,s5_dec_11,S5,declarative,False,0,none,0
linguistic_phrase,20,s5_dec_12,S5,declarative,False,0,none,0
linguistic_phrase,20,s5_dec_13,S5,declarative,False,0,none,0
linguistic_phrase,20,s5_dec_14,S5,declarative,False,0,none,0
linguistic_phrase,20,s5_ind_01,S5,indirect,False,0,none,0
linguistic_phrase,20,s5_ind_02,S5,indirect,False,0,none,0
linguistic_phrase,20,s5_ind_03,S5,indirect,False,0,none,0
linguistic_phrase,20,s5_ind_04,S5,indirect,False,0,none,0
linguistic_phrase,20,s5_ind_05,S5,indirect,False,0,none,0
linguistic_phrase,20,s5_ind_06,S5,indirect,False,0,none,0
linguistic_phrase,20,s5_ind_07,S5,indirect,False,0,none,0
linguistic_phrase,20,s5_ind_08,S5,indirect,False,0,none,0
linguistic_phrase,20,s5_ind_09,S5,indirect,False,0,none,0
linguistic_phrase,20,s5_ind_10,S5,indirect,False,0,none,0
linguistic_phrase,20,s6_rp_01,S6,roleplay,False,4,none,1
linguistic_phrase,20,s6_rp_02,S6,roleplay,False,4,none,1
linguistic_phrase,20,s6_rp_03,S6,roleplay,False,4,none,1
linguistic_phrase,20,s6_rp_04,S6,roleplay,False,0,none,0
linguistic_phrase,20,s6_rp_05,S6,roleplay,False,8,none,1
linguistic_phrase,20,s6_rp_06,S6,roleplay,False,0,none,0
linguistic_phrase,20,s6_rp_07,S6,roleplay,False,0,none,0
linguistic_phrase,20,s6_rp_08,S6,roleplay,False,0,none,0
linguistic_phrase,20,s6_enc_01,S6,encoding,False,4,none,1
linguistic_phrase,20,s6_enc_02,S6,encoding,False,0,none,0
linguistic_phrase,20,s6_enc_03,S6,encoding,False,4,none,1
linguistic_phrase,20,s6_enc_04,S6,encoding,False,4,none,1
linguistic_phrase,20,safe_01,SAFE,benign,False,0,none,0
linguistic_phrase,20,safe_02,SAFE,benign,False,4,none,1
linguistic_phrase,20,safe_03,SAFE,benign,False,4,none,1
linguistic_phrase,20,safe_04,SAFE,benign,False,4,none,1
linguistic_phrase,20,safe_05,SAFE,benign,False,0,none,0
linguistic_phrase,20,safe_06,SAFE,benign,False,0,none,0
linguistic_phrase,20,safe_07,SAFE,benign,False,4,none,1
linguistic_phrase,20,safe_08,SAFE,benign,False,0,none,0
linguistic_phrase,20,safe_09,SAFE,benign,False,0,none,0
linguistic_phrase,20,safe_10,SAFE,benign,False,0,none,0
linguistic_phrase,20,safe_11,SAFE,benign,False,0,none,0
linguistic_phrase,20,safe_12,SAFE,benign,False,4,none,1
linguistic_phrase,20,safe_13,SAFE,benign,False,0,none,0
linguistic_phrase,20,safe_14,SAFE,benign,False,4,none,1
linguistic_phrase,20,safe_15,SAFE,benign,False,0,none,0
linguistic_phrase,20,safe_16,SAFE,benign,False,0,none,0
linguistic_phrase,20,safe_17,SAFE,benign,False,4,none,1
linguistic_phrase,20,safe_18,SAFE,benign,False,0,none,0
linguistic_phrase,20,safe_19,SAFE,benign,False,0,none,0
linguistic_phrase,20,safe_20,SAFE,benign,False,0,none,0
linguistic_phrase,20,hn_p_01,SAFE,legit_prompt,True,8,none,1
linguistic_phrase,20,hn_p_02,SAFE,legit_prompt,True,12,none,1
linguistic_phrase,20,hn_p_03,SAFE,legit_prompt,True,4,none,1
linguistic_phrase,20,hn_p_04,SAFE,legit_prompt,True,8,none,1
linguistic_phrase,20,hn_p_05,SAFE,legit_prompt,True,12,none,1
linguistic_phrase,20,hn_p_06,SAFE,legit_prompt,True,8,none,1
linguistic_phrase,20,hn_p_07,SAFE,legit_prompt,True,8,none,1
linguistic_phrase,20,hn_p_08,SAFE,legit_prompt,True,12,none,1
linguistic_phrase,20,hn_d_01,SAFE,security_doc,False,0,none,0
linguistic_phrase,20,hn_d_02,SAFE,security_doc,False,0,none,0
linguistic_phrase,20,hn_d_03,SAFE,security_doc,False,0,none,0
linguistic_phrase,20,hn_d_04,SAFE,security_doc,False,4,none,1
linguistic_phrase,20,hn_d_05,SAFE,security_doc,False,0,none,0
linguistic_phrase,20,hn_d_06,SAFE,security_doc,False,0,none,0
linguistic_phrase,20,hn_d_07,SAFE,security_doc,False,4,none,1
linguistic_phrase,20,hn_d_08,SAFE,security_doc,False,0,none,0
linguistic_phrase,20,hn_t_01,SAFE,benign_template,True,6,none,0
linguistic_phrase,20,hn_t_02,SAFE,benign_template,True,6,none,0
linguistic_phrase,20,hn_t_03,SAFE,benign_template,True,6,none,0
linguistic_phrase,20,hn_t_04,SAFE,benign_template,True,14,none,0
linguistic_phrase,25,s5_imp_01,S5,imperative,False,0,none,0
linguistic_phrase,25,s5_imp_02,S5,imperative,False,0,none,0
linguistic_phrase,25,s5_imp_03,S5,imperative,False,4,none,1
linguistic_phrase,25,s5_imp_04,S5,imperative,False,0,none,0
linguistic_phrase,25,s5_imp_05,S5,imperative,False,0,none,0
linguistic_phrase,25,s5_imp_06,S5,imperative,False,0,none,0
linguistic_phrase,25,s5_imp_07,S5,imperative,False,0,none,0
linguistic_phrase,25,s5_imp_08,S5,imperative,False,0,none,0
linguistic_phrase,25,s5_imp_09,S5,imperative,False,4,none,1
linguistic_phrase,25,s5_imp_10,S5,imperative,False,0,none,0
linguistic_phrase,25,s5_imp_11,S5,imperative,False,0,none,0
linguistic_phrase,25,s5_imp_12,S5,imperative,False,0,none,0
linguistic_phrase,25,s5_imp_13,S5,imperative,False,0,none,0
linguistic_phrase,25,s5_imp_14,S5,imperative,False,8,none,1
linguistic_phrase,25,s5_imp_15,S5,imperative,False,0,none,0
linguistic_phrase,25,s5_dec_01,S5,declarative,False,0,none,0
linguistic_phrase,25,s5_dec_02,S5,declarative,False,0,none,0
linguistic_phrase,25,s5_dec_03,S5,declarative,False,0,none,0
linguistic_phrase,25,s5_dec_04,S5,declarative,False,0,none,0
linguistic_phrase,25,s5_dec_05,S5,declarative,False,4,none,1
linguistic_phrase,25,s5_dec_06,S5,declarative,False,0,none,0
linguistic_phrase,25,s5_dec_07,S5,declarative,False,0,none,0
linguistic_phrase,25,s5_dec_08,S5,declarative,False,0,none,0
linguistic_phrase,25,s5_dec_09,S5,declarative,False,0,none,0
linguistic_phrase,25,s5_dec_10,S5,declarative,False,0,none,0
linguistic_phrase,25,s5_dec_11,S5,declarative,False,0,none,0
linguistic_phrase,25,s5_dec_12,S5,declarative,False,0,none,0
linguistic_phrase,25,s5_dec_13,S5,declarative,False,0,none,0
linguistic_phrase,25,s5_dec_14,S5,declarative,False,0,none,0
linguistic_phrase,25,s5_ind_01,S5,indirect,False,0,none,0
linguistic_phrase,25,s5_ind_02,S5,indirect,False,0,none,0
linguistic_phrase,25,s5_ind_03,S5,indirect,False,0,none,0
linguistic_phrase,25,s5_ind_04,S5,indirect,False,0,none,0
linguistic_phrase,25,s5_ind_05,S5,indirect,False,0,none,0
linguistic_phrase,25,s5_ind_06,S5,indirect,False,0,none,0
linguistic_phrase,25,s5_ind_07,S5,indirect,False,0,none,0
linguistic_phrase,25,s5_ind_08,S5,indirect,False,0,none,0
linguistic_phrase,25,s5_ind_09,S5,indirect,False,0,none,0
linguistic_phrase,25,s5_ind_10,S5,indirect,False,0,none,0
linguistic_phrase,25,s6_rp_01,S6,roleplay,False,4,none,1
linguistic_phrase,25,s6_rp_02,S6,roleplay,False,4,none,1
linguistic_phrase,25,s6_rp_03,S6,roleplay,False,4,none,1
linguistic_phrase,25,s6_rp_04,S6,roleplay,False,0,none,0
linguistic_phrase,25,s6_rp_05,S6,roleplay,False,8,none,1
linguistic_phrase,25,s6_rp_06,S6,roleplay,False,0,none,0
linguistic_phrase,25,s6_rp_07,S6,roleplay,False,0,none,0
linguistic_phrase,25,s6_rp_08,S6,roleplay,False,0,none,0
linguistic_phrase,25,s6_enc_01,S6,encoding,False,4,none,1
linguistic_phrase,25,s6_enc_02,S6,encoding,False,0,none,0
linguistic_phrase,25,s6_enc_03,S6,encoding,False,4,none,1
linguistic_phrase,25,s6_enc_04,S6,encoding,False,4,none,1
linguistic_phrase,25,safe_01,SAFE,benign,False,0,none,0
linguistic_phrase,25,safe_02,SAFE,benign,False,4,none,1
linguistic_phrase,25,safe_03,SAFE,benign,False,4,none,1
linguistic_phrase,25,safe_04,SAFE,benign,False,4,none,1
linguistic_phrase,25,safe_05,SAFE,benign,False,0,none,0
linguistic_phrase,25,safe_06,SAFE,benign,False,0,none,0
linguistic_phrase,25,safe_07,SAFE,benign,False,4,none,1
linguistic_phrase,25,safe_08,SAFE,benign,False,0,none,0
linguistic_phrase,25,safe_09,SAFE,benign,False,0,none,0
linguistic_phrase,25,safe_10,SAFE,benign,False,0,none,0
linguistic_phrase,25,safe_11,SAFE,benign,False,0,none,0
linguistic_phrase,25,safe_12,SAFE,benign,False,4,none,1
linguistic_phrase,25,safe_13,SAFE,benign,False,0,none,0
linguistic_phrase,25,safe_14,SAFE,benign,False,4,none,1
linguistic_phrase,25,safe_15,SAFE,benign,False,0,none,0
linguistic_phrase,25,safe_16,SAFE,benign,False,0,none,0
linguistic_phrase,25,safe_17,SAFE,benign,False,4,none,1
linguistic_phrase,25,safe_18,SAFE,benign,False,0,none,0
linguistic_phrase,25,safe_19,SAFE,benign,False,0,none,0
linguistic_phrase,25,safe_20,SAFE,benign,False,0,none,0
linguistic_phrase,25,hn_p_01,SAFE,legit_prompt,True,8,none,1
linguistic_phrase,25,hn_p_02,SAFE,legit_prompt,True,12,none,1
linguistic_phrase,25,hn_p_03,SAFE,legit_prompt,True,4,none,1
linguistic_phrase,25,hn_p_04,SAFE,legit_prompt,True,8,none,1
linguistic_phrase,25,hn_p_05,SAFE,legit_prompt,True,12,none,1
linguistic_phrase,25,hn_p_06,SAFE,legit_prompt,True,8,none,1
linguistic_phrase,25,hn_p_07,SAFE,legit_prompt,True,8,none,1
linguistic_phrase,25,hn_p_08,SAFE,legit_prompt,True,12,none,1
linguistic_phrase,25,hn_d_01,SAFE,security_doc,False,0,none,0
linguistic_phrase,25,hn_d_02,SAFE,security_doc,False,0,none,0
linguistic_phrase,25,hn_d_03,SAFE,security_doc,False,0,none,0
linguistic_phrase,25,hn_d_04,SAFE,security_doc,False,4,none,1
linguistic_phrase,25,hn_d_05,SAFE,security_doc,False,0,none,0
linguistic_phrase,25,hn_d_06,SAFE,security_doc,False,0,none,0
linguistic_phrase,25,hn_d_07,SAFE,security_doc,False,4,none,1
linguistic_phrase,25,hn_d_08,SAFE,security_doc,False,0,none,0
linguistic_phrase,25,hn_t_01,SAFE,benign_template,True,6,none,0
linguistic_phrase,25,hn_t_02,SAFE,benign_template,True,6,none,0
linguistic_phrase,25,hn_t_03,SAFE,benign_template,True,6,none,0
linguistic_phrase,25,hn_t_04,SAFE,benign_template,True,14,none,0
linguistic_phrase,30,s5_imp_01,S5,imperative,False,0,none,0
linguistic_phrase,30,s5_imp_02,S5,imperative,False,0,none,0
linguistic_phrase,30,s5_imp_03,S5,imperative,False,4,none,1
linguistic_phrase,30,s5_imp_04,S5,imperative,False,0,none,0
linguistic_phrase,30,s5_imp_05,S5,imperative,False,0,none,0
linguistic_phrase,30,s5_imp_06,S5,imperative,False,0,none,0
linguistic_phrase,30,s5_imp_07,S5,imperative,False,0,none,0
linguistic_phrase,30,s5_imp_08,S5,imperative,False,0,none,0
linguistic_phrase,30,s5_imp_09,S5,imperative,False,4,none,1
linguistic_phrase,30,s5_imp_10,S5,imperative,False,0,none,0
linguistic_phrase,30,s5_imp_11,S5,imperative,False,0,none,0
linguistic_phrase,30,s5_imp_12,S5,imperative,False,0,none,0
linguistic_phrase,30,s5_imp_13,S5,imperative,False,0,none,0
linguistic_phrase,30,s5_imp_14,S5,imperative,False,8,none,1
linguistic_phrase,30,s5_imp_15,S5,imperative,False,0,none,0
linguistic_phrase,30,s5_dec_01,S5,declarative,False,0,none,0
linguistic_phrase,30,s5_dec_02,S5,declarative,False,0,none,0
linguistic_phrase,30,s5_dec_03,S5,declarative,False,0,none,0
linguistic_phrase,30,s5_dec_04,S5,declarative,False,0,none,0
linguistic_phrase,30,s5_dec_05,S5,declarative,False,4,none,1
linguistic_phrase,30,s5_dec_06,S5,declarative,False,0,none,0
linguistic_phrase,30,s5_dec_07,S5,declarative,False,0,none,0
linguistic_phrase,30,s5_dec_08,S5,declarative,False,0,none,0
linguistic_phrase,30,s5_dec_09,S5,declarative,False,0,none,0
linguistic_phrase,30,s5_dec_10,S5,declarative,False,0,none,0
linguistic_phrase,30,s5_dec_11,S5,declarative,False,0,none,0
linguistic_phrase,30,s5_dec_12,S5,declarative,False,0,none,0
linguistic_phrase,30,s5_dec_13,S5,declarative,False,0,none,0
linguistic_phrase,30,s5_dec_14,S5,declarative,False,0,none,0
linguistic_phrase,30,s5_ind_01,S5,indirect,False,0,none,0
linguistic_phrase,30,s5_ind_02,S5,indirect,False,0,none,0
linguistic_phrase,30,s5_ind_03,S5,indirect,False,0,none,0
linguistic_phrase,30,s5_ind_04,S5,indirect,False,0,none,0
linguistic_phrase,30,s5_ind_05,S5,indirect,False,0,none,0
linguistic_phrase,30,s5_ind_06,S5,indirect,False,0,none,0
linguistic_phrase,30,s5_ind_07,S5,indirect,False,0,none,0
linguistic_phrase,30,s5_ind_08,S5,indirect,False,0,none,0
linguistic_phrase,30,s5_ind_09,S5,indirect,False,0,none,0
linguistic_phrase,30,s5_ind_10,S5,indirect,False,0,none,0
linguistic_phrase,30,s6_rp_01,S6,roleplay,False,4,none,1
linguistic_phrase,30,s6_rp_02,S6,roleplay,False,4,none,1
linguistic_phrase,30,s6_rp_03,S6,roleplay,False,4,none,1
linguistic_phrase,30,s6_rp_04,S6,roleplay,False,0,none,0
linguistic_phrase,30,s6_rp_05,S6,roleplay,False,8,none,1
linguistic_phrase,30,s6_rp_06,S6,roleplay,False,0,none,0
linguistic_phrase,30,s6_rp_07,S6,roleplay,False,0,none,0
linguistic_phrase,30,s6_rp_08,S6,roleplay,False,0,none,0
linguistic_phrase,30,s6_enc_01,S6,encoding,False,4,none,1
linguistic_phrase,30,s6_enc_02,S6,encoding,False,0,none,0
linguistic_phrase,30,s6_enc_03,S6,encoding,False,4,none,1
linguistic_phrase,30,s6_enc_04,S6,encoding,False,4,none,1
linguistic_phrase,30,safe_01,SAFE,benign,False,0,none,0
linguistic_phrase,30,safe_02,SAFE,benign,False,4,none,1
linguistic_phrase,30,safe_03,SAFE,benign,False,4,none,1
linguistic_phrase,30,safe_04,SAFE,benign,False,4,none,1
linguistic_phrase,30,safe_05,SAFE,benign,False,0,none,0
linguistic_phrase,30,safe_06,SAFE,benign,False,0,none,0
linguistic_phrase,30,safe_07,SAFE,benign,False,4,none,1
linguistic_phrase,30,safe_08,SAFE,benign,False,0,none,0
linguistic_phrase,30,safe_09,SAFE,benign,False,0,none,0
linguistic_phrase,30,safe_10,SAFE,benign,False,0,none,0
linguistic_phrase,30,safe_11,SAFE,benign,False,0,none,0
linguistic_phrase,30,safe_12,SAFE,benign,False,4,none,1
linguistic_phrase,30,safe_13,SAFE,benign,False,0,none,0
linguistic_phrase,30,safe_14,SAFE,benign,False,4,none,1
linguistic_phrase,30,safe_15,SAFE,benign,False,0,none,0
linguistic_phrase,30,safe_16,SAFE,benign,False,0,none,0
linguistic_phrase,30,safe_17,SAFE,benign,False,4,none,1
linguistic_phrase,30,safe_18,SAFE,benign,False,0,none,0
linguistic_phrase,30,safe_19,SAFE,benign,False,0,none,0
linguistic_phrase,30,safe_20,SAFE,benign,False,0,none,0
linguistic_phrase,30,hn_p_01,SAFE,legit_prompt,True,8,none,1
linguistic_phrase,30,hn_p_02,SAFE,legit_prompt,True,12,none,1
linguistic_phrase,30,hn_p_03,SAFE,legit_prompt,True,4,none,1
linguistic_phrase,30,hn_p_04,SAFE,legit_prompt,True,8,none,1
linguistic_phrase,30,hn_p_05,SAFE,legit_prompt,True,12,none,1
linguistic_phrase,30,hn_p_06,SAFE,legit_prompt,True,8,none,1
linguistic_phrase,30,hn_p_07,SAFE,legit_prompt,True,8,none,1
linguistic_phrase,30,hn_p_08,SAFE,legit_prompt,True,12,none,1
linguistic_phrase,30,hn_d_01,SAFE,security_doc,False,0,none,0
linguistic_phrase,30,hn_d_02,SAFE,security_doc,False,0,none,0
linguistic_phrase,30,hn_d_03,SAFE,security_doc,False,0,none,0
linguistic_phrase,30,hn_d_04,SAFE,security_doc,False,4,none,1
linguistic_phrase,30,hn_d_05,SAFE,security_doc,False,0,none,0
linguistic_phrase,30,hn_d_06,SAFE,security_doc,False,0,none,0
linguistic_phrase,30,hn_d_07,SAFE,security_doc,False,4,none,1
linguistic_phrase,30,hn_d_08,SAFE,security_doc,False,0,none,0
linguistic_phrase,30,hn_t_01,SAFE,benign_template,True,6,none,0
linguistic_phrase,30,hn_t_02,SAFE,benign_template,True,6,none,0
linguistic_phrase,30,hn_t_03,SAFE,benign_template,True,6,none,0
linguistic_phrase,30,hn_t_04,SAFE,benign_template,True,14,none,0
linguistic_phrase,35,s5_imp_01,S5,imperative,False,0,none,0
linguistic_phrase,35,s5_imp_02,S5,imperative,False,0,none,0
linguistic_phrase,35,s5_imp_03,S5,imperative,False,4,none,1
linguistic_phrase,35,s5_imp_04,S5,imperative,False,0,none,0
linguistic_phrase,35,s5_imp_05,S5,imperative,False,0,none,0
linguistic_phrase,35,s5_imp_06,S5,imperative,False,0,none,0
linguistic_phrase,35,s5_imp_07,S5,imperative,False,0,none,0
linguistic_phrase,35,s5_imp_08,S5,imperative,False,0,none,0
linguistic_phrase,35,s5_imp_09,S5,imperative,False,4,none,1
linguistic_phrase,35,s5_imp_10,S5,imperative,False,0,none,0
linguistic_phrase,35,s5_imp_11,S5,imperative,False,0,none,0
linguistic_phrase,35,s5_imp_12,S5,imperative,False,0,none,0
linguistic_phrase,35,s5_imp_13,S5,imperative,False,0,none,0
linguistic_phrase,35,s5_imp_14,S5,imperative,False,8,none,1
linguistic_phrase,35,s5_imp_15,S5,imperative,False,0,none,0
linguistic_phrase,35,s5_dec_01,S5,declarative,False,0,none,0
linguistic_phrase,35,s5_dec_02,S5,declarative,False,0,none,0
linguistic_phrase,35,s5_dec_03,S5,declarative,False,0,none,0
linguistic_phrase,35,s5_dec_04,S5,declarative,False,0,none,0
linguistic_phrase,35,s5_dec_05,S5,declarative,False,4,none,1
linguistic_phrase,35,s5_dec_06,S5,declarative,False,0,none,0
linguistic_phrase,35,s5_dec_07,S5,declarative,False,0,none,0
linguistic_phrase,35,s5_dec_08,S5,declarative,False,0,none,0
linguistic_phrase,35,s5_dec_09,S5,declarative,False,0,none,0
linguistic_phrase,35,s5_dec_10,S5,declarative,False,0,none,0
linguistic_phrase,35,s5_dec_11,S5,declarative,False,0,none,0
linguistic_phrase,35,s5_dec_12,S5,declarative,False,0,none,0
linguistic_phrase,35,s5_dec_13,S5,declarative,False,0,none,0
linguistic_phrase,35,s5_dec_14,S5,declarative,False,0,none,0
linguistic_phrase,35,s5_ind_01,S5,indirect,False,0,none,0
linguistic_phrase,35,s5_ind_02,S5,indirect,False,0,none,0
linguistic_phrase,35,s5_ind_03,S5,indirect,False,0,none,0
linguistic_phrase,35,s5_ind_04,S5,indirect,False,0,none,0
linguistic_phrase,35,s5_ind_05,S5,indirect,False,0,none,0
linguistic_phrase,35,s5_ind_06,S5,indirect,False,0,none,0
linguistic_phrase,35,s5_ind_07,S5,indirect,False,0,none,0
linguistic_phrase,35,s5_ind_08,S5,indirect,False,0,none,0
linguistic_phrase,35,s5_ind_09,S5,indirect,False,0,none,0
linguistic_phrase,35,s5_ind_10,S5,indirect,False,0,none,0
linguistic_phrase,35,s6_rp_01,S6,roleplay,False,4,none,1
linguistic_phrase,35,s6_rp_02,S6,roleplay,False,4,none,1
linguistic_phrase,35,s6_rp_03,S6,roleplay,False,4,none,1
linguistic_phrase,35,s6_rp_04,S6,roleplay,False,0,none,0
linguistic_phrase,35,s6_rp_05,S6,roleplay,False,8,none,1
linguistic_phrase,35,s6_rp_06,S6,roleplay,False,0,none,0
linguistic_phrase,35,s6_rp_07,S6,roleplay,False,0,none,0
linguistic_phrase,35,s6_rp_08,S6,roleplay,False,0,none,0
linguistic_phrase,35,s6_enc_01,S6,encoding,False,4,none,1
linguistic_phrase,35,s6_enc_02,S6,encoding,False,0,none,0
linguistic_phrase,35,s6_enc_03,S6,encoding,False,4,none,1
linguistic_phrase,35,s6_enc_04,S6,encoding,False,4,none,1
linguistic_phrase,35,safe_01,SAFE,benign,False,0,none,0
linguistic_phrase,35,safe_02,SAFE,benign,False,4,none,1
linguistic_phrase,35,safe_03,SAFE,benign,False,4,none,1
linguistic_phrase,35,safe_04,SAFE,benign,False,4,none,1
linguistic_phrase,35,safe_05,SAFE,benign,False,0,none,0
linguistic_phrase,35,safe_06,SAFE,benign,False,0,none,0
linguistic_phrase,35,safe_07,SAFE,benign,False,4,none,1
linguistic_phrase,35,safe_08,SAFE,benign,False,0,none,0
linguistic_phrase,35,safe_09,SAFE,benign,False,0,none,0
linguistic_phrase,35,safe_10,SAFE,benign,False,0,none,0
linguistic_phrase,35,safe_11,SAFE,benign,False,0,none,0
linguistic_phrase,35,safe_12,SAFE,benign,False,4,none,1
linguistic_phrase,35,safe_13,SAFE,benign,False,0,none,0
linguistic_phrase,35,safe_14,SAFE,benign,False,4,none,1
linguistic_phrase,35,safe_15,SAFE,benign,False,0,none,0
linguistic_phrase,35,safe_16,SAFE,benign,False,0,none,0
linguistic_phrase,35,safe_17,SAFE,benign,False,4,none,1
linguistic_phrase,35,safe_18,SAFE,benign,False,0,none,0
linguistic_phrase,35,safe_19,SAFE,benign,False,0,none,0
linguistic_phrase,35,safe_20,SAFE,benign,False,0,none,0
linguistic_phrase,35,hn_p_01,SAFE,legit_prompt,True,8,none,1
linguistic_phrase,35,hn_p_02,SAFE,legit_prompt,True,12,none,1
linguistic_phrase,35,hn_p_03,SAFE,legit_prompt,True,4,none,1
linguistic_phrase,35,hn_p_04,SAFE,legit_prompt,True,8,none,1
linguistic_phrase,35,hn_p_05,SAFE,legit_prompt,True,12,none,1
linguistic_phrase,35,hn_p_06,SAFE,legit_prompt,True,8,none,1
linguistic_phrase,35,hn_p_07,SAFE,legit_prompt,True,8,none,1
linguistic_phrase,35,hn_p_08,SAFE,legit_prompt,True,12,none,1
linguistic_phrase,35,hn_d_01,SAFE,security_doc,False,0,none,0
linguistic_phrase,35,hn_d_02,SAFE,security_doc,False,0,none,0
linguistic_phrase,35,hn_d_03,SAFE,security_doc,False,0,none,0
linguistic_phrase,35,hn_d_04,SAFE,security_doc,False,4,none,1
linguistic_phrase,35,hn_d_05,SAFE,security_doc,False,0,none,0
linguistic_phrase,35,hn_d_06,SAFE,security_doc,False,0,none,0
linguistic_phrase,35,hn_d_07,SAFE,security_doc,False,4,none,1
linguistic_phrase,35,hn_d_08,SAFE,security_doc,False,0,none,0
linguistic_phrase,35,hn_t_01,SAFE,benign_template,True,6,none,0
linguistic_phrase,35,hn_t_02,SAFE,benign_template,True,6,none,0
linguistic_phrase,35,hn_t_03,SAFE,benign_template,True,6,none,0
linguistic_phrase,35,hn_t_04,SAFE,benign_template,True,14,none,0
linguistic_phrase,40,s5_imp_01,S5,imperative,False,0,none,0
linguistic_phrase,40,s5_imp_02,S5,imperative,False,0,none,0
linguistic_phrase,40,s5_imp_03,S5,imperative,False,4,none,1
linguistic_phrase,40,s5_imp_04,S5,imperative,False,0,none,0
linguistic_phrase,40,s5_imp_05,S5,imperative,False,0,none,0
linguistic_phrase,40,s5_imp_06,S5,imperative,False,0,none,0
linguistic_phrase,40,s5_imp_07,S5,imperative,False,0,none,0
linguistic_phrase,40,s5_imp_08,S5,imperative,False,0,none,0
linguistic_phrase,40,s5_imp_09,S5,imperative,False,4,none,1
linguistic_phrase,40,s5_imp_10,S5,imperative,False,0,none,0
linguistic_phrase,40,s5_imp_11,S5,imperative,False,0,none,0
linguistic_phrase,40,s5_imp_12,S5,imperative,False,0,none,0
linguistic_phrase,40,s5_imp_13,S5,imperative,False,0,none,0
linguistic_phrase,40,s5_imp_14,S5,imperative,False,8,none,1
linguistic_phrase,40,s5_imp_15,S5,imperative,False,0,none,0
linguistic_phrase,40,s5_dec_01,S5,declarative,False,0,none,0
linguistic_phrase,40,s5_dec_02,S5,declarative,False,0,none,0
linguistic_phrase,40,s5_dec_03,S5,declarative,False,0,none,0
linguistic_phrase,40,s5_dec_04,S5,declarative,False,0,none,0
linguistic_phrase,40,s5_dec_05,S5,declarative,False,4,none,1
linguistic_phrase,40,s5_dec_06,S5,declarative,False,0,none,0
linguistic_phrase,40,s5_dec_07,S5,declarative,False,0,none,0
linguistic_phrase,40,s5_dec_08,S5,declarative,False,0,none,0
linguistic_phrase,40,s5_dec_09,S5,declarative,False,0,none,0
linguistic_phrase,40,s5_dec_10,S5,declarative,False,0,none,0
linguistic_phrase,40,s5_dec_11,S5,declarative,False,0,none,0
linguistic_phrase,40,s5_dec_12,S5,declarative,False,0,none,0
linguistic_phrase,40,s5_dec_13,S5,declarative,False,0,none,0
linguistic_phrase,40,s5_dec_14,S5,declarative,False,0,none,0
linguistic_phrase,40,s5_ind_01,S5,indirect,False,0,none,0
linguistic_phrase,40,s5_ind_02,S5,indirect,False,0,none,0
linguistic_phrase,40,s5_ind_03,S5,indirect,False,0,none,0
linguistic_phrase,40,s5_ind_04,S5,indirect,False,0,none,0
linguistic_phrase,40,s5_ind_05,S5,indirect,False,0,none,0
linguistic_phrase,40,s5_ind_06,S5,indirect,False,0,none,0
linguistic_phrase,40,s5_ind_07,S5,indirect,False,0,none,0
linguistic_phrase,40,s5_ind_08,S5,indirect,False,0,none,0
linguistic_phrase,40,s5_ind_09,S5,indirect,False,0,none,0
linguistic_phrase,40,s5_ind_10,S5,indirect,False,0,none,0
linguistic_phrase,40,s6_rp_01,S6,roleplay,False,4,none,1
linguistic_phrase,40,s6_rp_02,S6,roleplay,False,4,none,1
linguistic_phrase,40,s6_rp_03,S6,roleplay,False,4,none,1
linguistic_phrase,40,s6_rp_04,S6,roleplay,False,0,none,0
linguistic_phrase,40,s6_rp_05,S6,roleplay,False,8,none,1
linguistic_phrase,40,s6_rp_06,S6,roleplay,False,0,none,0
linguistic_phrase,40,s6_rp_07,S6,roleplay,False,0,none,0
linguistic_phrase,40,s6_rp_08,S6,roleplay,False,0,none,0
linguistic_phrase,40,s6_enc_01,S6,encoding,False,4,none,1
linguistic_phrase,40,s6_enc_02,S6,encoding,False,0,none,0
linguistic_phrase,40,s6_enc_03,S6,encoding,False,4,none,1
linguistic_phrase,40,s6_enc_04,S6,encoding,False,4,none,1
linguistic_phrase,40,safe_01,SAFE,benign,False,0,none,0
linguistic_phrase,40,safe_02,SAFE,benign,False,4,none,1
linguistic_phrase,40,safe_03,SAFE,benign,False,4,none,1
linguistic_phrase,40,safe_04,SAFE,benign,False,4,none,1
linguistic_phrase,40,safe_05,SAFE,benign,False,0,none,0
linguistic_phrase,40,safe_06,SAFE,benign,False,0,none,0
linguistic_phrase,40,safe_07,SAFE,benign,False,4,none,1
linguistic_phrase,40,safe_08,SAFE,benign,False,0,none,0
linguistic_phrase,40,safe_09,SAFE,benign,False,0,none,0
linguistic_phrase,40,safe_10,SAFE,benign,False,0,none,0
linguistic_phrase,40,safe_11,SAFE,benign,False,0,none,0
linguistic_phrase,40,safe_12,SAFE,benign,False,4,none,1
linguistic_phrase,40,safe_13,SAFE,benign,False,0,none,0
linguistic_phrase,40,safe_14,SAFE,benign,False,4,none,1
linguistic_phrase,40,safe_15,SAFE,benign,False,0,none,0
linguistic_phrase,40,safe_16,SAFE,benign,False,0,none,0
linguistic_phrase,40,safe_17,SAFE,benign,False,4,none,1
linguistic_phrase,40,safe_18,SAFE,benign,False,0,none,0
linguistic_phrase,40,safe_19,SAFE,benign,False,0,none,0
linguistic_phrase,40,safe_20,SAFE,benign,False,0,none,0
linguistic_phrase,40,hn_p_01,SAFE,legit_prompt,True,8,none,1
linguistic_phrase,40,hn_p_02,SAFE,legit_prompt,True,12,none,1
linguistic_phrase,40,hn_p_03,SAFE,legit_prompt,True,4,none,1
linguistic_phrase,40,hn_p_04,SAFE,legit_prompt,True,8,none,1
linguistic_phrase,40,hn_p_05,SAFE,legit_prompt,True,12,none,1
linguistic_phrase,40,hn_p_06,SAFE,legit_prompt,True,8,none,1
linguistic_phrase,40,hn_p_07,SAFE,legit_prompt,True,8,none,1
linguistic_phrase,40,hn_p_08,SAFE,legit_prompt,True,12,none,1
linguistic_phrase,40,hn_d_01,SAFE,security_doc,False,0,none,0
linguistic_phrase,40,hn_d_02,SAFE,security_doc,False,0,none,0
linguistic_phrase,40,hn_d_03,SAFE,security_doc,False,0,none,0
linguistic_phrase,40,hn_d_04,SAFE,security_doc,False,4,none,1
linguistic_phrase,40,hn_d_05,SAFE,security_doc,False,0,none,0
linguistic_phrase,40,hn_d_06,SAFE,security_doc,False,0,none,0
linguistic_phrase,40,hn_d_07,SAFE,security_doc,False,4,none,1
linguistic_phrase,40,hn_d_08,SAFE,security_doc,False,0,none,0
linguistic_phrase,40,hn_t_01,SAFE,benign_template,True,6,none,0
linguistic_phrase,40,hn_t_02,SAFE,benign_template,True,6,none,0
linguistic_phrase,40,hn_t_03,SAFE,benign_template,True,6,none,0
linguistic_phrase,40,hn_t_04,SAFE,benign_template,True,14,none,0
linguistic_phrase,45,s5_imp_01,S5,imperative,False,0,none,0
linguistic_phrase,45,s5_imp_02,S5,imperative,False,0,none,0
linguistic_phrase,45,s5_imp_03,S5,imperative,False,4,none,1
linguistic_phrase,45,s5_imp_04,S5,imperative,False,0,none,0
linguistic_phrase,45,s5_imp_05,S5,imperative,False,0,none,0
linguistic_phrase,45,s5_imp_06,S5,imperative,False,0,none,0
linguistic_phrase,45,s5_imp_07,S5,imperative,False,0,none,0
linguistic_phrase,45,s5_imp_08,S5,imperative,False,0,none,0
linguistic_phrase,45,s5_imp_09,S5,imperative,False,4,none,1
linguistic_phrase,45,s5_imp_10,S5,imperative,False,0,none,0
linguistic_phrase,45,s5_imp_11,S5,imperative,False,0,none,0
linguistic_phrase,45,s5_imp_12,S5,imperative,False,0,none,0
linguistic_phrase,45,s5_imp_13,S5,imperative,False,0,none,0
linguistic_phrase,45,s5_imp_14,S5,imperative,False,8,none,1
linguistic_phrase,45,s5_imp_15,S5,imperative,False,0,none,0
linguistic_phrase,45,s5_dec_01,S5,declarative,False,0,none,0
linguistic_phrase,45,s5_dec_02,S5,declarative,False,0,none,0
linguistic_phrase,45,s5_dec_03,S5,declarative,False,0,none,0
linguistic_phrase,45,s5_dec_04,S5,declarative,False,0,none,0
linguistic_phrase,45,s5_dec_05,S5,declarative,False,4,none,1
linguistic_phrase,45,s5_dec_06,S5,declarative,False,0,none,0
linguistic_phrase,45,s5_dec_07,S5,declarative,False,0,none,0
linguistic_phrase,45,s5_dec_08,S5,declarative,False,0,none,0
linguistic_phrase,45,s5_dec_09,S5,declarative,False,0,none,0
linguistic_phrase,45,s5_dec_10,S5,declarative,False,0,none,0
linguistic_phrase,45,s5_dec_11,S5,declarative,False,0,none,0
linguistic_phrase,45,s5_dec_12,S5,declarative,False,0,none,0
linguistic_phrase,45,s5_dec_13,S5,declarative,False,0,none,0
linguistic_phrase,45,s5_dec_14,S5,declarative,False,0,none,0
linguistic_phrase,45,s5_ind_01,S5,indirect,False,0,none,0
linguistic_phrase,45,s5_ind_02,S5,indirect,False,0,none,0
linguistic_phrase,45,s5_ind_03,S5,indirect,False,0,none,0
linguistic_phrase,45,s5_ind_04,S5,indirect,False,0,none,0
linguistic_phrase,45,s5_ind_05,S5,indirect,False,0,none,0
linguistic_phrase,45,s5_ind_06,S5,indirect,False,0,none,0
linguistic_phrase,45,s5_ind_07,S5,indirect,False,0,none,0
linguistic_phrase,45,s5_ind_08,S5,indirect,False,0,none,0
linguistic_phrase,45,s5_ind_09,S5,indirect,False,0,none,0
linguistic_phrase,45,s5_ind_10,S5,indirect,False,0,none,0
linguistic_phrase,45,s6_rp_01,S6,roleplay,False,4,none,1
linguistic_phrase,45,s6_rp_02,S6,roleplay,False,4,none,1
linguistic_phrase,45,s6_rp_03,S6,roleplay,False,4,none,1
linguistic_phrase,45,s6_rp_04,S6,roleplay,False,0,none,0
linguistic_phrase,45,s6_rp_05,S6,roleplay,False,8,none,1
linguistic_phrase,45,s6_rp_06,S6,roleplay,False,0,none,0
linguistic_phrase,45,s6_rp_07,S6,roleplay,False,0,none,0
linguistic_phrase,45,s6_rp_08,S6,roleplay,False,0,none,0
linguistic_phrase,45,s6_enc_01,S6,encoding,False,4,none,1
linguistic_phrase,45,s6_enc_02,S6,encoding,False,0,none,0
linguistic_phrase,45,s6_enc_03,S6,encoding,False,4,none,1
linguistic_phrase,45,s6_enc_04,S6,encoding,False,4,none,1
linguistic_phrase,45,safe_01,SAFE,benign,False,0,none,0
linguistic_phrase,45,safe_02,SAFE,benign,False,4,none,1
linguistic_phrase,45,safe_03,SAFE,benign,False,4,none,1
linguistic_phrase,45,safe_04,SAFE,benign,False,4,none,1
linguistic_phrase,45,safe_05,SAFE,benign,False,0,none,0
linguistic_phrase,45,safe_06,SAFE,benign,False,0,none,0
linguistic_phrase,45,safe_07,SAFE,benign,False,4,none,1
linguistic_phrase,45,safe_08,SAFE,benign,False,0,none,0
linguistic_phrase,45,safe_09,SAFE,benign,False,0,none,0
linguistic_phrase,45,safe_10,SAFE,benign,False,0,none,0
linguistic_phrase,45,safe_11,SAFE,benign,False,0,none,0
linguistic_phrase,45,safe_12,SAFE,benign,False,4,none,1
linguistic_phrase,45,safe_13,SAFE,benign,False,0,none,0
linguistic_phrase,45,safe_14,SAFE,benign,False,4,none,1
linguistic_phrase,45,safe_15,SAFE,benign,False,0,none,0
linguistic_phrase,45,safe_16,SAFE,benign,False,0,none,0
linguistic_phrase,45,safe_17,SAFE,benign,False,4,none,1
linguistic_phrase,45,safe_18,SAFE,benign,False,0,none,0
linguistic_phrase,45,safe_19,SAFE,benign,False,0,none,0
linguistic_phrase,45,safe_20,SAFE,benign,False,0,none,0
linguistic_phrase,45,hn_p_01,SAFE,legit_prompt,True,8,none,1
linguistic_phrase,45,hn_p_02,SAFE,legit_prompt,True,12,none,1
linguistic_phrase,45,hn_p_03,SAFE,legit_prompt,True,4,none,1
linguistic_phrase,45,hn_p_04,SAFE,legit_prompt,True,8,none,1
linguistic_phrase,45,hn_p_05,SAFE,legit_prompt,True,12,none,1
linguistic_phrase,45,hn_p_06,SAFE,legit_prompt,True,8,none,1
linguistic_phrase,45,hn_p_07,SAFE,legit_prompt,True,8,none,1
linguistic_phrase,45,hn_p_08,SAFE,legit_prompt,True,12,none,1
linguistic_phrase,45,hn_d_01,SAFE,security_doc,False,0,none,0
linguistic_phrase,45,hn_d_02,SAFE,security_doc,False,0,none,0
linguistic_phrase,45,hn_d_03,SAFE,security_doc,False,0,none,0
linguistic_phrase,45,hn_d_04,SAFE,security_doc,False,4,none,1
linguistic_phrase,45,hn_d_05,SAFE,security_doc,False,0,none,0
linguistic_phrase,45,hn_d_06,SAFE,security_doc,False,0,none,0
linguistic_phrase,45,hn_d_07,SAFE,security_doc,False,4,none,1
linguistic_phrase,45,hn_d_08,SAFE,security_doc,False,0,none,0
linguistic_phrase,45,hn_t_01,SAFE,benign_template,True,6,none,0
linguistic_phrase,45,hn_t_02,SAFE,benign_template,True,6,none,0
linguistic_phrase,45,hn_t_03,SAFE,benign_template,True,6,none,0
linguistic_phrase,45,hn_t_04,SAFE,benign_template,True,14,none,0
linguistic_phrase,50,s5_imp_01,S5,imperative,False,0,none,0
linguistic_phrase,50,s5_imp_02,S5,imperative,False,0,none,0
linguistic_phrase,50,s5_imp_03,S5,imperative,False,4,none,1
linguistic_phrase,50,s5_imp_04,S5,imperative,False,0,none,0
linguistic_phrase,50,s5_imp_05,S5,imperative,False,0,none,0
linguistic_phrase,50,s5_imp_06,S5,imperative,False,0,none,0
linguistic_phrase,50,s5_imp_07,S5,imperative,False,0,none,0
linguistic_phrase,50,s5_imp_08,S5,imperative,False,0,none,0
linguistic_phrase,50,s5_imp_09,S5,imperative,False,4,none,1
linguistic_phrase,50,s5_imp_10,S5,imperative,False,0,none,0
linguistic_phrase,50,s5_imp_11,S5,imperative,False,0,none,0
linguistic_phrase,50,s5_imp_12,S5,imperative,False,0,none,0
linguistic_phrase,50,s5_imp_13,S5,imperative,False,0,none,0
linguistic_phrase,50,s5_imp_14,S5,imperative,False,8,none,1
linguistic_phrase,50,s5_imp_15,S5,imperative,False,0,none,0
linguistic_phrase,50,s5_dec_01,S5,declarative,False,0,none,0
linguistic_phrase,50,s5_dec_02,S5,declarative,False,0,none,0
linguistic_phrase,50,s5_dec_03,S5,declarative,False,0,none,0
linguistic_phrase,50,s5_dec_04,S5,declarative,False,0,none,0
linguistic_phrase,50,s5_dec_05,S5,declarative,False,4,none,1
linguistic_phrase,50,s5_dec_06,S5,declarative,False,0,none,0
linguistic_phrase,50,s5_dec_07,S5,declarative,False,0,none,0
linguistic_phrase,50,s5_dec_08,S5,declarative,False,0,none,0
linguistic_phrase,50,s5_dec_09,S5,declarative,False,0,none,0
linguistic_phrase,50,s5_dec_10,S5,declarative,False,0,none,0
linguistic_phrase,50,s5_dec_11,S5,declarative,False,0,none,0
linguistic_phrase,50,s5_dec_12,S5,declarative,False,0,none,0
linguistic_phrase,50,s5_dec_13,S5,declarative,False,0,none,0
linguistic_phrase,50,s5_dec_14,S5,declarative,False,0,none,0
linguistic_phrase,50,s5_ind_01,S5,indirect,False,0,none,0
linguistic_phrase,50,s5_ind_02,S5,indirect,False,0,none,0
linguistic_phrase,50,s5_ind_03,S5,indirect,False,0,none,0
linguistic_phrase,50,s5_ind_04,S5,indirect,False,0,none,0
linguistic_phrase,50,s5_ind_05,S5,indirect,False,0,none,0
linguistic_phrase,50,s5_ind_06,S5,indirect,False,0,none,0
linguistic_phrase,50,s5_ind_07,S5,indirect,False,0,none,0
linguistic_phrase,50,s5_ind_08,S5,indirect,False,0,none,0
linguistic_phrase,50,s5_ind_09,S5,indirect,False,0,none,0
linguistic_phrase,50,s5_ind_10,S5,indirect,False,0,none,0
linguistic_phrase,50,s6_rp_01,S6,roleplay,False,4,none,1
linguistic_phrase,50,s6_rp_02,S6,roleplay,False,4,none,1
linguistic_phrase,50,s6_rp_03,S6,roleplay,False,4,none,1
linguistic_phrase,50,s6_rp_04,S6,roleplay,False,0,none,0
linguistic_phrase,50,s6_rp_05,S6,roleplay,False,8,none,1
linguistic_phrase,50,s6_rp_06,S6,roleplay,False,0,none,0
linguistic_phrase,50,s6_rp_07,S6,roleplay,False,0,none,0
linguistic_phrase,50,s6_rp_08,S6,roleplay,False,0,none,0
linguistic_phrase,50,s6_enc_01,S6,encoding,False,4,none,1
linguistic_phrase,50,s6_enc_02,S6,encoding,False,0,none,0
linguistic_phrase,50,s6_enc_03,S6,encoding,False,4,none,1
linguistic_phrase,50,s6_enc_04,S6,encoding,False,4,none,1
linguistic_phrase,50,safe_01,SAFE,benign,False,0,none,0
linguistic_phrase,50,safe_02,SAFE,benign,False,4,none,1
linguistic_phrase,50,safe_03,SAFE,benign,False,4,none,1
linguistic_phrase,50,safe_04,SAFE,benign,False,4,none,1
linguistic_phrase,50,safe_05,SAFE,benign,False,0,none,0
linguistic_phrase,50,safe_06,SAFE,benign,False,0,none,0
linguistic_phrase,50,safe_07,SAFE,benign,False,4,none,1
linguistic_phrase,50,safe_08,SAFE,benign,False,0,none,0
linguistic_phrase,50,safe_09,SAFE,benign,False,0,none,0
linguistic_phrase,50,safe_10,SAFE,benign,False,0,none,0
linguistic_phrase,50,safe_11,SAFE,benign,False,0,none,0
linguistic_phrase,50,safe_12,SAFE,benign,False,4,none,1
linguistic_phrase,50,safe_13,SAFE,benign,False,0,none,0
linguistic_phrase,50,safe_14,SAFE,benign,False,4,none,1
linguistic_phrase,50,safe_15,SAFE,benign,False,0,none,0
linguistic_phrase,50,safe_16,SAFE,benign,False,0,none,0
linguistic_phrase,50,safe_17,SAFE,benign,False,4,none,1
linguistic_phrase,50,safe_18,SAFE,benign,False,0,none,0
linguistic_phrase,50,safe_19,SAFE,benign,False,0,none,0
linguistic_phrase,50,safe_20,SAFE,benign,False,0,none,0
linguistic_phrase,50,hn_p_01,SAFE,legit_prompt,True,8,none,1
linguistic_phrase,50,hn_p_02,SAFE,legit_prompt,True,12,none,1
linguistic_phrase,50,hn_p_03,SAFE,legit_prompt,True,4,none,1
linguistic_phrase,50,hn_p_04,SAFE,legit_prompt,True,8,none,1
linguistic_phrase,50,hn_p_05,SAFE,legit_prompt,True,12,none,1
linguistic_phrase,50,hn_p_06,SAFE,legit_prompt,True,8,none,1
linguistic_phrase,50,hn_p_07,SAFE,legit_prompt,True,8,none,1
linguistic_phrase,50,hn_p_08,SAFE,legit_prompt,True,12,none,1
linguistic_phrase,50,hn_d_01,SAFE,security_doc,False,0,none,0
linguistic_phrase,50,hn_d_02,SAFE,security_doc,False,0,none,0
linguistic_phrase,50,hn_d_03,SAFE,security_doc,False,0,none,0
linguistic_phrase,50,hn_d_04,SAFE,security_doc,False,4,none,1
linguistic_phrase,50,hn_d_05,SAFE,security_doc,False,0,none,0
linguistic_phrase,50,hn_d_06,SAFE,security_doc,False,0,none,0
linguistic_phrase,50,hn_d_07,SAFE,security_doc,False,4,none,1
linguistic_phrase,50,hn_d_08,SAFE,security_doc,False,0,none,0
linguistic_phrase,50,hn_t_01,SAFE,benign_template,True,6,none,0
linguistic_phrase,50,hn_t_02,SAFE,benign_template,True,6,none,0
linguistic_phrase,50,hn_t_03,SAFE,benign_template,True,6,none,0
linguistic_phrase,50,hn_t_04,SAFE,benign_template,True,14,none,0
linguistic_phrase,60,s5_imp_01,S5,imperative,False,0,none,0
linguistic_phrase,60,s5_imp_02,S5,imperative,False,0,none,0
linguistic_phrase,60,s5_imp_03,S5,imperative,False,4,none,1
linguistic_phrase,60,s5_imp_04,S5,imperative,False,0,none,0
linguistic_phrase,60,s5_imp_05,S5,imperative,False,0,none,0
linguistic_phrase,60,s5_imp_06,S5,imperative,False,0,none,0
linguistic_phrase,60,s5_imp_07,S5,imperative,False,0,none,0
linguistic_phrase,60,s5_imp_08,S5,imperative,False,0,none,0
linguistic_phrase,60,s5_imp_09,S5,imperative,False,4,none,1
linguistic_phrase,60,s5_imp_10,S5,imperative,False,0,none,0
linguistic_phrase,60,s5_imp_11,S5,imperative,False,0,none,0
linguistic_phrase,60,s5_imp_12,S5,imperative,False,0,none,0
linguistic_phrase,60,s5_imp_13,S5,imperative,False,0,none,0
linguistic_phrase,60,s5_imp_14,S5,imperative,False,8,none,1
linguistic_phrase,60,s5_imp_15,S5,imperative,False,0,none,0
linguistic_phrase,60,s5_dec_01,S5,declarative,False,0,none,0
linguistic_phrase,60,s5_dec_02,S5,declarative,False,0,none,0
linguistic_phrase,60,s5_dec_03,S5,declarative,False,0,none,0
linguistic_phrase,60,s5_dec_04,S5,declarative,False,0,none,0
linguistic_phrase,60,s5_dec_05,S5,declarative,False,4,none,1
linguistic_phrase,60,s5_dec_06,S5,declarative,False,0,none,0
linguistic_phrase,60,s5_dec_07,S5,declarative,False,0,none,0
linguistic_phrase,60,s5_dec_08,S5,declarative,False,0,none,0
linguistic_phrase,60,s5_dec_09,S5,declarative,False,0,none,0
linguistic_phrase,60,s5_dec_10,S5,declarative,False,0,none,0
linguistic_phrase,60,s5_dec_11,S5,declarative,False,0,none,0
linguistic_phrase,60,s5_dec_12,S5,declarative,False,0,none,0
linguistic_phrase,60,s5_dec_13,S5,declarative,False,0,none,0
linguistic_phrase,60,s5_dec_14,S5,declarative,False,0,none,0
linguistic_phrase,60,s5_ind_01,S5,indirect,False,0,none,0
linguistic_phrase,60,s5_ind_02,S5,indirect,False,0,none,0
linguistic_phrase,60,s5_ind_03,S5,indirect,False,0,none,0
linguistic_phrase,60,s5_ind_04,S5,indirect,False,0,none,0
linguistic_phrase,60,s5_ind_05,S5,indirect,False,0,none,0
linguistic_phrase,60,s5_ind_06,S5,indirect,False,0,none,0
linguistic_phrase,60,s5_ind_07,S5,indirect,False,0,none,0
linguistic_phrase,60,s5_ind_08,S5,indirect,False,0,none,0
linguistic_phrase,60,s5_ind_09,S5,indirect,False,0,none,0
linguistic_phrase,60,s5_ind_10,S5,indirect,False,0,none,0
linguistic_phrase,60,s6_rp_01,S6,roleplay,False,4,none,1
linguistic_phrase,60,s6_rp_02,S6,roleplay,False,4,none,1
linguistic_phrase,60,s6_rp_03,S6,roleplay,False,4,none,1
linguistic_phrase,60,s6_rp_04,S6,roleplay,False,0,none,0
linguistic_phrase,60,s6_rp_05,S6,roleplay,False,8,none,1
linguistic_phrase,60,s6_rp_06,S6,roleplay,False,0,none,0
linguistic_phrase,60,s6_rp_07,S6,roleplay,False,0,none,0
linguistic_phrase,60,s6_rp_08,S6,roleplay,False,0,none,0
linguistic_phrase,60,s6_enc_01,S6,encoding,False,4,none,1
linguistic_phrase,60,s6_enc_02,S6,encoding,False,0,none,0
linguistic_phrase,60,s6_enc_03,S6,encoding,False,4,none,1
linguistic_phrase,60,s6_enc_04,S6,encoding,False,4,none,1
linguistic_phrase,60,safe_01,SAFE,benign,False,0,none,0
linguistic_phrase,60,safe_02,SAFE,benign,False,4,none,1
linguistic_phrase,60,safe_03,SAFE,benign,False,4,none,1
linguistic_phrase,60,safe_04,SAFE,benign,False,4,none,1
linguistic_phrase,60,safe_05,SAFE,benign,False,0,none,0
linguistic_phrase,60,safe_06,SAFE,benign,False,0,none,0
linguistic_phrase,60,safe_07,SAFE,benign,False,4,none,1
linguistic_phrase,60,safe_08,SAFE,benign,False,0,none,0
linguistic_phrase,60,safe_09,SAFE,benign,False,0,none,0
linguistic_phrase,60,safe_10,SAFE,benign,False,0,none,0
linguistic_phrase,60,safe_11,SAFE,benign,False,0,none,0
linguistic_phrase,60,safe_12,SAFE,benign,False,4,none,1
linguistic_phrase,60,safe_13,SAFE,benign,False,0,none,0
linguistic_phrase,60,safe_14,SAFE,benign,False,4,none,1
linguistic_phrase,60,safe_15,SAFE,benign,False,0,none,0
linguistic_phrase,60,safe_16,SAFE,benign,False,0,none,0
linguistic_phrase,60,safe_17,SAFE,benign,False,4,none,1
linguistic_phrase,60,safe_18,SAFE,benign,False,0,none,0
linguistic_phrase,60,safe_19,SAFE,benign,False,0,none,0
linguistic_phrase,60,safe_20,SAFE,benign,False,0,none,0
linguistic_phrase,60,hn_p_01,SAFE,legit_prompt,True,8,none,1
linguistic_phrase,60,hn_p_02,SAFE,legit_prompt,True,12,none,1
linguistic_phrase,60,hn_p_03,SAFE,legit_prompt,True,4,none,1
linguistic_phrase,60,hn_p_04,SAFE,legit_prompt,True,8,none,1
linguistic_phrase,60,hn_p_05,SAFE,legit_prompt,True,12,none,1
linguistic_phrase,60,hn_p_06,SAFE,legit_prompt,True,8,none,1
linguistic_phrase,60,hn_p_07,SAFE,legit_prompt,True,8,none,1
linguistic_phrase,60,hn_p_08,SAFE,legit_prompt,True,12,none,1
linguistic_phrase,60,hn_d_01,SAFE,security_doc,False,0,none,0
linguistic_phrase,60,hn_d_02,SAFE,security_doc,False,0,none,0
linguistic_phrase,60,hn_d_03,SAFE,security_doc,False,0,none,0
linguistic_phrase,60,hn_d_04,SAFE,security_doc,False,4,none,1
linguistic_phrase,60,hn_d_05,SAFE,security_doc,False,0,none,0
linguistic_phrase,60,hn_d_06,SAFE,security_doc,False,0,none,0
linguistic_phrase,60,hn_d_07,SAFE,security_doc,False,4,none,1
linguistic_phrase,60,hn_d_08,SAFE,security_doc,False,0,none,0
linguistic_phrase,60,hn_t_01,SAFE,benign_template,True,6,none,0
linguistic_phrase,60,hn_t_02,SAFE,benign_template,True,6,none,0
linguistic_phrase,60,hn_t_03,SAFE,benign_template,True,6,none,0
linguistic_phrase,60,hn_t_04,SAFE,benign_template,True,14,none,0
linguistic_phrase,70,s5_imp_01,S5,imperative,False,0,none,0
linguistic_phrase,70,s5_imp_02,S5,imperative,False,0,none,0
linguistic_phrase,70,s5_imp_03,S5,imperative,False,4,none,1
linguistic_phrase,70,s5_imp_04,S5,imperative,False,0,none,0
linguistic_phrase,70,s5_imp_05,S5,imperative,False,0,none,0
linguistic_phrase,70,s5_imp_06,S5,imperative,False,0,none,0
linguistic_phrase,70,s5_imp_07,S5,imperative,False,0,none,0
linguistic_phrase,70,s5_imp_08,S5,imperative,False,0,none,0
linguistic_phrase,70,s5_imp_09,S5,imperative,False,4,none,1
linguistic_phrase,70,s5_imp_10,S5,imperative,False,0,none,0
linguistic_phrase,70,s5_imp_11,S5,imperative,False,0,none,0
linguistic_phrase,70,s5_imp_12,S5,imperative,False,0,none,0
linguistic_phrase,70,s5_imp_13,S5,imperative,False,0,none,0
linguistic_phrase,70,s5_imp_14,S5,imperative,False,8,none,1
linguistic_phrase,70,s5_imp_15,S5,imperative,False,0,none,0
linguistic_phrase,70,s5_dec_01,S5,declarative,False,0,none,0
linguistic_phrase,70,s5_dec_02,S5,declarative,False,0,none,0
linguistic_phrase,70,s5_dec_03,S5,declarative,False,0,none,0
linguistic_phrase,70,s5_dec_04,S5,declarative,False,0,none,0
linguistic_phrase,70,s5_dec_05,S5,declarative,False,4,none,1
linguistic_phrase,70,s5_dec_06,S5,declarative,False,0,none,0
linguistic_phrase,70,s5_dec_07,S5,declarative,False,0,none,0
linguistic_phrase,70,s5_dec_08,S5,declarative,False,0,none,0
linguistic_phrase,70,s5_dec_09,S5,declarative,False,0,none,0
linguistic_phrase,70,s5_dec_10,S5,declarative,False,0,none,0
linguistic_phrase,70,s5_dec_11,S5,declarative,False,0,none,0
linguistic_phrase,70,s5_dec_12,S5,declarative,False,0,none,0
linguistic_phrase,70,s5_dec_13,S5,declarative,False,0,none,0
linguistic_phrase,70,s5_dec_14,S5,declarative,False,0,none,0
linguistic_phrase,70,s5_ind_01,S5,indirect,False,0,none,0
linguistic_phrase,70,s5_ind_02,S5,indirect,False,0,none,0
linguistic_phrase,70,s5_ind_03,S5,indirect,False,0,none,0
linguistic_phrase,70,s5_ind_04,S5,indirect,False,0,none,0
linguistic_phrase,70,s5_ind_05,S5,indirect,False,0,none,0
linguistic_phrase,70,s5_ind_06,S5,indirect,False,0,none,0
linguistic_phrase,70,s5_ind_07,S5,indirect,False,0,none,0
linguistic_phrase,70,s5_ind_08,S5,indirect,False,0,none,0
linguistic_phrase,70,s5_ind_09,S5,indirect,False,0,none,0
linguistic_phrase,70,s5_ind_10,S5,indirect,False,0,none,0
linguistic_phrase,70,s6_rp_01,S6,roleplay,False,4,none,1
linguistic_phrase,70,s6_rp_02,S6,roleplay,False,4,none,1
linguistic_phrase,70,s6_rp_03,S6,roleplay,False,4,none,1
linguistic_phrase,70,s6_rp_04,S6,roleplay,False,0,none,0
linguistic_phrase,70,s6_rp_05,S6,roleplay,False,8,none,1
linguistic_phrase,70,s6_rp_06,S6,roleplay,False,0,none,0
linguistic_phrase,70,s6_rp_07,S6,roleplay,False,0,none,0
linguistic_phrase,70,s6_rp_08,S6,roleplay,False,0,none,0
linguistic_phrase,70,s6_enc_01,S6,encoding,False,4,none,1
linguistic_phrase,70,s6_enc_02,S6,encoding,False,0,none,0
linguistic_phrase,70,s6_enc_03,S6,encoding,False,4,none,1
linguistic_phrase,70,s6_enc_04,S6,encoding,False,4,none,1
linguistic_phrase,70,safe_01,SAFE,benign,False,0,none,0
linguistic_phrase,70,safe_02,SAFE,benign,False,4,none,1
linguistic_phrase,70,safe_03,SAFE,benign,False,4,none,1
linguistic_phrase,70,safe_04,SAFE,benign,False,4,none,1
linguistic_phrase,70,safe_05,SAFE,benign,False,0,none,0
linguistic_phrase,70,safe_06,SAFE,benign,False,0,none,0
linguistic_phrase,70,safe_07,SAFE,benign,False,4,none,1
linguistic_phrase,70,safe_08,SAFE,benign,False,0,none,0
linguistic_phrase,70,safe_09,SAFE,benign,False,0,none,0
linguistic_phrase,70,safe_10,SAFE,benign,False,0,none,0
linguistic_phrase,70,safe_11,SAFE,benign,False,0,none,0
linguistic_phrase,70,safe_12,SAFE,benign,False,4,none,1
linguistic_phrase,70,safe_13,SAFE,benign,False,0,none,0
linguistic_phrase,70,safe_14,SAFE,benign,False,4,none,1
linguistic_phrase,70,safe_15,SAFE,benign,False,0,none,0
linguistic_phrase,70,safe_16,SAFE,benign,False,0,none,0
linguistic_phrase,70,safe_17,SAFE,benign,False,4,none,1
linguistic_phrase,70,safe_18,SAFE,benign,False,0,none,0
linguistic_phrase,70,safe_19,SAFE,benign,False,0,none,0
linguistic_phrase,70,safe_20,SAFE,benign,False,0,none,0
linguistic_phrase,70,hn_p_01,SAFE,legit_prompt,True,8,none,1
linguistic_phrase,70,hn_p_02,SAFE,legit_prompt,True,12,none,1
linguistic_phrase,70,hn_p_03,SAFE,legit_prompt,True,4,none,1
linguistic_phrase,70,hn_p_04,SAFE,legit_prompt,True,8,none,1
linguistic_phrase,70,hn_p_05,SAFE,legit_prompt,True,12,none,1
linguistic_phrase,70,hn_p_06,SAFE,legit_prompt,True,8,none,1
linguistic_phrase,70,hn_p_07,SAFE,legit_prompt,True,8,none,1
linguistic_phrase,70,hn_p_08,SAFE,legit_prompt,True,12,none,1
linguistic_phrase,70,hn_d_01,SAFE,security_doc,False,0,none,0
linguistic_phrase,70,hn_d_02,SAFE,security_doc,False,0,none,0
linguistic_phrase,70,hn_d_03,SAFE,security_doc,False,0,none,0
linguistic_phrase,70,hn_d_04,SAFE,security_doc,False,4,none,1
linguistic_phrase,70,hn_d_05,SAFE,security_doc,False,0,none,0
linguistic_phrase,70,hn_d_06,SAFE,security_doc,False,0,none,0
linguistic_phrase,70,hn_d_07,SAFE,security_doc,False,4,none,1
linguistic_phrase,70,hn_d_08,SAFE,security_doc,False,0,none,0
linguistic_phrase,70,hn_t_01,SAFE,benign_template,True,6,none,0
linguistic_phrase,70,hn_t_02,SAFE,benign_template,True,6,none,0
linguistic_phrase,70,hn_t_03,SAFE,benign_template,True,6,none,0
linguistic_phrase,70,hn_t_04,SAFE,benign_template,True,14,none,0
linguistic_phrase,80,s5_imp_01,S5,imperative,False,0,none,0
linguistic_phrase,80,s5_imp_02,S5,imperative,False,0,none,0
linguistic_phrase,80,s5_imp_03,S5,imperative,False,4,none,1
linguistic_phrase,80,s5_imp_04,S5,imperative,False,0,none,0
linguistic_phrase,80,s5_imp_05,S5,imperative,False,0,none,0
linguistic_phrase,80,s5_imp_06,S5,imperative,False,0,none,0
linguistic_phrase,80,s5_imp_07,S5,imperative,False,0,none,0
linguistic_phrase,80,s5_imp_08,S5,imperative,False,0,none,0
linguistic_phrase,80,s5_imp_09,S5,imperative,False,4,none,1
linguistic_phrase,80,s5_imp_10,S5,imperative,False,0,none,0
linguistic_phrase,80,s5_imp_11,S5,imperative,False,0,none,0
linguistic_phrase,80,s5_imp_12,S5,imperative,False,0,none,0
linguistic_phrase,80,s5_imp_13,S5,imperative,False,0,none,0
linguistic_phrase,80,s5_imp_14,S5,imperative,False,8,none,1
linguistic_phrase,80,s5_imp_15,S5,imperative,False,0,none,0
linguistic_phrase,80,s5_dec_01,S5,declarative,False,0,none,0
linguistic_phrase,80,s5_dec_02,S5,declarative,False,0,none,0
linguistic_phrase,80,s5_dec_03,S5,declarative,False,0,none,0
linguistic_phrase,80,s5_dec_04,S5,declarative,False,0,none,0
linguistic_phrase,80,s5_dec_05,S5,declarative,False,4,none,1
linguistic_phrase,80,s5_dec_06,S5,declarative,False,0,none,0
linguistic_phrase,80,s5_dec_07,S5,declarative,False,0,none,0
linguistic_phrase,80,s5_dec_08,S5,declarative,False,0,none,0
linguistic_phrase,80,s5_dec_09,S5,declarative,False,0,none,0
linguistic_phrase,80,s5_dec_10,S5,declarative,False,0,none,0
linguistic_phrase,80,s5_dec_11,S5,declarative,False,0,none,0
linguistic_phrase,80,s5_dec_12,S5,declarative,False,0,none,0
linguistic_phrase,80,s5_dec_13,S5,declarative,False,0,none,0
linguistic_phrase,80,s5_dec_14,S5,declarative,False,0,none,0
linguistic_phrase,80,s5_ind_01,S5,indirect,False,0,none,0
linguistic_phrase,80,s5_ind_02,S5,indirect,False,0,none,0
linguistic_phrase,80,s5_ind_03,S5,indirect,False,0,none,0
linguistic_phrase,80,s5_ind_04,S5,indirect,False,0,none,0
linguistic_phrase,80,s5_ind_05,S5,indirect,False,0,none,0
linguistic_phrase,80,s5_ind_06,S5,indirect,False,0,none,0
linguistic_phrase,80,s5_ind_07,S5,indirect,False,0,none,0
linguistic_phrase,80,s5_ind_08,S5,indirect,False,0,none,0
linguistic_phrase,80,s5_ind_09,S5,indirect,False,0,none,0
linguistic_phrase,80,s5_ind_10,S5,indirect,False,0,none,0
linguistic_phrase,80,s6_rp_01,S6,roleplay,False,4,none,1
linguistic_phrase,80,s6_rp_02,S6,roleplay,False,4,none,1
linguistic_phrase,80,s6_rp_03,S6,roleplay,False,4,none,1
linguistic_phrase,80,s6_rp_04,S6,roleplay,False,0,none,0
linguistic_phrase,80,s6_rp_05,S6,roleplay,False,8,none,1
linguistic_phrase,80,s6_rp_06,S6,roleplay,False,0,none,0
linguistic_phrase,80,s6_rp_07,S6,roleplay,False,0,none,0
linguistic_phrase,80,s6_rp_08,S6,roleplay,False,0,none,0
linguistic_phrase,80,s6_enc_01,S6,encoding,False,4,none,1
linguistic_phrase,80,s6_enc_02,S6,encoding,False,0,none,0
linguistic_phrase,80,s6_enc_03,S6,encoding,False,4,none,1
linguistic_phrase,80,s6_enc_04,S6,encoding,False,4,none,1
linguistic_phrase,80,safe_01,SAFE,benign,False,0,none,0
linguistic_phrase,80,safe_02,SAFE,benign,False,4,none,1
linguistic_phrase,80,safe_03,SAFE,benign,False,4,none,1
linguistic_phrase,80,safe_04,SAFE,benign,False,4,none,1
linguistic_phrase,80,safe_05,SAFE,benign,False,0,none,0
linguistic_phrase,80,safe_06,SAFE,benign,False,0,none,0
linguistic_phrase,80,safe_07,SAFE,benign,False,4,none,1
linguistic_phrase,80,safe_08,SAFE,benign,False,0,none,0
linguistic_phrase,80,safe_09,SAFE,benign,False,0,none,0
linguistic_phrase,80,safe_10,SAFE,benign,False,0,none,0
linguistic_phrase,80,safe_11,SAFE,benign,False,0,none,0
linguistic_phrase,80,safe_12,SAFE,benign,False,4,none,1
linguistic_phrase,80,safe_13,SAFE,benign,False,0,none,0
linguistic_phrase,80,safe_14,SAFE,benign,False,4,none,1
linguistic_phrase,80,safe_15,SAFE,benign,False,0,none,0
linguistic_phrase,80,safe_16,SAFE,benign,False,0,none,0
linguistic_phrase,80,safe_17,SAFE,benign,False,4,none,1
linguistic_phrase,80,safe_18,SAFE,benign,False,0,none,0
linguistic_phrase,80,safe_19,SAFE,benign,False,0,none,0
linguistic_phrase,80,safe_20,SAFE,benign,False,0,none,0
linguistic_phrase,80,hn_p_01,SAFE,legit_prompt,True,8,none,1
linguistic_phrase,80,hn_p_02,SAFE,legit_prompt,True,12,none,1
linguistic_phrase,80,hn_p_03,SAFE,legit_prompt,True,4,none,1
linguistic_phrase,80,hn_p_04,SAFE,legit_prompt,True,8,none,1
linguistic_phrase,80,hn_p_05,SAFE,legit_prompt,True,12,none,1
linguistic_phrase,80,hn_p_06,SAFE,legit_prompt,True,8,none,1
linguistic_phrase,80,hn_p_07,SAFE,legit_prompt,True,8,none,1
linguistic_phrase,80,hn_p_08,SAFE,legit_prompt,True,12,none,1
linguistic_phrase,80,hn_d_01,SAFE,security_doc,False,0,none,0
linguistic_phrase,80,hn_d_02,SAFE,security_doc,False,0,none,0
linguistic_phrase,80,hn_d_03,SAFE,security_doc,False,0,none,0
linguistic_phrase,80,hn_d_04,SAFE,security_doc,False,4,none,1
linguistic_phrase,80,hn_d_05,SAFE,security_doc,False,0,none,0
linguistic_phrase,80,hn_d_06,SAFE,security_doc,False,0,none,0
linguistic_phrase,80,hn_d_07,SAFE,security_doc,False,4,none,1
linguistic_phrase,80,hn_d_08,SAFE,security_doc,False,0,none,0
linguistic_phrase,80,hn_t_01,SAFE,benign_template,True,6,none,0
linguistic_phrase,80,hn_t_02,SAFE,benign_template,True,6,none,0
linguistic_phrase,80,hn_t_03,SAFE,benign_template,True,6,none,0
linguistic_phrase,80,hn_t_04,SAFE,benign_template,True,14,none,0
linguistic_phrase,90,s5_imp_01,S5,imperative,False,0,none,0
linguistic_phrase,90,s5_imp_02,S5,imperative,False,0,none,0
linguistic_phrase,90,s5_imp_03,S5,imperative,False,4,none,1
linguistic_phrase,90,s5_imp_04,S5,imperative,False,0,none,0
linguistic_phrase,90,s5_imp_05,S5,imperative,False,0,none,0
linguistic_phrase,90,s5_imp_06,S5,imperative,False,0,none,0
linguistic_phrase,90,s5_imp_07,S5,imperative,False,0,none,0
linguistic_phrase,90,s5_imp_08,S5,imperative,False,0,none,0
linguistic_phrase,90,s5_imp_09,S5,imperative,False,4,none,1
linguistic_phrase,90,s5_imp_10,S5,imperative,False,0,none,0
linguistic_phrase,90,s5_imp_11,S5,imperative,False,0,none,0
linguistic_phrase,90,s5_imp_12,S5,imperative,False,0,none,0
linguistic_phrase,90,s5_imp_13,S5,imperative,False,0,none,0
linguistic_phrase,90,s5_imp_14,S5,imperative,False,8,none,1
linguistic_phrase,90,s5_imp_15,S5,imperative,False,0,none,0
linguistic_phrase,90,s5_dec_01,S5,declarative,False,0,none,0
linguistic_phrase,90,s5_dec_02,S5,declarative,False,0,none,0
linguistic_phrase,90,s5_dec_03,S5,declarative,False,0,none,0
linguistic_phrase,90,s5_dec_04,S5,declarative,False,0,none,0
linguistic_phrase,90,s5_dec_05,S5,declarative,False,4,none,1
linguistic_phrase,90,s5_dec_06,S5,declarative,False,0,none,0
linguistic_phrase,90,s5_dec_07,S5,declarative,False,0,none,0
linguistic_phrase,90,s5_dec_08,S5,declarative,False,0,none,0
linguistic_phrase,90,s5_dec_09,S5,declarative,False,0,none,0
linguistic_phrase,90,s5_dec_10,S5,declarative,False,0,none,0
linguistic_phrase,90,s5_dec_11,S5,declarative,False,0,none,0
linguistic_phrase,90,s5_dec_12,S5,declarative,False,0,none,0
linguistic_phrase,90,s5_dec_13,S5,declarative,False,0,none,0
linguistic_phrase,90,s5_dec_14,S5,declarative,False,0,none,0
linguistic_phrase,90,s5_ind_01,S5,indirect,False,0,none,0
linguistic_phrase,90,s5_ind_02,S5,indirect,False,0,none,0
linguistic_phrase,90,s5_ind_03,S5,indirect,False,0,none,0
linguistic_phrase,90,s5_ind_04,S5,indirect,False,0,none,0
linguistic_phrase,90,s5_ind_05,S5,indirect,False,0,none,0
linguistic_phrase,90,s5_ind_06,S5,indirect,False,0,none,0
linguistic_phrase,90,s5_ind_07,S5,indirect,False,0,none,0
linguistic_phrase,90,s5_ind_08,S5,indirect,False,0,none,0
linguistic_phrase,90,s5_ind_09,S5,indirect,False,0,none,0
linguistic_phrase,90,s5_ind_10,S5,indirect,False,0,none,0
linguistic_phrase,90,s6_rp_01,S6,roleplay,False,4,none,1
linguistic_phrase,90,s6_rp_02,S6,roleplay,False,4,none,1
linguistic_phrase,90,s6_rp_03,S6,roleplay,False,4,none,1
linguistic_phrase,90,s6_rp_04,S6,roleplay,False,0,none,0
linguistic_phrase,90,s6_rp_05,S6,roleplay,False,8,none,1
linguistic_phrase,90,s6_rp_06,S6,roleplay,False,0,none,0
linguistic_phrase,90,s6_rp_07,S6,roleplay,False,0,none,0
linguistic_phrase,90,s6_rp_08,S6,roleplay,False,0,none,0
linguistic_phrase,90,s6_enc_01,S6,encoding,False,4,none,1
linguistic_phrase,90,s6_enc_02,S6,encoding,False,0,none,0
linguistic_phrase,90,s6_enc_03,S6,encoding,False,4,none,1
linguistic_phrase,90,s6_enc_04,S6,encoding,False,4,none,1
linguistic_phrase,90,safe_01,SAFE,benign,False,0,none,0
linguistic_phrase,90,safe_02,SAFE,benign,False,4,none,1
linguistic_phrase,90,safe_03,SAFE,benign,False,4,none,1
linguistic_phrase,90,safe_04,SAFE,benign,False,4,none,1
linguistic_phrase,90,safe_05,SAFE,benign,False,0,none,0
linguistic_phrase,90,safe_06,SAFE,benign,False,0,none,0
linguistic_phrase,90,safe_07,SAFE,benign,False,4,none,1
linguistic_phrase,90,safe_08,SAFE,benign,False,0,none,0
linguistic_phrase,90,safe_09,SAFE,benign,False,0,none,0
linguistic_phrase,90,safe_10,SAFE,benign,False,0,none,0
linguistic_phrase,90,safe_11,SAFE,benign,False,0,none,0
linguistic_phrase,90,safe_12,SAFE,benign,False,4,none,1
linguistic_phrase,90,safe_13,SAFE,benign,False,0,none,0
linguistic_phrase,90,safe_14,SAFE,benign,False,4,none,1
linguistic_phrase,90,safe_15,SAFE,benign,False,0,none,0
linguistic_phrase,90,safe_16,SAFE,benign,False,0,none,0
linguistic_phrase,90,safe_17,SAFE,benign,False,4,none,1
linguistic_phrase,90,safe_18,SAFE,benign,False,0,none,0
linguistic_phrase,90,safe_19,SAFE,benign,False,0,none,0
linguistic_phrase,90,safe_20,SAFE,benign,False,0,none,0
linguistic_phrase,90,hn_p_01,SAFE,legit_prompt,True,8,none,1
linguistic_phrase,90,hn_p_02,SAFE,legit_prompt,True,12,none,1
linguistic_phrase,90,hn_p_03,SAFE,legit_prompt,True,4,none,1
linguistic_phrase,90,hn_p_04,SAFE,legit_prompt,True,8,none,1
linguistic_phrase,90,hn_p_05,SAFE,legit_prompt,True,12,none,1
linguistic_phrase,90,hn_p_06,SAFE,legit_prompt,True,8,none,1
linguistic_phrase,90,hn_p_07,SAFE,legit_prompt,True,8,none,1
linguistic_phrase,90,hn_p_08,SAFE,legit_prompt,True,12,none,1
linguistic_phrase,90,hn_d_01,SAFE,security_doc,False,0,none,0
linguistic_phrase,90,hn_d_02,SAFE,security_doc,False,0,none,0
linguistic_phrase,90,hn_d_03,SAFE,security_doc,False,0,none,0
linguistic_phrase,90,hn_d_04,SAFE,security_doc,False,4,none,1
linguistic_phrase,90,hn_d_05,SAFE,security_doc,False,0,none,0
linguistic_phrase,90,hn_d_06,SAFE,security_doc,False,0,none,0
linguistic_phrase,90,hn_d_07,SAFE,security_doc,False,4,none,1
linguistic_phrase,90,hn_d_08,SAFE,security_doc,False,0,none,0
linguistic_phrase,90,hn_t_01,SAFE,benign_template,True,6,none,0
linguistic_phrase,90,hn_t_02,SAFE,benign_template,True,6,none,0
linguistic_phrase,90,hn_t_03,SAFE,benign_template,True,6,none,0
linguistic_phrase,90,hn_t_04,SAFE,benign_template,True,14,none,0
linguistic_phrase,100,s5_imp_01,S5,imperative,False,0,none,0
linguistic_phrase,100,s5_imp_02,S5,imperative,False,0,none,0
linguistic_phrase,100,s5_imp_03,S5,imperative,False,4,none,1
linguistic_phrase,100,s5_imp_04,S5,imperative,False,0,none,0
linguistic_phrase,100,s5_imp_05,S5,imperative,False,0,none,0
linguistic_phrase,100,s5_imp_06,S5,imperative,False,0,none,0
linguistic_phrase,100,s5_imp_07,S5,imperative,False,0,none,0
linguistic_phrase,100,s5_imp_08,S5,imperative,False,0,none,0
linguistic_phrase,100,s5_imp_09,S5,imperative,False,4,none,1
linguistic_phrase,100,s5_imp_10,S5,imperative,False,0,none,0
linguistic_phrase,100,s5_imp_11,S5,imperative,False,0,none,0
linguistic_phrase,100,s5_imp_12,S5,imperative,False,0,none,0
linguistic_phrase,100,s5_imp_13,S5,imperative,False,0,none,0
linguistic_phrase,100,s5_imp_14,S5,imperative,False,8,none,1
linguistic_phrase,100,s5_imp_15,S5,imperative,False,0,none,0
linguistic_phrase,100,s5_dec_01,S5,declarative,False,0,none,0
linguistic_phrase,100,s5_dec_02,S5,declarative,False,0,none,0
linguistic_phrase,100,s5_dec_03,S5,declarative,False,0,none,0
linguistic_phrase,100,s5_dec_04,S5,declarative,False,0,none,0
linguistic_phrase,100,s5_dec_05,S5,declarative,False,4,none,1
linguistic_phrase,100,s5_dec_06,S5,declarative,False,0,none,0
linguistic_phrase,100,s5_dec_07,S5,declarative,False,0,none,0
linguistic_phrase,100,s5_dec_08,S5,declarative,False,0,none,0
linguistic_phrase,100,s5_dec_09,S5,declarative,False,0,none,0
linguistic_phrase,100,s5_dec_10,S5,declarative,False,0,none,0
linguistic_phrase,100,s5_dec_11,S5,declarative,False,0,none,0
linguistic_phrase,100,s5_dec_12,S5,declarative,False,0,none,0
linguistic_phrase,100,s5_dec_13,S5,declarative,False,0,none,0
linguistic_phrase,100,s5_dec_14,S5,declarative,False,0,none,0
linguistic_phrase,100,s5_ind_01,S5,indirect,False,0,none,0
linguistic_phrase,100,s5_ind_02,S5,indirect,False,0,none,0
linguistic_phrase,100,s5_ind_03,S5,indirect,False,0,none,0
linguistic_phrase,100,s5_ind_04,S5,indirect,False,0,none,0
linguistic_phrase,100,s5_ind_05,S5,indirect,False,0,none,0
linguistic_phrase,100,s5_ind_06,S5,indirect,False,0,none,0
linguistic_phrase,100,s5_ind_07,S5,indirect,False,0,none,0
linguistic_phrase,100,s5_ind_08,S5,indirect,False,0,none,0
linguistic_phrase,100,s5_ind_09,S5,indirect,False,0,none,0
linguistic_phrase,100,s5_ind_10,S5,indirect,False,0,none,0
linguistic_phrase,100,s6_rp_01,S6,roleplay,False,4,none,1
linguistic_phrase,100,s6_rp_02,S6,roleplay,False,4,none,1
linguistic_phrase,100,s6_rp_03,S6,roleplay,False,4,none,1
linguistic_phrase,100,s6_rp_04,S6,roleplay,False,0,none,0
linguistic_phrase,100,s6_rp_05,S6,roleplay,False,8,none,1
linguistic_phrase,100,s6_rp_06,S6,roleplay,False,0,none,0
linguistic_phrase,100,s6_rp_07,S6,roleplay,False,0,none,0
linguistic_phrase,100,s6_rp_08,S6,roleplay,False,0,none,0
linguistic_phrase,100,s6_enc_01,S6,encoding,False,4,none,1
linguistic_phrase,100,s6_enc_02,S6,encoding,False,0,none,0
linguistic_phrase,100,s6_enc_03,S6,encoding,False,4,none,1
linguistic_phrase,100,s6_enc_04,S6,encoding,False,4,none,1
linguistic_phrase,100,safe_01,SAFE,benign,False,0,none,0
linguistic_phrase,100,safe_02,SAFE,benign,False,4,none,1
linguistic_phrase,100,safe_03,SAFE,benign,False,4,none,1
linguistic_phrase,100,safe_04,SAFE,benign,False,4,none,1
linguistic_phrase,100,safe_05,SAFE,benign,False,0,none,0
linguistic_phrase,100,safe_06,SAFE,benign,False,0,none,0
linguistic_phrase,100,safe_07,SAFE,benign,False,4,none,1
linguistic_phrase,100,safe_08,SAFE,benign,False,0,none,0
linguistic_phrase,100,safe_09,SAFE,benign,False,0,none,0
linguistic_phrase,100,safe_10,SAFE,benign,False,0,none,0
linguistic_phrase,100,safe_11,SAFE,benign,False,0,none,0
linguistic_phrase,100,safe_12,SAFE,benign,False,4,none,1
linguistic_phrase,100,safe_13,SAFE,benign,False,0,none,0
linguistic_phrase,100,safe_14,SAFE,benign,False,4,none,1
linguistic_phrase,100,safe_15,SAFE,benign,False,0,none,0
linguistic_phrase,100,safe_16,SAFE,benign,False,0,none,0
linguistic_phrase,100,safe_17,SAFE,benign,False,4,none,1
linguistic_phrase,100,safe_18,SAFE,benign,False,0,none,0
linguistic_phrase,100,safe_19,SAFE,benign,False,0,none,0
linguistic_phrase,100,safe_20,SAFE,benign,False,0,none,0
linguistic_phrase,100,hn_p_01,SAFE,legit_prompt,True,8,none,1
linguistic_phrase,100,hn_p_02,SAFE,legit_prompt,True,12,none,1
linguistic_phrase,100,hn_p_03,SAFE,legit_prompt,True,4,none,1
linguistic_phrase,100,hn_p_04,SAFE,legit_prompt,True,8,none,1
linguistic_phrase,100,hn_p_05,SAFE,legit_prompt,True,12,none,1
linguistic_phrase,100,hn_p_06,SAFE,legit_prompt,True,8,none,1
linguistic_phrase,100,hn_p_07,SAFE,legit_prompt,True,8,none,1
linguistic_phrase,100,hn_p_08,SAFE,legit_prompt,True,12,none,1
linguistic_phrase,100,hn_d_01,SAFE,security_doc,False,0,none,0
linguistic_phrase,100,hn_d_02,SAFE,security_doc,False,0,none,0
linguistic_phrase,100,hn_d_03,SAFE,security_doc,False,0,none,0
linguistic_phrase,100,hn_d_04,SAFE,security_doc,False,4,none,1
linguistic_phrase,100,hn_d_05,SAFE,security_doc,False,0,none,0
linguistic_phrase,100,hn_d_06,SAFE,security_doc,False,0,none,0
linguistic_phrase,100,hn_d_07,SAFE,security_doc,False,4,none,1
linguistic_phrase,100,hn_d_08,SAFE,security_doc,False,0,none,0
linguistic_phrase,100,hn_t_01,SAFE,benign_template,True,6,none,0
linguistic_phrase,100,hn_t_02,SAFE,benign_template,True,6,none,0
linguistic_phrase,100,hn_t_03,SAFE,benign_template,True,6,none,0
linguistic_phrase,100,hn_t_04,SAFE,benign_template,True,14,none,0
length_multiline,0,s5_imp_01,S5,imperative,False,0,none,0
length_multiline,0,s5_imp_02,S5,imperative,False,0,none,0
length_multiline,0,s5_imp_03,S5,imperative,False,4,none,0
length_multiline,0,s5_imp_04,S5,imperative,False,0,none,0
length_multiline,0,s5_imp_05,S5,imperative,False,0,none,0
length_multiline,0,s5_imp_06,S5,imperative,False,0,none,0
length_multiline,0,s5_imp_07,S5,imperative,False,0,none,0
length_multiline,0,s5_imp_08,S5,imperative,False,0,none,0
length_multiline,0,s5_imp_09,S5,imperative,False,4,none,0
length_multiline,0,s5_imp_10,S5,imperative,False,0,none,0
length_multiline,0,s5_imp_11,S5,imperative,False,0,none,0
length_multiline,0,s5_imp_12,S5,imperative,False,0,none,0
length_multiline,0,s5_imp_13,S5,imperative,False,0,none,0
length_multiline,0,s5_imp_14,S5,imperative,False,8,none,0
length_multiline,0,s5_imp_15,S5,imperative,False,0,none,0
length_multiline,0,s5_dec_01,S5,declarative,False,0,none,0
length_multiline,0,s5_dec_02,S5,declarative,False,0,none,0
length_multiline,0,s5_dec_03,S5,declarative,False,0,none,0
length_multiline,0,s5_dec_04,S5,declarative,False,0,none,0
length_multiline,0,s5_dec_05,S5,declarative,False,4,none,0
length_multiline,0,s5_dec_06,S5,declarative,False,0,none,0
length_multiline,0,s5_dec_07,S5,declarative,False,0,none,0
length_multiline,0,s5_dec_08,S5,declarative,False,0,none,0
length_multiline,0,s5_dec_09,S5,declarative,False,0,none,0
length_multiline,0,s5_dec_10,S5,declarative,False,0,none,0
length_multiline,0,s5_dec_11,S5,declarative,False,0,none,0
length_multiline,0,s5_dec_12,S5,declarative,False,0,none,0
length_multiline,0,s5_dec_13,S5,declarative,False,0,none,0
length_multiline,0,s5_dec_14,S5,declarative,False,0,none,0
length_multiline,0,s5_ind_01,S5,indirect,False,0,none,0
length_multiline,0,s5_ind_02,S5,indirect,False,0,none,0
length_multiline,0,s5_ind_03,S5,indirect,False,0,none,0
length_multiline,0,s5_ind_04,S5,indirect,False,0,none,0
length_multiline,0,s5_ind_05,S5,indirect,False,0,none,0
length_multiline,0,s5_ind_06,S5,indirect,False,0,none,0
length_multiline,0,s5_ind_07,S5,indirect,False,0,none,0
length_multiline,0,s5_ind_08,S5,indirect,False,0,none,0
length_multiline,0,s5_ind_09,S5,indirect,False,0,none,0
length_multiline,0,s5_ind_10,S5,indirect,False,0,none,0
length_multiline,0,s6_rp_01,S6,roleplay,False,4,none,0
length_multiline,0,s6_rp_02,S6,roleplay,False,4,none,0
length_multiline,0,s6_rp_03,S6,roleplay,False,4,none,0
length_multiline,0,s6_rp_04,S6,roleplay,False,0,none,0
length_multiline,0,s6_rp_05,S6,roleplay,False,8,none,0
length_multiline,0,s6_rp_06,S6,roleplay,False,0,none,0
length_multiline,0,s6_rp_07,S6,roleplay,False,0,none,0
length_multiline,0,s6_rp_08,S6,roleplay,False,0,none,0
length_multiline,0,s6_enc_01,S6,encoding,False,4,none,0
length_multiline,0,s6_enc_02,S6,encoding,False,0,none,0
length_multiline,0,s6_enc_03,S6,encoding,False,4,none,0
length_multiline,0,s6_enc_04,S6,encoding,False,4,none,0
length_multiline,0,safe_01,SAFE,benign,False,0,none,0
length_multiline,0,safe_02,SAFE,benign,False,4,none,0
length_multiline,0,safe_03,SAFE,benign,False,4,none,0
length_multiline,0,safe_04,SAFE,benign,False,4,none,0
length_multiline,0,safe_05,SAFE,benign,False,0,none,0
length_multiline,0,safe_06,SAFE,benign,False,0,none,0
length_multiline,0,safe_07,SAFE,benign,False,4,none,0
length_multiline,0,safe_08,SAFE,benign,False,0,none,0
length_multiline,0,safe_09,SAFE,benign,False,0,none,0
length_multiline,0,safe_10,SAFE,benign,False,0,none,0
length_multiline,0,safe_11,SAFE,benign,False,0,none,0
length_multiline,0,safe_12,SAFE,benign,False,4,none,0
length_multiline,0,safe_13,SAFE,benign,False,0,none,0
length_multiline,0,safe_14,SAFE,benign,False,4,none,0
length_multiline,0,safe_15,SAFE,benign,False,0,none,0
length_multiline,0,safe_16,SAFE,benign,False,0,none,0
length_multiline,0,safe_17,SAFE,benign,False,4,none,0
length_multiline,0,safe_18,SAFE,benign,False,0,none,0
length_multiline,0,safe_19,SAFE,benign,False,0,none,0
length_multiline,0,safe_20,SAFE,benign,False,0,none,0
length_multiline,0,hn_p_01,SAFE,legit_prompt,True,8,none,0
length_multiline,0,hn_p_02,SAFE,legit_prompt,True,12,none,0
length_multiline,0,hn_p_03,SAFE,legit_prompt,True,4,none,0
length_multiline,0,hn_p_04,SAFE,legit_prompt,True,8,none,0
length_multiline,0,hn_p_05,SAFE,legit_prompt,True,12,none,0
length_multiline,0,hn_p_06,SAFE,legit_prompt,True,8,none,0
length_multiline,0,hn_p_07,SAFE,legit_prompt,True,8,none,0
length_multiline,0,hn_p_08,SAFE,legit_prompt,True,12,none,0
length_multiline,0,hn_d_01,SAFE,security_doc,False,0,none,0
length_multiline,0,hn_d_02,SAFE,security_doc,False,0,none,0
length_multiline,0,hn_d_03,SAFE,security_doc,False,0,none,0
length_multiline,0,hn_d_04,SAFE,security_doc,False,4,none,0
length_multiline,0,hn_d_05,SAFE,security_doc,False,0,none,0
length_multiline,0,hn_d_06,SAFE,security_doc,False,0,none,0
length_multiline,0,hn_d_07,SAFE,security_doc,False,4,none,0
length_multiline,0,hn_d_08,SAFE,security_doc,False,0,none,0
length_multiline,0,hn_t_01,SAFE,benign_template,True,6,none,0
length_multiline,0,hn_t_02,SAFE,benign_template,True,6,none,0
length_multiline,0,hn_t_03,SAFE,benign_template,True,6,none,0
length_multiline,0,hn_t_04,SAFE,benign_template,True,6,none,1
length_multiline,5,s5_imp_01,S5,imperative,False,0,none,0
length_multiline,5,s5_imp_02,S5,imperative,False,0,none,0
length_multiline,5,s5_imp_03,S5,imperative,False,4,none,0
length_multiline,5,s5_imp_04,S5,imperative,False,0,none,0
length_multiline,5,s5_imp_05,S5,imperative,False,0,none,0
length_multiline,5,s5_imp_06,S5,imperative,False,0,none,0
length_multiline,5,s5_imp_07,S5,imperative,False,0,none,0
length_multiline,5,s5_imp_08,S5,imperative,False,0,none,0
length_multiline,5,s5_imp_09,S5,imperative,False,4,none,0
length_multiline,5,s5_imp_10,S5,imperative,False,0,none,0
length_multiline,5,s5_imp_11,S5,imperative,False,0,none,0
length_multiline,5,s5_imp_12,S5,imperative,False,0,none,0
length_multiline,5,s5_imp_13,S5,imperative,False,0,none,0
length_multiline,5,s5_imp_14,S5,imperative,False,8,none,0
length_multiline,5,s5_imp_15,S5,imperative,False,0,none,0
length_multiline,5,s5_dec_01,S5,declarative,False,0,none,0
length_multiline,5,s5_dec_02,S5,declarative,False,0,none,0
length_multiline,5,s5_dec_03,S5,declarative,False,0,none,0
length_multiline,5,s5_dec_04,S5,declarative,False,0,none,0
length_multiline,5,s5_dec_05,S5,declarative,False,4,none,0
length_multiline,5,s5_dec_06,S5,declarative,False,0,none,0
length_multiline,5,s5_dec_07,S5,declarative,False,0,none,0
length_multiline,5,s5_dec_08,S5,declarative,False,0,none,0
length_multiline,5,s5_dec_09,S5,declarative,False,0,none,0
length_multiline,5,s5_dec_10,S5,declarative,False,0,none,0
length_multiline,5,s5_dec_11,S5,declarative,False,0,none,0
length_multiline,5,s5_dec_12,S5,declarative,False,0,none,0
length_multiline,5,s5_dec_13,S5,declarative,False,0,none,0
length_multiline,5,s5_dec_14,S5,declarative,False,0,none,0
length_multiline,5,s5_ind_01,S5,indirect,False,0,none,0
length_multiline,5,s5_ind_02,S5,indirect,False,0,none,0
length_multiline,5,s5_ind_03,S5,indirect,False,0,none,0
length_multiline,5,s5_ind_04,S5,indirect,False,0,none,0
length_multiline,5,s5_ind_05,S5,indirect,False,0,none,0
length_multiline,5,s5_ind_06,S5,indirect,False,0,none,0
length_multiline,5,s5_ind_07,S5,indirect,False,0,none,0
length_multiline,5,s5_ind_08,S5,indirect,False,0,none,0
length_multiline,5,s5_ind_09,S5,indirect,False,0,none,0
length_multiline,5,s5_ind_10,S5,indirect,False,0,none,0
length_multiline,5,s6_rp_01,S6,roleplay,False,4,none,0
length_multiline,5,s6_rp_02,S6,roleplay,False,4,none,0
length_multiline,5,s6_rp_03,S6,roleplay,False,4,none,0
length_multiline,5,s6_rp_04,S6,roleplay,False,0,none,0
length_multiline,5,s6_rp_05,S6,roleplay,False,8,none,0
length_multiline,5,s6_rp_06,S6,roleplay,False,0,none,0
length_multiline,5,s6_rp_07,S6,roleplay,False,0,none,0
length_multiline,5,s6_rp_08,S6,roleplay,False,0,none,0
length_multiline,5,s6_enc_01,S6,encoding,False,4,none,0
length_multiline,5,s6_enc_02,S6,encoding,False,0,none,0
length_multiline,5,s6_enc_03,S6,encoding,False,4,none,0
length_multiline,5,s6_enc_04,S6,encoding,False,4,none,0
length_multiline,5,safe_01,SAFE,benign,False,0,none,0
length_multiline,5,safe_02,SAFE,benign,False,4,none,0
length_multiline,5,safe_03,SAFE,benign,False,4,none,0
length_multiline,5,safe_04,SAFE,benign,False,4,none,0
length_multiline,5,safe_05,SAFE,benign,False,0,none,0
length_multiline,5,safe_06,SAFE,benign,False,0,none,0
length_multiline,5,safe_07,SAFE,benign,False,4,none,0
length_multiline,5,safe_08,SAFE,benign,False,0,none,0
length_multiline,5,safe_09,SAFE,benign,False,0,none,0
length_multiline,5,safe_10,SAFE,benign,False,0,none,0
length_multiline,5,safe_11,SAFE,benign,False,0,none,0
length_multiline,5,safe_12,SAFE,benign,False,4,none,0
length_multiline,5,safe_13,SAFE,benign,False,0,none,0
length_multiline,5,safe_14,SAFE,benign,False,4,none,0
length_multiline,5,safe_15,SAFE,benign,False,0,none,0
length_multiline,5,safe_16,SAFE,benign,False,0,none,0
length_multiline,5,safe_17,SAFE,benign,False,4,none,0
length_multiline,5,safe_18,SAFE,benign,False,0,none,0
length_multiline,5,safe_19,SAFE,benign,False,0,none,0
length_multiline,5,safe_20,SAFE,benign,False,0,none,0
length_multiline,5,hn_p_01,SAFE,legit_prompt,True,8,none,0
length_multiline,5,hn_p_02,SAFE,legit_prompt,True,12,none,0
length_multiline,5,hn_p_03,SAFE,legit_prompt,True,4,none,0
length_multiline,5,hn_p_04,SAFE,legit_prompt,True,8,none,0
length_multiline,5,hn_p_05,SAFE,legit_prompt,True,12,none,0
length_multiline,5,hn_p_06,SAFE,legit_prompt,True,8,none,0
length_multiline,5,hn_p_07,SAFE,legit_prompt,True,8,none,0
length_multiline,5,hn_p_08,SAFE,legit_prompt,True,12,none,0
length_multiline,5,hn_d_01,SAFE,security_doc,False,0,none,0
length_multiline,5,hn_d_02,SAFE,security_doc,False,0,none,0
length_multiline,5,hn_d_03,SAFE,security_doc,False,0,none,0
length_multiline,5,hn_d_04,SAFE,security_doc,False,4,none,0
length_multiline,5,hn_d_05,SAFE,security_doc,False,0,none,0
length_multiline,5,hn_d_06,SAFE,security_doc,False,0,none,0
length_multiline,5,hn_d_07,SAFE,security_doc,False,4,none,0
length_multiline,5,hn_d_08,SAFE,security_doc,False,0,none,0
length_multiline,5,hn_t_01,SAFE,benign_template,True,6,none,0
length_multiline,5,hn_t_02,SAFE,benign_template,True,6,none,0
length_multiline,5,hn_t_03,SAFE,benign_template,True,6,none,0
length_multiline,5,hn_t_04,SAFE,benign_template,True,11,none,1
length_multiline,10,s5_imp_01,S5,imperative,False,0,none,0
length_multiline,10,s5_imp_02,S5,imperative,False,0,none,0
length_multiline,10,s5_imp_03,S5,imperative,False,4,none,0
length_multiline,10,s5_imp_04,S5,imperative,False,0,none,0
length_multiline,10,s5_imp_05,S5,imperative,False,0,none,0
length_multiline,10,s5_imp_06,S5,imperative,False,0,none,0
length_multiline,10,s5_imp_07,S5,imperative,False,0,none,0
length_multiline,10,s5_imp_08,S5,imperative,False,0,none,0
length_multiline,10,s5_imp_09,S5,imperative,False,4,none,0
length_multiline,10,s5_imp_10,S5,imperative,False,0,none,0
length_multiline,10,s5_imp_11,S5,imperative,False,0,none,0
length_multiline,10,s5_imp_12,S5,imperative,False,0,none,0
length_multiline,10,s5_imp_13,S5,imperative,False,0,none,0
length_multiline,10,s5_imp_14,S5,imperative,False,8,none,0
length_multiline,10,s5_imp_15,S5,imperative,False,0,none,0
length_multiline,10,s5_dec_01,S5,declarative,False,0,none,0
length_multiline,10,s5_dec_02,S5,declarative,False,0,none,0
length_multiline,10,s5_dec_03,S5,declarative,False,0,none,0
length_multiline,10,s5_dec_04,S5,declarative,False,0,none,0
length_multiline,10,s5_dec_05,S5,declarative,False,4,none,0
length_multiline,10,s5_dec_06,S5,declarative,False,0,none,0
length_multiline,10,s5_dec_07,S5,declarative,False,0,none,0
length_multiline,10,s5_dec_08,S5,declarative,False,0,none,0
length_multiline,10,s5_dec_09,S5,declarative,False,0,none,0
length_multiline,10,s5_dec_10,S5,declarative,False,0,none,0
length_multiline,10,s5_dec_11,S5,declarative,False,0,none,0
length_multiline,10,s5_dec_12,S5,declarative,False,0,none,0
length_multiline,10,s5_dec_13,S5,declarative,False,0,none,0
length_multiline,10,s5_dec_14,S5,declarative,False,0,none,0
length_multiline,10,s5_ind_01,S5,indirect,False,0,none,0
length_multiline,10,s5_ind_02,S5,indirect,False,0,none,0
length_multiline,10,s5_ind_03,S5,indirect,False,0,none,0
length_multiline,10,s5_ind_04,S5,indirect,False,0,none,0
length_multiline,10,s5_ind_05,S5,indirect,False,0,none,0
length_multiline,10,s5_ind_06,S5,indirect,False,0,none,0
length_multiline,10,s5_ind_07,S5,indirect,False,0,none,0
length_multiline,10,s5_ind_08,S5,indirect,False,0,none,0
length_multiline,10,s5_ind_09,S5,indirect,False,0,none,0
length_multiline,10,s5_ind_10,S5,indirect,False,0,none,0
length_multiline,10,s6_rp_01,S6,roleplay,False,4,none,0
length_multiline,10,s6_rp_02,S6,roleplay,False,4,none,0
length_multiline,10,s6_rp_03,S6,roleplay,False,4,none,0
length_multiline,10,s6_rp_04,S6,roleplay,False,0,none,0
length_multiline,10,s6_rp_05,S6,roleplay,False,8,none,0
length_multiline,10,s6_rp_06,S6,roleplay,False,0,none,0
length_multiline,10,s6_rp_07,S6,roleplay,False,0,none,0
length_multiline,10,s6_rp_08,S6,roleplay,False,0,none,0
length_multiline,10,s6_enc_01,S6,encoding,False,4,none,0
length_multiline,10,s6_enc_02,S6,encoding,False,0,none,0
length_multiline,10,s6_enc_03,S6,encoding,False,4,none,0
length_multiline,10,s6_enc_04,S6,encoding,False,4,none,0
length_multiline,10,safe_01,SAFE,benign,False,0,none,0
length_multiline,10,safe_02,SAFE,benign,False,4,none,0
length_multiline,10,safe_03,SAFE,benign,False,4,none,0
length_multiline,10,safe_04,SAFE,benign,False,4,none,0
length_multiline,10,safe_05,SAFE,benign,False,0,none,0
length_multiline,10,safe_06,SAFE,benign,False,0,none,0
length_multiline,10,safe_07,SAFE,benign,False,4,none,0
length_multiline,10,safe_08,SAFE,benign,False,0,none,0
length_multiline,10,safe_09,SAFE,benign,False,0,none,0
length_multiline,10,safe_10,SAFE,benign,False,0,none,0
length_multiline,10,safe_11,SAFE,benign,False,0,none,0
length_multiline,10,safe_12,SAFE,benign,False,4,none,0
length_multiline,10,safe_13,SAFE,benign,False,0,none,0
length_multiline,10,safe_14,SAFE,benign,False,4,none,0
length_multiline,10,safe_15,SAFE,benign,False,0,none,0
length_multiline,10,safe_16,SAFE,benign,False,0,none,0
length_multiline,10,safe_17,SAFE,benign,False,4,none,0
length_multiline,10,safe_18,SAFE,benign,False,0,none,0
length_multiline,10,safe_19,SAFE,benign,False,0,none,0
length_multiline,10,safe_20,SAFE,benign,False,0,none,0
length_multiline,10,hn_p_01,SAFE,legit_prompt,True,8,none,0
length_multiline,10,hn_p_02,SAFE,legit_prompt,True,12,none,0
length_multiline,10,hn_p_03,SAFE,legit_prompt,True,4,none,0
length_multiline,10,hn_p_04,SAFE,legit_prompt,True,8,none,0
length_multiline,10,hn_p_05,SAFE,legit_prompt,True,12,none,0
length_multiline,10,hn_p_06,SAFE,legit_prompt,True,8,none,0
length_multiline,10,hn_p_07,SAFE,legit_prompt,True,8,none,0
length_multiline,10,hn_p_08,SAFE,legit_prompt,True,12,none,0
length_multiline,10,hn_d_01,SAFE,security_doc,False,0,none,0
length_multiline,10,hn_d_02,SAFE,security_doc,False,0,none,0
length_multiline,10,hn_d_03,SAFE,security_doc,False,0,none,0
length_multiline,10,hn_d_04,SAFE,security_doc,False,4,none,0
length_multiline,10,hn_d_05,SAFE,security_doc,False,0,none,0
length_multiline,10,hn_d_06,SAFE,security_doc,False,0,none,0
length_multiline,10,hn_d_07,SAFE,security_doc,False,4,none,0
length_multiline,10,hn_d_08,SAFE,security_doc,False,0,none,0
length_multiline,10,hn_t_01,SAFE,benign_template,True,6,none,0
length_multiline,10,hn_t_02,SAFE,benign_template,True,6,none,0
length_multiline,10,hn_t_03,SAFE,benign_template,True,6,none,0
length_multiline,10,hn_t_04,SAFE,benign_template,True,16,low,1
length_multiline,15,s5_imp_01,S5,imperative,False,0,none,0
length_multiline,15,s5_imp_02,S5,imperative,False,0,none,0
length_multiline,15,s5_imp_03,S5,imperative,False,4,none,0
length_multiline,15,s5_imp_04,S5,imperative,False,0,none,0
length_multiline,15,s5_imp_05,S5,imperative,False,0,none,0
length_multiline,15,s5_imp_06,S5,imperative,False,0,none,0
length_multiline,15,s5_imp_07,S5,imperative,False,0,none,0
length_multiline,15,s5_imp_08,S5,imperative,False,0,none,0
length_multiline,15,s5_imp_09,S5,imperative,False,4,none,0
length_multiline,15,s5_imp_10,S5,imperative,False,0,none,0
length_multiline,15,s5_imp_11,S5,imperative,False,0,none,0
length_multiline,15,s5_imp_12,S5,imperative,False,0,none,0
length_multiline,15,s5_imp_13,S5,imperative,False,0,none,0
length_multiline,15,s5_imp_14,S5,imperative,False,8,none,0
length_multiline,15,s5_imp_15,S5,imperative,False,0,none,0
length_multiline,15,s5_dec_01,S5,declarative,False,0,none,0
length_multiline,15,s5_dec_02,S5,declarative,False,0,none,0
length_multiline,15,s5_dec_03,S5,declarative,False,0,none,0
length_multiline,15,s5_dec_04,S5,declarative,False,0,none,0
length_multiline,15,s5_dec_05,S5,declarative,False,4,none,0
length_multiline,15,s5_dec_06,S5,declarative,False,0,none,0
length_multiline,15,s5_dec_07,S5,declarative,False,0,none,0
length_multiline,15,s5_dec_08,S5,declarative,False,0,none,0
length_multiline,15,s5_dec_09,S5,declarative,False,0,none,0
length_multiline,15,s5_dec_10,S5,declarative,False,0,none,0
length_multiline,15,s5_dec_11,S5,declarative,False,0,none,0
length_multiline,15,s5_dec_12,S5,declarative,False,0,none,0
length_multiline,15,s5_dec_13,S5,declarative,False,0,none,0
length_multiline,15,s5_dec_14,S5,declarative,False,0,none,0
length_multiline,15,s5_ind_01,S5,indirect,False,0,none,0
length_multiline,15,s5_ind_02,S5,indirect,False,0,none,0
length_multiline,15,s5_ind_03,S5,indirect,False,0,none,0
length_multiline,15,s5_ind_04,S5,indirect,False,0,none,0
length_multiline,15,s5_ind_05,S5,indirect,False,0,none,0
length_multiline,15,s5_ind_06,S5,indirect,False,0,none,0
length_multiline,15,s5_ind_07,S5,indirect,False,0,none,0
length_multiline,15,s5_ind_08,S5,indirect,False,0,none,0
length_multiline,15,s5_ind_09,S5,indirect,False,0,none,0
length_multiline,15,s5_ind_10,S5,indirect,False,0,none,0
length_multiline,15,s6_rp_01,S6,roleplay,False,4,none,0
length_multiline,15,s6_rp_02,S6,roleplay,False,4,none,0
length_multiline,15,s6_rp_03,S6,roleplay,False,4,none,0
length_multiline,15,s6_rp_04,S6,roleplay,False,0,none,0
length_multiline,15,s6_rp_05,S6,roleplay,False,8,none,0
length_multiline,15,s6_rp_06,S6,roleplay,False,0,none,0
length_multiline,15,s6_rp_07,S6,roleplay,False,0,none,0
length_multiline,15,s6_rp_08,S6,roleplay,False,0,none,0
length_multiline,15,s6_enc_01,S6,encoding,False,4,none,0
length_multiline,15,s6_enc_02,S6,encoding,False,0,none,0
length_multiline,15,s6_enc_03,S6,encoding,False,4,none,0
length_multiline,15,s6_enc_04,S6,encoding,False,4,none,0
length_multiline,15,safe_01,SAFE,benign,False,0,none,0
length_multiline,15,safe_02,SAFE,benign,False,4,none,0
length_multiline,15,safe_03,SAFE,benign,False,4,none,0
length_multiline,15,safe_04,SAFE,benign,False,4,none,0
length_multiline,15,safe_05,SAFE,benign,False,0,none,0
length_multiline,15,safe_06,SAFE,benign,False,0,none,0
length_multiline,15,safe_07,SAFE,benign,False,4,none,0
length_multiline,15,safe_08,SAFE,benign,False,0,none,0
length_multiline,15,safe_09,SAFE,benign,False,0,none,0
length_multiline,15,safe_10,SAFE,benign,False,0,none,0
length_multiline,15,safe_11,SAFE,benign,False,0,none,0
length_multiline,15,safe_12,SAFE,benign,False,4,none,0
length_multiline,15,safe_13,SAFE,benign,False,0,none,0
length_multiline,15,safe_14,SAFE,benign,False,4,none,0
length_multiline,15,safe_15,SAFE,benign,False,0,none,0
length_multiline,15,safe_16,SAFE,benign,False,0,none,0
length_multiline,15,safe_17,SAFE,benign,False,4,none,0
length_multiline,15,safe_18,SAFE,benign,False,0,none,0
length_multiline,15,safe_19,SAFE,benign,False,0,none,0
length_multiline,15,safe_20,SAFE,benign,False,0,none,0
length_multiline,15,hn_p_01,SAFE,legit_prompt,True,8,none,0
length_multiline,15,hn_p_02,SAFE,legit_prompt,True,12,none,0
length_multiline,15,hn_p_03,SAFE,legit_prompt,True,4,none,0
length_multiline,15,hn_p_04,SAFE,legit_prompt,True,8,none,0
length_multiline,15,hn_p_05,SAFE,legit_prompt,True,12,none,0
length_multiline,15,hn_p_06,SAFE,legit_prompt,True,8,none,0
length_multiline,15,hn_p_07,SAFE,legit_prompt,True,8,none,0
length_multiline,15,hn_p_08,SAFE,legit_prompt,True,12,none,0
length_multiline,15,hn_d_01,SAFE,security_doc,False,0,none,0
length_multiline,15,hn_d_02,SAFE,security_doc,False,0,none,0
length_multiline,15,hn_d_03,SAFE,security_doc,False,0,none,0
length_multiline,15,hn_d_04,SAFE,security_doc,False,4,none,0
length_multiline,15,hn_d_05,SAFE,security_doc,False,0,none,0
length_multiline,15,hn_d_06,SAFE,security_doc,False,0,none,0
length_multiline,15,hn_d_07,SAFE,security_doc,False,4,none,0
length_multiline,15,hn_d_08,SAFE,security_doc,False,0,none,0
length_multiline,15,hn_t_01,SAFE,benign_template,True,6,none,0
length_multiline,15,hn_t_02,SAFE,benign_template,True,6,none,0
length_multiline,15,hn_t_03,SAFE,benign_template,True,6,none,0
length_multiline,15,hn_t_04,SAFE,benign_template,True,21,low,1
length_multiline,20,s5_imp_01,S5,imperative,False,0,none,0
length_multiline,20,s5_imp_02,S5,imperative,False,0,none,0
length_multiline,20,s5_imp_03,S5,imperative,False,4,none,0
length_multiline,20,s5_imp_04,S5,imperative,False,0,none,0
length_multiline,20,s5_imp_05,S5,imperative,False,0,none,0
length_multiline,20,s5_imp_06,S5,imperative,False,0,none,0
length_multiline,20,s5_imp_07,S5,imperative,False,0,none,0
length_multiline,20,s5_imp_08,S5,imperative,False,0,none,0
length_multiline,20,s5_imp_09,S5,imperative,False,4,none,0
length_multiline,20,s5_imp_10,S5,imperative,False,0,none,0
length_multiline,20,s5_imp_11,S5,imperative,False,0,none,0
length_multiline,20,s5_imp_12,S5,imperative,False,0,none,0
length_multiline,20,s5_imp_13,S5,imperative,False,0,none,0
length_multiline,20,s5_imp_14,S5,imperative,False,8,none,0
length_multiline,20,s5_imp_15,S5,imperative,False,0,none,0
length_multiline,20,s5_dec_01,S5,declarative,False,0,none,0
length_multiline,20,s5_dec_02,S5,declarative,False,0,none,0
length_multiline,20,s5_dec_03,S5,declarative,False,0,none,0
length_multiline,20,s5_dec_04,S5,declarative,False,0,none,0
length_multiline,20,s5_dec_05,S5,declarative,False,4,none,0
length_multiline,20,s5_dec_06,S5,declarative,False,0,none,0
length_multiline,20,s5_dec_07,S5,declarative,False,0,none,0
length_multiline,20,s5_dec_08,S5,declarative,False,0,none,0
length_multiline,20,s5_dec_09,S5,declarative,False,0,none,0
length_multiline,20,s5_dec_10,S5,declarative,False,0,none,0
length_multiline,20,s5_dec_11,S5,declarative,False,0,none,0
length_multiline,20,s5_dec_12,S5,declarative,False,0,none,0
length_multiline,20,s5_dec_13,S5,declarative,False,0,none,0
length_multiline,20,s5_dec_14,S5,declarative,False,0,none,0
length_multiline,20,s5_ind_01,S5,indirect,False,0,none,0
length_multiline,20,s5_ind_02,S5,indirect,False,0,none,0
length_multiline,20,s5_ind_03,S5,indirect,False,0,none,0
length_multiline,20,s5_ind_04,S5,indirect,False,0,none,0
length_multiline,20,s5_ind_05,S5,indirect,False,0,none,0
length_multiline,20,s5_ind_06,S5,indirect,False,0,none,0
length_multiline,20,s5_ind_07,S5,indirect,False,0,none,0
length_multiline,20,s5_ind_08,S5,indirect,False,0,none,0
length_multiline,20,s5_ind_09,S5,indirect,False,0,none,0
length_multiline,20,s5_ind_10,S5,indirect,False,0,none,0
length_multiline,20,s6_rp_01,S6,roleplay,False,4,none,0
length_multiline,20,s6_rp_02,S6,roleplay,False,4,none,0
length_multiline,20,s6_rp_03,S6,roleplay,False,4,none,0
length_multiline,20,s6_rp_04,S6,roleplay,False,0,none,0
length_multiline,20,s6_rp_05,S6,roleplay,False,8,none,0
length_multiline,20,s6_rp_06,S6,roleplay,False,0,none,0
length_multiline,20,s6_rp_07,S6,roleplay,False,0,none,0
length_multiline,20,s6_rp_08,S6,roleplay,False,0,none,0
length_multiline,20,s6_enc_01,S6,encoding,False,4,none,0
length_multiline,20,s6_enc_02,S6,encoding,False,0,none,0
length_multiline,20,s6_enc_03,S6,encoding,False,4,none,0
length_multiline,20,s6_enc_04,S6,encoding,False,4,none,0
length_multiline,20,safe_01,SAFE,benign,False,0,none,0
length_multiline,20,safe_02,SAFE,benign,False,4,none,0
length_multiline,20,safe_03,SAFE,benign,False,4,none,0
length_multiline,20,safe_04,SAFE,benign,False,4,none,0
length_multiline,20,safe_05,SAFE,benign,False,0,none,0
length_multiline,20,safe_06,SAFE,benign,False,0,none,0
length_multiline,20,safe_07,SAFE,benign,False,4,none,0
length_multiline,20,safe_08,SAFE,benign,False,0,none,0
length_multiline,20,safe_09,SAFE,benign,False,0,none,0
length_multiline,20,safe_10,SAFE,benign,False,0,none,0
length_multiline,20,safe_11,SAFE,benign,False,0,none,0
length_multiline,20,safe_12,SAFE,benign,False,4,none,0
length_multiline,20,safe_13,SAFE,benign,False,0,none,0
length_multiline,20,safe_14,SAFE,benign,False,4,none,0
length_multiline,20,safe_15,SAFE,benign,False,0,none,0
length_multiline,20,safe_16,SAFE,benign,False,0,none,0
length_multiline,20,safe_17,SAFE,benign,False,4,none,0
length_multiline,20,safe_18,SAFE,benign,False,0,none,0
length_multiline,20,safe_19,SAFE,benign,False,0,none,0
length_multiline,20,safe_20,SAFE,benign,False,0,none,0
length_multiline,20,hn_p_01,SAFE,legit_prompt,True,8,none,0
length_multiline,20,hn_p_02,SAFE,legit_prompt,True,12,none,0
length_multiline,20,hn_p_03,SAFE,legit_prompt,True,4,none,0
length_multiline,20,hn_p_04,SAFE,legit_prompt,True,8,none,0
length_multiline,20,hn_p_05,SAFE,legit_prompt,True,12,none,0
length_multiline,20,hn_p_06,SAFE,legit_prompt,True,8,none,0
length_multiline,20,hn_p_07,SAFE,legit_prompt,True,8,none,0
length_multiline,20,hn_p_08,SAFE,legit_prompt,True,12,none,0
length_multiline,20,hn_d_01,SAFE,security_doc,False,0,none,0
length_multiline,20,hn_d_02,SAFE,security_doc,False,0,none,0
length_multiline,20,hn_d_03,SAFE,security_doc,False,0,none,0
length_multiline,20,hn_d_04,SAFE,security_doc,False,4,none,0
length_multiline,20,hn_d_05,SAFE,security_doc,False,0,none,0
length_multiline,20,hn_d_06,SAFE,security_doc,False,0,none,0
length_multiline,20,hn_d_07,SAFE,security_doc,False,4,none,0
length_multiline,20,hn_d_08,SAFE,security_doc,False,0,none,0
length_multiline,20,hn_t_01,SAFE,benign_template,True,6,none,0
length_multiline,20,hn_t_02,SAFE,benign_template,True,6,none,0
length_multiline,20,hn_t_03,SAFE,benign_template,True,6,none,0
length_multiline,20,hn_t_04,SAFE,benign_template,True,26,low,1
length_multiline,25,s5_imp_01,S5,imperative,False,0,none,0
length_multiline,25,s5_imp_02,S5,imperative,False,0,none,0
length_multiline,25,s5_imp_03,S5,imperative,False,4,none,0
length_multiline,25,s5_imp_04,S5,imperative,False,0,none,0
length_multiline,25,s5_imp_05,S5,imperative,False,0,none,0
length_multiline,25,s5_imp_06,S5,imperative,False,0,none,0
length_multiline,25,s5_imp_07,S5,imperative,False,0,none,0
length_multiline,25,s5_imp_08,S5,imperative,False,0,none,0
length_multiline,25,s5_imp_09,S5,imperative,False,4,none,0
length_multiline,25,s5_imp_10,S5,imperative,False,0,none,0
length_multiline,25,s5_imp_11,S5,imperative,False,0,none,0
length_multiline,25,s5_imp_12,S5,imperative,False,0,none,0
length_multiline,25,s5_imp_13,S5,imperative,False,0,none,0
length_multiline,25,s5_imp_14,S5,imperative,False,8,none,0
length_multiline,25,s5_imp_15,S5,imperative,False,0,none,0
length_multiline,25,s5_dec_01,S5,declarative,False,0,none,0
length_multiline,25,s5_dec_02,S5,declarative,False,0,none,0
length_multiline,25,s5_dec_03,S5,declarative,False,0,none,0
length_multiline,25,s5_dec_04,S5,declarative,False,0,none,0
length_multiline,25,s5_dec_05,S5,declarative,False,4,none,0
length_multiline,25,s5_dec_06,S5,declarative,False,0,none,0
length_multiline,25,s5_dec_07,S5,declarative,False,0,none,0
length_multiline,25,s5_dec_08,S5,declarative,False,0,none,0
length_multiline,25,s5_dec_09,S5,declarative,False,0,none,0
length_multiline,25,s5_dec_10,S5,declarative,False,0,none,0
length_multiline,25,s5_dec_11,S5,declarative,False,0,none,0
length_multiline,25,s5_dec_12,S5,declarative,False,0,none,0
length_multiline,25,s5_dec_13,S5,declarative,False,0,none,0
length_multiline,25,s5_dec_14,S5,declarative,False,0,none,0
length_multiline,25,s5_ind_01,S5,indirect,False,0,none,0
length_multiline,25,s5_ind_02,S5,indirect,False,0,none,0
length_multiline,25,s5_ind_03,S5,indirect,False,0,none,0
length_multiline,25,s5_ind_04,S5,indirect,False,0,none,0
length_multiline,25,s5_ind_05,S5,indirect,False,0,none,0
length_multiline,25,s5_ind_06,S5,indirect,False,0,none,0
length_multiline,25,s5_ind_07,S5,indirect,False,0,none,0
length_multiline,25,s5_ind_08,S5,indirect,False,0,none,0
length_multiline,25,s5_ind_09,S5,indirect,False,0,none,0
length_multiline,25,s5_ind_10,S5,indirect,False,0,none,0
length_multiline,25,s6_rp_01,S6,roleplay,False,4,none,0
length_multiline,25,s6_rp_02,S6,roleplay,False,4,none,0
length_multiline,25,s6_rp_03,S6,roleplay,False,4,none,0
length_multiline,25,s6_rp_04,S6,roleplay,False,0,none,0
length_multiline,25,s6_rp_05,S6,roleplay,False,8,none,0
length_multiline,25,s6_rp_06,S6,roleplay,False,0,none,0
length_multiline,25,s6_rp_07,S6,roleplay,False,0,none,0
length_multiline,25,s6_rp_08,S6,roleplay,False,0,none,0
length_multiline,25,s6_enc_01,S6,encoding,False,4,none,0
length_multiline,25,s6_enc_02,S6,encoding,False,0,none,0
length_multiline,25,s6_enc_03,S6,encoding,False,4,none,0
length_multiline,25,s6_enc_04,S6,encoding,False,4,none,0
length_multiline,25,safe_01,SAFE,benign,False,0,none,0
length_multiline,25,safe_02,SAFE,benign,False,4,none,0
length_multiline,25,safe_03,SAFE,benign,False,4,none,0
length_multiline,25,safe_04,SAFE,benign,False,4,none,0
length_multiline,25,safe_05,SAFE,benign,False,0,none,0
length_multiline,25,safe_06,SAFE,benign,False,0,none,0
length_multiline,25,safe_07,SAFE,benign,False,4,none,0
length_multiline,25,safe_08,SAFE,benign,False,0,none,0
length_multiline,25,safe_09,SAFE,benign,False,0,none,0
length_multiline,25,safe_10,SAFE,benign,False,0,none,0
length_multiline,25,safe_11,SAFE,benign,False,0,none,0
length_multiline,25,safe_12,SAFE,benign,False,4,none,0
length_multiline,25,safe_13,SAFE,benign,False,0,none,0
length_multiline,25,safe_14,SAFE,benign,False,4,none,0
length_multiline,25,safe_15,SAFE,benign,False,0,none,0
length_multiline,25,safe_16,SAFE,benign,False,0,none,0
length_multiline,25,safe_17,SAFE,benign,False,4,none,0
length_multiline,25,safe_18,SAFE,benign,False,0,none,0
length_multiline,25,safe_19,SAFE,benign,False,0,none,0
length_multiline,25,safe_20,SAFE,benign,False,0,none,0
length_multiline,25,hn_p_01,SAFE,legit_prompt,True,8,none,0
length_multiline,25,hn_p_02,SAFE,legit_prompt,True,12,none,0
length_multiline,25,hn_p_03,SAFE,legit_prompt,True,4,none,0
length_multiline,25,hn_p_04,SAFE,legit_prompt,True,8,none,0
length_multiline,25,hn_p_05,SAFE,legit_prompt,True,12,none,0
length_multiline,25,hn_p_06,SAFE,legit_prompt,True,8,none,0
length_multiline,25,hn_p_07,SAFE,legit_prompt,True,8,none,0
length_multiline,25,hn_p_08,SAFE,legit_prompt,True,12,none,0
length_multiline,25,hn_d_01,SAFE,security_doc,False,0,none,0
length_multiline,25,hn_d_02,SAFE,security_doc,False,0,none,0
length_multiline,25,hn_d_03,SAFE,security_doc,False,0,none,0
length_multiline,25,hn_d_04,SAFE,security_doc,False,4,none,0
length_multiline,25,hn_d_05,SAFE,security_doc,False,0,none,0
length_multiline,25,hn_d_06,SAFE,security_doc,False,0,none,0
length_multiline,25,hn_d_07,SAFE,security_doc,False,4,none,0
length_multiline,25,hn_d_08,SAFE,security_doc,False,0,none,0
length_multiline,25,hn_t_01,SAFE,benign_template,True,6,none,0
length_multiline,25,hn_t_02,SAFE,benign_template,True,6,none,0
length_multiline,25,hn_t_03,SAFE,benign_template,True,6,none,0
length_multiline,25,hn_t_04,SAFE,benign_template,True,31,low,1
length_multiline,30,s5_imp_01,S5,imperative,False,0,none,0
length_multiline,30,s5_imp_02,S5,imperative,False,0,none,0
length_multiline,30,s5_imp_03,S5,imperative,False,4,none,0
length_multiline,30,s5_imp_04,S5,imperative,False,0,none,0
length_multiline,30,s5_imp_05,S5,imperative,False,0,none,0
length_multiline,30,s5_imp_06,S5,imperative,False,0,none,0
length_multiline,30,s5_imp_07,S5,imperative,False,0,none,0
length_multiline,30,s5_imp_08,S5,imperative,False,0,none,0
length_multiline,30,s5_imp_09,S5,imperative,False,4,none,0
length_multiline,30,s5_imp_10,S5,imperative,False,0,none,0
length_multiline,30,s5_imp_11,S5,imperative,False,0,none,0
length_multiline,30,s5_imp_12,S5,imperative,False,0,none,0
length_multiline,30,s5_imp_13,S5,imperative,False,0,none,0
length_multiline,30,s5_imp_14,S5,imperative,False,8,none,0
length_multiline,30,s5_imp_15,S5,imperative,False,0,none,0
length_multiline,30,s5_dec_01,S5,declarative,False,0,none,0
length_multiline,30,s5_dec_02,S5,declarative,False,0,none,0
length_multiline,30,s5_dec_03,S5,declarative,False,0,none,0
length_multiline,30,s5_dec_04,S5,declarative,False,0,none,0
length_multiline,30,s5_dec_05,S5,declarative,False,4,none,0
length_multiline,30,s5_dec_06,S5,declarative,False,0,none,0
length_multiline,30,s5_dec_07,S5,declarative,False,0,none,0
length_multiline,30,s5_dec_08,S5,declarative,False,0,none,0
length_multiline,30,s5_dec_09,S5,declarative,False,0,none,0
length_multiline,30,s5_dec_10,S5,declarative,False,0,none,0
length_multiline,30,s5_dec_11,S5,declarative,False,0,none,0
length_multiline,30,s5_dec_12,S5,declarative,False,0,none,0
length_multiline,30,s5_dec_13,S5,declarative,False,0,none,0
length_multiline,30,s5_dec_14,S5,declarative,False,0,none,0
length_multiline,30,s5_ind_01,S5,indirect,False,0,none,0
length_multiline,30,s5_ind_02,S5,indirect,False,0,none,0
length_multiline,30,s5_ind_03,S5,indirect,False,0,none,0
length_multiline,30,s5_ind_04,S5,indirect,False,0,none,0
length_multiline,30,s5_ind_05,S5,indirect,False,0,none,0
length_multiline,30,s5_ind_06,S5,indirect,False,0,none,0
length_multiline,30,s5_ind_07,S5,indirect,False,0,none,0
length_multiline,30,s5_ind_08,S5,indirect,False,0,none,0
length_multiline,30,s5_ind_09,S5,indirect,False,0,none,0
length_multiline,30,s5_ind_10,S5,indirect,False,0,none,0
length_multiline,30,s6_rp_01,S6,roleplay,False,4,none,0
length_multiline,30,s6_rp_02,S6,roleplay,False,4,none,0
length_multiline,30,s6_rp_03,S6,roleplay,False,4,none,0
length_multiline,30,s6_rp_04,S6,roleplay,False,0,none,0
length_multiline,30,s6_rp_05,S6,roleplay,False,8,none,0
length_multiline,30,s6_rp_06,S6,roleplay,False,0,none,0
length_multiline,30,s6_rp_07,S6,roleplay,False,0,none,0
length_multiline,30,s6_rp_08,S6,roleplay,False,0,none,0
length_multiline,30,s6_enc_01,S6,encoding,False,4,none,0
length_multiline,30,s6_enc_02,S6,encoding,False,0,none,0
length_multiline,30,s6_enc_03,S6,encoding,False,4,none,0
length_multiline,30,s6_enc_04,S6,encoding,False,4,none,0
length_multiline,30,safe_01,SAFE,benign,False,0,none,0
length_multiline,30,safe_02,SAFE,benign,False,4,none,0
length_multiline,30,safe_03,SAFE,benign,False,4,none,0
length_multiline,30,safe_04,SAFE,benign,False,4,none,0
length_multiline,30,safe_05,SAFE,benign,False,0,none,0
length_multiline,30,safe_06,SAFE,benign,False,0,none,0
length_multiline,30,safe_07,SAFE,benign,False,4,none,0
length_multiline,30,safe_08,SAFE,benign,False,0,none,0
length_multiline,30,safe_09,SAFE,benign,False,0,none,0
length_multiline,30,safe_10,SAFE,benign,False,0,none,0
length_multiline,30,safe_11,SAFE,benign,False,0,none,0
length_multiline,30,safe_12,SAFE,benign,False,4,none,0
length_multiline,30,safe_13,SAFE,benign,False,0,none,0
length_multiline,30,safe_14,SAFE,benign,False,4,none,0
length_multiline,30,safe_15,SAFE,benign,False,0,none,0
length_multiline,30,safe_16,SAFE,benign,False,0,none,0
length_multiline,30,safe_17,SAFE,benign,False,4,none,0
length_multiline,30,safe_18,SAFE,benign,False,0,none,0
length_multiline,30,safe_19,SAFE,benign,False,0,none,0
length_multiline,30,safe_20,SAFE,benign,False,0,none,0
length_multiline,30,hn_p_01,SAFE,legit_prompt,True,8,none,0
length_multiline,30,hn_p_02,SAFE,legit_prompt,True,12,none,0
length_multiline,30,hn_p_03,SAFE,legit_prompt,True,4,none,0
length_multiline,30,hn_p_04,SAFE,legit_prompt,True,8,none,0
length_multiline,30,hn_p_05,SAFE,legit_prompt,True,12,none,0
length_multiline,30,hn_p_06,SAFE,legit_prompt,True,8,none,0
length_multiline,30,hn_p_07,SAFE,legit_prompt,True,8,none,0
length_multiline,30,hn_p_08,SAFE,legit_prompt,True,12,none,0
length_multiline,30,hn_d_01,SAFE,security_doc,False,0,none,0
length_multiline,30,hn_d_02,SAFE,security_doc,False,0,none,0
length_multiline,30,hn_d_03,SAFE,security_doc,False,0,none,0
length_multiline,30,hn_d_04,SAFE,security_doc,False,4,none,0
length_multiline,30,hn_d_05,SAFE,security_doc,False,0,none,0
length_multiline,30,hn_d_06,SAFE,security_doc,False,0,none,0
length_multiline,30,hn_d_07,SAFE,security_doc,False,4,none,0
length_multiline,30,hn_d_08,SAFE,security_doc,False,0,none,0
length_multiline,30,hn_t_01,SAFE,benign_template,True,6,none,0
length_multiline,30,hn_t_02,SAFE,benign_template,True,6,none,0
length_multiline,30,hn_t_03,SAFE,benign_template,True,6,none,0
length_multiline,30,hn_t_04,SAFE,benign_template,True,36,low,1
length_multiline,35,s5_imp_01,S5,imperative,False,0,none,0
length_multiline,35,s5_imp_02,S5,imperative,False,0,none,0
length_multiline,35,s5_imp_03,S5,imperative,False,4,none,0
length_multiline,35,s5_imp_04,S5,imperative,False,0,none,0
length_multiline,35,s5_imp_05,S5,imperative,False,0,none,0
length_multiline,35,s5_imp_06,S5,imperative,False,0,none,0
length_multiline,35,s5_imp_07,S5,imperative,False,0,none,0
length_multiline,35,s5_imp_08,S5,imperative,False,0,none,0
length_multiline,35,s5_imp_09,S5,imperative,False,4,none,0
length_multiline,35,s5_imp_10,S5,imperative,False,0,none,0
length_multiline,35,s5_imp_11,S5,imperative,False,0,none,0
length_multiline,35,s5_imp_12,S5,imperative,False,0,none,0
length_multiline,35,s5_imp_13,S5,imperative,False,0,none,0
length_multiline,35,s5_imp_14,S5,imperative,False,8,none,0
length_multiline,35,s5_imp_15,S5,imperative,False,0,none,0
length_multiline,35,s5_dec_01,S5,declarative,False,0,none,0
length_multiline,35,s5_dec_02,S5,declarative,False,0,none,0
length_multiline,35,s5_dec_03,S5,declarative,False,0,none,0
length_multiline,35,s5_dec_04,S5,declarative,False,0,none,0
length_multiline,35,s5_dec_05,S5,declarative,False,4,none,0
length_multiline,35,s5_dec_06,S5,declarative,False,0,none,0
length_multiline,35,s5_dec_07,S5,declarative,False,0,none,0
length_multiline,35,s5_dec_08,S5,declarative,False,0,none,0
length_multiline,35,s5_dec_09,S5,declarative,False,0,none,0
length_multiline,35,s5_dec_10,S5,declarative,False,0,none,0
length_multiline,35,s5_dec_11,S5,declarative,False,0,none,0
length_multiline,35,s5_dec_12,S5,declarative,False,0,none,0
length_multiline,35,s5_dec_13,S5,declarative,False,0,none,0
length_multiline,35,s5_dec_14,S5,declarative,False,0,none,0
length_multiline,35,s5_ind_01,S5,indirect,False,0,none,0
length_multiline,35,s5_ind_02,S5,indirect,False,0,none,0
length_multiline,35,s5_ind_03,S5,indirect,False,0,none,0
length_multiline,35,s5_ind_04,S5,indirect,False,0,none,0
length_multiline,35,s5_ind_05,S5,indirect,False,0,none,0
length_multiline,35,s5_ind_06,S5,indirect,False,0,none,0
length_multiline,35,s5_ind_07,S5,indirect,False,0,none,0
length_multiline,35,s5_ind_08,S5,indirect,False,0,none,0
length_multiline,35,s5_ind_09,S5,indirect,False,0,none,0
length_multiline,35,s5_ind_10,S5,indirect,False,0,none,0
length_multiline,35,s6_rp_01,S6,roleplay,False,4,none,0
length_multiline,35,s6_rp_02,S6,roleplay,False,4,none,0
length_multiline,35,s6_rp_03,S6,roleplay,False,4,none,0
length_multiline,35,s6_rp_04,S6,roleplay,False,0,none,0
length_multiline,35,s6_rp_05,S6,roleplay,False,8,none,0
length_multiline,35,s6_rp_06,S6,roleplay,False,0,none,0
length_multiline,35,s6_rp_07,S6,roleplay,False,0,none,0
length_multiline,35,s6_rp_08,S6,roleplay,False,0,none,0
length_multiline,35,s6_enc_01,S6,encoding,False,4,none,0
length_multiline,35,s6_enc_02,S6,encoding,False,0,none,0
length_multiline,35,s6_enc_03,S6,encoding,False,4,none,0
length_multiline,35,s6_enc_04,S6,encoding,False,4,none,0
length_multiline,35,safe_01,SAFE,benign,False,0,none,0
length_multiline,35,safe_02,SAFE,benign,False,4,none,0
length_multiline,35,safe_03,SAFE,benign,False,4,none,0
length_multiline,35,safe_04,SAFE,benign,False,4,none,0
length_multiline,35,safe_05,SAFE,benign,False,0,none,0
length_multiline,35,safe_06,SAFE,benign,False,0,none,0
length_multiline,35,safe_07,SAFE,benign,False,4,none,0
length_multiline,35,safe_08,SAFE,benign,False,0,none,0
length_multiline,35,safe_09,SAFE,benign,False,0,none,0
length_multiline,35,safe_10,SAFE,benign,False,0,none,0
length_multiline,35,safe_11,SAFE,benign,False,0,none,0
length_multiline,35,safe_12,SAFE,benign,False,4,none,0
length_multiline,35,safe_13,SAFE,benign,False,0,none,0
length_multiline,35,safe_14,SAFE,benign,False,4,none,0
length_multiline,35,safe_15,SAFE,benign,False,0,none,0
length_multiline,35,safe_16,SAFE,benign,False,0,none,0
length_multiline,35,safe_17,SAFE,benign,False,4,none,0
length_multiline,35,safe_18,SAFE,benign,False,0,none,0
length_multiline,35,safe_19,SAFE,benign,False,0,none,0
length_multiline,35,safe_20,SAFE,benign,False,0,none,0
length_multiline,35,hn_p_01,SAFE,legit_prompt,True,8,none,0
length_multiline,35,hn_p_02,SAFE,legit_prompt,True,12,none,0
length_multiline,35,hn_p_03,SAFE,legit_prompt,True,4,none,0
length_multiline,35,hn_p_04,SAFE,legit_prompt,True,8,none,0
length_multiline,35,hn_p_05,SAFE,legit_prompt,True,12,none,0
length_multiline,35,hn_p_06,SAFE,legit_prompt,True,8,none,0
length_multiline,35,hn_p_07,SAFE,legit_prompt,True,8,none,0
length_multiline,35,hn_p_08,SAFE,legit_prompt,True,12,none,0
length_multiline,35,hn_d_01,SAFE,security_doc,False,0,none,0
length_multiline,35,hn_d_02,SAFE,security_doc,False,0,none,0
length_multiline,35,hn_d_03,SAFE,security_doc,False,0,none,0
length_multiline,35,hn_d_04,SAFE,security_doc,False,4,none,0
length_multiline,35,hn_d_05,SAFE,security_doc,False,0,none,0
length_multiline,35,hn_d_06,SAFE,security_doc,False,0,none,0
length_multiline,35,hn_d_07,SAFE,security_doc,False,4,none,0
length_multiline,35,hn_d_08,SAFE,security_doc,False,0,none,0
length_multiline,35,hn_t_01,SAFE,benign_template,True,6,none,0
length_multiline,35,hn_t_02,SAFE,benign_template,True,6,none,0
length_multiline,35,hn_t_03,SAFE,benign_template,True,6,none,0
length_multiline,35,hn_t_04,SAFE,benign_template,True,41,medium,1
length_multiline,40,s5_imp_01,S5,imperative,False,0,none,0
length_multiline,40,s5_imp_02,S5,imperative,False,0,none,0
length_multiline,40,s5_imp_03,S5,imperative,False,4,none,0
length_multiline,40,s5_imp_04,S5,imperative,False,0,none,0
length_multiline,40,s5_imp_05,S5,imperative,False,0,none,0
length_multiline,40,s5_imp_06,S5,imperative,False,0,none,0
length_multiline,40,s5_imp_07,S5,imperative,False,0,none,0
length_multiline,40,s5_imp_08,S5,imperative,False,0,none,0
length_multiline,40,s5_imp_09,S5,imperative,False,4,none,0
length_multiline,40,s5_imp_10,S5,imperative,False,0,none,0
length_multiline,40,s5_imp_11,S5,imperative,False,0,none,0
length_multiline,40,s5_imp_12,S5,imperative,False,0,none,0
length_multiline,40,s5_imp_13,S5,imperative,False,0,none,0
length_multiline,40,s5_imp_14,S5,imperative,False,8,none,0
length_multiline,40,s5_imp_15,S5,imperative,False,0,none,0
length_multiline,40,s5_dec_01,S5,declarative,False,0,none,0
length_multiline,40,s5_dec_02,S5,declarative,False,0,none,0
length_multiline,40,s5_dec_03,S5,declarative,False,0,none,0
length_multiline,40,s5_dec_04,S5,declarative,False,0,none,0
length_multiline,40,s5_dec_05,S5,declarative,False,4,none,0
length_multiline,40,s5_dec_06,S5,declarative,False,0,none,0
length_multiline,40,s5_dec_07,S5,declarative,False,0,none,0
length_multiline,40,s5_dec_08,S5,declarative,False,0,none,0
length_multiline,40,s5_dec_09,S5,declarative,False,0,none,0
length_multiline,40,s5_dec_10,S5,declarative,False,0,none,0
length_multiline,40,s5_dec_11,S5,declarative,False,0,none,0
length_multiline,40,s5_dec_12,S5,declarative,False,0,none,0
length_multiline,40,s5_dec_13,S5,declarative,False,0,none,0
length_multiline,40,s5_dec_14,S5,declarative,False,0,none,0
length_multiline,40,s5_ind_01,S5,indirect,False,0,none,0
length_multiline,40,s5_ind_02,S5,indirect,False,0,none,0
length_multiline,40,s5_ind_03,S5,indirect,False,0,none,0
length_multiline,40,s5_ind_04,S5,indirect,False,0,none,0
length_multiline,40,s5_ind_05,S5,indirect,False,0,none,0
length_multiline,40,s5_ind_06,S5,indirect,False,0,none,0
length_multiline,40,s5_ind_07,S5,indirect,False,0,none,0
length_multiline,40,s5_ind_08,S5,indirect,False,0,none,0
length_multiline,40,s5_ind_09,S5,indirect,False,0,none,0
length_multiline,40,s5_ind_10,S5,indirect,False,0,none,0
length_multiline,40,s6_rp_01,S6,roleplay,False,4,none,0
length_multiline,40,s6_rp_02,S6,roleplay,False,4,none,0
length_multiline,40,s6_rp_03,S6,roleplay,False,4,none,0
length_multiline,40,s6_rp_04,S6,roleplay,False,0,none,0
length_multiline,40,s6_rp_05,S6,roleplay,False,8,none,0
length_multiline,40,s6_rp_06,S6,roleplay,False,0,none,0
length_multiline,40,s6_rp_07,S6,roleplay,False,0,none,0
length_multiline,40,s6_rp_08,S6,roleplay,False,0,none,0
length_multiline,40,s6_enc_01,S6,encoding,False,4,none,0
length_multiline,40,s6_enc_02,S6,encoding,False,0,none,0
length_multiline,40,s6_enc_03,S6,encoding,False,4,none,0
length_multiline,40,s6_enc_04,S6,encoding,False,4,none,0
length_multiline,40,safe_01,SAFE,benign,False,0,none,0
length_multiline,40,safe_02,SAFE,benign,False,4,none,0
length_multiline,40,safe_03,SAFE,benign,False,4,none,0
length_multiline,40,safe_04,SAFE,benign,False,4,none,0
length_multiline,40,safe_05,SAFE,benign,False,0,none,0
length_multiline,40,safe_06,SAFE,benign,False,0,none,0
length_multiline,40,safe_07,SAFE,benign,False,4,none,0
length_multiline,40,safe_08,SAFE,benign,False,0,none,0
length_multiline,40,safe_09,SAFE,benign,False,0,none,0
length_multiline,40,safe_10,SAFE,benign,False,0,none,0
length_multiline,40,safe_11,SAFE,benign,False,0,none,0
length_multiline,40,safe_12,SAFE,benign,False,4,none,0
length_multiline,40,safe_13,SAFE,benign,False,0,none,0
length_multiline,40,safe_14,SAFE,benign,False,4,none,0
length_multiline,40,safe_15,SAFE,benign,False,0,none,0
length_multiline,40,safe_16,SAFE,benign,False,0,none,0
length_multiline,40,safe_17,SAFE,benign,False,4,none,0
length_multiline,40,safe_18,SAFE,benign,False,0,none,0
length_multiline,40,safe_19,SAFE,benign,False,0,none,0
length_multiline,40,safe_20,SAFE,benign,False,0,none,0
length_multiline,40,hn_p_01,SAFE,legit_prompt,True,8,none,0
length_multiline,40,hn_p_02,SAFE,legit_prompt,True,12,none,0
length_multiline,40,hn_p_03,SAFE,legit_prompt,True,4,none,0
length_multiline,40,hn_p_04,SAFE,legit_prompt,True,8,none,0
length_multiline,40,hn_p_05,SAFE,legit_prompt,True,12,none,0
length_multiline,40,hn_p_06,SAFE,legit_prompt,True,8,none,0
length_multiline,40,hn_p_07,SAFE,legit_prompt,True,8,none,0
length_multiline,40,hn_p_08,SAFE,legit_prompt,True,12,none,0
length_multiline,40,hn_d_01,SAFE,security_doc,False,0,none,0
length_multiline,40,hn_d_02,SAFE,security_doc,False,0,none,0
length_multiline,40,hn_d_03,SAFE,security_doc,False,0,none,0
length_multiline,40,hn_d_04,SAFE,security_doc,False,4,none,0
length_multiline,40,hn_d_05,SAFE,security_doc,False,0,none,0
length_multiline,40,hn_d_06,SAFE,security_doc,False,0,none,0
length_multiline,40,hn_d_07,SAFE,security_doc,False,4,none,0
length_multiline,40,hn_d_08,SAFE,security_doc,False,0,none,0
length_multiline,40,hn_t_01,SAFE,benign_template,True,6,none,0
length_multiline,40,hn_t_02,SAFE,benign_template,True,6,none,0
length_multiline,40,hn_t_03,SAFE,benign_template,True,6,none,0
length_multiline,40,hn_t_04,SAFE,benign_template,True,46,medium,1
length_multiline,45,s5_imp_01,S5,imperative,False,0,none,0
length_multiline,45,s5_imp_02,S5,imperative,False,0,none,0
length_multiline,45,s5_imp_03,S5,imperative,False,4,none,0
length_multiline,45,s5_imp_04,S5,imperative,False,0,none,0
length_multiline,45,s5_imp_05,S5,imperative,False,0,none,0
length_multiline,45,s5_imp_06,S5,imperative,False,0,none,0
length_multiline,45,s5_imp_07,S5,imperative,False,0,none,0
length_multiline,45,s5_imp_08,S5,imperative,False,0,none,0
length_multiline,45,s5_imp_09,S5,imperative,False,4,none,0
length_multiline,45,s5_imp_10,S5,imperative,False,0,none,0
length_multiline,45,s5_imp_11,S5,imperative,False,0,none,0
length_multiline,45,s5_imp_12,S5,imperative,False,0,none,0
length_multiline,45,s5_imp_13,S5,imperative,False,0,none,0
length_multiline,45,s5_imp_14,S5,imperative,False,8,none,0
length_multiline,45,s5_imp_15,S5,imperative,False,0,none,0
length_multiline,45,s5_dec_01,S5,declarative,False,0,none,0
length_multiline,45,s5_dec_02,S5,declarative,False,0,none,0
length_multiline,45,s5_dec_03,S5,declarative,False,0,none,0
length_multiline,45,s5_dec_04,S5,declarative,False,0,none,0
length_multiline,45,s5_dec_05,S5,declarative,False,4,none,0
length_multiline,45,s5_dec_06,S5,declarative,False,0,none,0
length_multiline,45,s5_dec_07,S5,declarative,False,0,none,0
length_multiline,45,s5_dec_08,S5,declarative,False,0,none,0
length_multiline,45,s5_dec_09,S5,declarative,False,0,none,0
length_multiline,45,s5_dec_10,S5,declarative,False,0,none,0
length_multiline,45,s5_dec_11,S5,declarative,False,0,none,0
length_multiline,45,s5_dec_12,S5,declarative,False,0,none,0
length_multiline,45,s5_dec_13,S5,declarative,False,0,none,0
length_multiline,45,s5_dec_14,S5,declarative,False,0,none,0
length_multiline,45,s5_ind_01,S5,indirect,False,0,none,0
length_multiline,45,s5_ind_02,S5,indirect,False,0,none,0
length_multiline,45,s5_ind_03,S5,indirect,False,0,none,0
length_multiline,45,s5_ind_04,S5,indirect,False,0,none,0
length_multiline,45,s5_ind_05,S5,indirect,False,0,none,0
length_multiline,45,s5_ind_06,S5,indirect,False,0,none,0
length_multiline,45,s5_ind_07,S5,indirect,False,0,none,0
length_multiline,45,s5_ind_08,S5,indirect,False,0,none,0
length_multiline,45,s5_ind_09,S5,indirect,False,0,none,0
length_multiline,45,s5_ind_10,S5,indirect,False,0,none,0
length_multiline,45,s6_rp_01,S6,roleplay,False,4,none,0
length_multiline,45,s6_rp_02,S6,roleplay,False,4,none,0
length_multiline,45,s6_rp_03,S6,roleplay,False,4,none,0
length_multiline,45,s6_rp_04,S6,roleplay,False,0,none,0
length_multiline,45,s6_rp_05,S6,roleplay,False,8,none,0
length_multiline,45,s6_rp_06,S6,roleplay,False,0,none,0
length_multiline,45,s6_rp_07,S6,roleplay,False,0,none,0
length_multiline,45,s6_rp_08,S6,roleplay,False,0,none,0
length_multiline,45,s6_enc_01,S6,encoding,False,4,none,0
length_multiline,45,s6_enc_02,S6,encoding,False,0,none,0
length_multiline,45,s6_enc_03,S6,encoding,False,4,none,0
length_multiline,45,s6_enc_04,S6,encoding,False,4,none,0
length_multiline,45,safe_01,SAFE,benign,False,0,none,0
length_multiline,45,safe_02,SAFE,benign,False,4,none,0
length_multiline,45,safe_03,SAFE,benign,False,4,none,0
length_multiline,45,safe_04,SAFE,benign,False,4,none,0
length_multiline,45,safe_05,SAFE,benign,False,0,none,0
length_multiline,45,safe_06,SAFE,benign,False,0,none,0
length_multiline,45,safe_07,SAFE,benign,False,4,none,0
length_multiline,45,safe_08,SAFE,benign,False,0,none,0
length_multiline,45,safe_09,SAFE,benign,False,0,none,0
length_multiline,45,safe_10,SAFE,benign,False,0,none,0
length_multiline,45,safe_11,SAFE,benign,False,0,none,0
length_multiline,45,safe_12,SAFE,benign,False,4,none,0
length_multiline,45,safe_13,SAFE,benign,False,0,none,0
length_multiline,45,safe_14,SAFE,benign,False,4,none,0
length_multiline,45,safe_15,SAFE,benign,False,0,none,0
length_multiline,45,safe_16,SAFE,benign,False,0,none,0
length_multiline,45,safe_17,SAFE,benign,False,4,none,0
length_multiline,45,safe_18,SAFE,benign,False,0,none,0
length_multiline,45,safe_19,SAFE,benign,False,0,none,0
length_multiline,45,safe_20,SAFE,benign,False,0,none,0
length_multiline,45,hn_p_01,SAFE,legit_prompt,True,8,none,0
length_multiline,45,hn_p_02,SAFE,legit_prompt,True,12,none,0
length_multiline,45,hn_p_03,SAFE,legit_prompt,True,4,none,0
length_multiline,45,hn_p_04,SAFE,legit_prompt,True,8,none,0
length_multiline,45,hn_p_05,SAFE,legit_prompt,True,12,none,0
length_multiline,45,hn_p_06,SAFE,legit_prompt,True,8,none,0
length_multiline,45,hn_p_07,SAFE,legit_prompt,True,8,none,0
length_multiline,45,hn_p_08,SAFE,legit_prompt,True,12,none,0
length_multiline,45,hn_d_01,SAFE,security_doc,False,0,none,0
length_multiline,45,hn_d_02,SAFE,security_doc,False,0,none,0
length_multiline,45,hn_d_03,SAFE,security_doc,False,0,none,0
length_multiline,45,hn_d_04,SAFE,security_doc,False,4,none,0
length_multiline,45,hn_d_05,SAFE,security_doc,False,0,none,0
length_multiline,45,hn_d_06,SAFE,security_doc,False,0,none,0
length_multiline,45,hn_d_07,SAFE,security_doc,False,4,none,0
length_multiline,45,hn_d_08,SAFE,security_doc,False,0,none,0
length_multiline,45,hn_t_01,SAFE,benign_template,True,6,none,0
length_multiline,45,hn_t_02,SAFE,benign_template,True,6,none,0
length_multiline,45,hn_t_03,SAFE,benign_template,True,6,none,0
length_multiline,45,hn_t_04,SAFE,benign_template,True,51,medium,1
length_multiline,50,s5_imp_01,S5,imperative,False,0,none,0
length_multiline,50,s5_imp_02,S5,imperative,False,0,none,0
length_multiline,50,s5_imp_03,S5,imperative,False,4,none,0
length_multiline,50,s5_imp_04,S5,imperative,False,0,none,0
length_multiline,50,s5_imp_05,S5,imperative,False,0,none,0
length_multiline,50,s5_imp_06,S5,imperative,False,0,none,0
length_multiline,50,s5_imp_07,S5,imperative,False,0,none,0
length_multiline,50,s5_imp_08,S5,imperative,False,0,none,0
length_multiline,50,s5_imp_09,S5,imperative,False,4,none,0
length_multiline,50,s5_imp_10,S5,imperative,False,0,none,0
length_multiline,50,s5_imp_11,S5,imperative,False,0,none,0
length_multiline,50,s5_imp_12,S5,imperative,False,0,none,0
length_multiline,50,s5_imp_13,S5,imperative,False,0,none,0
length_multiline,50,s5_imp_14,S5,imperative,False,8,none,0
length_multiline,50,s5_imp_15,S5,imperative,False,0,none,0
length_multiline,50,s5_dec_01,S5,declarative,False,0,none,0
length_multiline,50,s5_dec_02,S5,declarative,False,0,none,0
length_multiline,50,s5_dec_03,S5,declarative,False,0,none,0
length_multiline,50,s5_dec_04,S5,declarative,False,0,none,0
length_multiline,50,s5_dec_05,S5,declarative,False,4,none,0
length_multiline,50,s5_dec_06,S5,declarative,False,0,none,0
length_multiline,50,s5_dec_07,S5,declarative,False,0,none,0
length_multiline,50,s5_dec_08,S5,declarative,False,0,none,0
length_multiline,50,s5_dec_09,S5,declarative,False,0,none,0
length_multiline,50,s5_dec_10,S5,declarative,False,0,none,0
length_multiline,50,s5_dec_11,S5,declarative,False,0,none,0
length_multiline,50,s5_dec_12,S5,declarative,False,0,none,0
length_multiline,50,s5_dec_13,S5,declarative,False,0,none,0
length_multiline,50,s5_dec_14,S5,declarative,False,0,none,0
length_multiline,50,s5_ind_01,S5,indirect,False,0,none,0
length_multiline,50,s5_ind_02,S5,indirect,False,0,none,0
length_multiline,50,s5_ind_03,S5,indirect,False,0,none,0
length_multiline,50,s5_ind_04,S5,indirect,False,0,none,0
length_multiline,50,s5_ind_05,S5,indirect,False,0,none,0
length_multiline,50,s5_ind_06,S5,indirect,False,0,none,0
length_multiline,50,s5_ind_07,S5,indirect,False,0,none,0
length_multiline,50,s5_ind_08,S5,indirect,False,0,none,0
length_multiline,50,s5_ind_09,S5,indirect,False,0,none,0
length_multiline,50,s5_ind_10,S5,indirect,False,0,none,0
length_multiline,50,s6_rp_01,S6,roleplay,False,4,none,0
length_multiline,50,s6_rp_02,S6,roleplay,False,4,none,0
length_multiline,50,s6_rp_03,S6,roleplay,False,4,none,0
length_multiline,50,s6_rp_04,S6,roleplay,False,0,none,0
length_multiline,50,s6_rp_05,S6,roleplay,False,8,none,0
length_multiline,50,s6_rp_06,S6,roleplay,False,0,none,0
length_multiline,50,s6_rp_07,S6,roleplay,False,0,none,0
length_multiline,50,s6_rp_08,S6,roleplay,False,0,none,0
length_multiline,50,s6_enc_01,S6,encoding,False,4,none,0
length_multiline,50,s6_enc_02,S6,encoding,False,0,none,0
length_multiline,50,s6_enc_03,S6,encoding,False,4,none,0
length_multiline,50,s6_enc_04,S6,encoding,False,4,none,0
length_multiline,50,safe_01,SAFE,benign,False,0,none,0
length_multiline,50,safe_02,SAFE,benign,False,4,none,0
length_multiline,50,safe_03,SAFE,benign,False,4,none,0
length_multiline,50,safe_04,SAFE,benign,False,4,none,0
length_multiline,50,safe_05,SAFE,benign,False,0,none,0
length_multiline,50,safe_06,SAFE,benign,False,0,none,0
length_multiline,50,safe_07,SAFE,benign,False,4,none,0
length_multiline,50,safe_08,SAFE,benign,False,0,none,0
length_multiline,50,safe_09,SAFE,benign,False,0,none,0
length_multiline,50,safe_10,SAFE,benign,False,0,none,0
length_multiline,50,safe_11,SAFE,benign,False,0,none,0
length_multiline,50,safe_12,SAFE,benign,False,4,none,0
length_multiline,50,safe_13,SAFE,benign,False,0,none,0
length_multiline,50,safe_14,SAFE,benign,False,4,none,0
length_multiline,50,safe_15,SAFE,benign,False,0,none,0
length_multiline,50,safe_16,SAFE,benign,False,0,none,0
length_multiline,50,safe_17,SAFE,benign,False,4,none,0
length_multiline,50,safe_18,SAFE,benign,False,0,none,0
length_multiline,50,safe_19,SAFE,benign,False,0,none,0
length_multiline,50,safe_20,SAFE,benign,False,0,none,0
length_multiline,50,hn_p_01,SAFE,legit_prompt,True,8,none,0
length_multiline,50,hn_p_02,SAFE,legit_prompt,True,12,none,0
length_multiline,50,hn_p_03,SAFE,legit_prompt,True,4,none,0
length_multiline,50,hn_p_04,SAFE,legit_prompt,True,8,none,0
length_multiline,50,hn_p_05,SAFE,legit_prompt,True,12,none,0
length_multiline,50,hn_p_06,SAFE,legit_prompt,True,8,none,0
length_multiline,50,hn_p_07,SAFE,legit_prompt,True,8,none,0
length_multiline,50,hn_p_08,SAFE,legit_prompt,True,12,none,0
length_multiline,50,hn_d_01,SAFE,security_doc,False,0,none,0
length_multiline,50,hn_d_02,SAFE,security_doc,False,0,none,0
length_multiline,50,hn_d_03,SAFE,security_doc,False,0,none,0
length_multiline,50,hn_d_04,SAFE,security_doc,False,4,none,0
length_multiline,50,hn_d_05,SAFE,security_doc,False,0,none,0
length_multiline,50,hn_d_06,SAFE,security_doc,False,0,none,0
length_multiline,50,hn_d_07,SAFE,security_doc,False,4,none,0
length_multiline,50,hn_d_08,SAFE,security_doc,False,0,none,0
length_multiline,50,hn_t_01,SAFE,benign_template,True,6,none,0
length_multiline,50,hn_t_02,SAFE,benign_template,True,6,none,0
length_multiline,50,hn_t_03,SAFE,benign_template,True,6,none,0
length_multiline,50,hn_t_04,SAFE,benign_template,True,56,medium,1
length_multiline,60,s5_imp_01,S5,imperative,False,0,none,0
length_multiline,60,s5_imp_02,S5,imperative,False,0,none,0
length_multiline,60,s5_imp_03,S5,imperative,False,4,none,0
length_multiline,60,s5_imp_04,S5,imperative,False,0,none,0
length_multiline,60,s5_imp_05,S5,imperative,False,0,none,0
length_multiline,60,s5_imp_06,S5,imperative,False,0,none,0
length_multiline,60,s5_imp_07,S5,imperative,False,0,none,0
length_multiline,60,s5_imp_08,S5,imperative,False,0,none,0
length_multiline,60,s5_imp_09,S5,imperative,False,4,none,0
length_multiline,60,s5_imp_10,S5,imperative,False,0,none,0
length_multiline,60,s5_imp_11,S5,imperative,False,0,none,0
length_multiline,60,s5_imp_12,S5,imperative,False,0,none,0
length_multiline,60,s5_imp_13,S5,imperative,False,0,none,0
length_multiline,60,s5_imp_14,S5,imperative,False,8,none,0
length_multiline,60,s5_imp_15,S5,imperative,False,0,none,0
length_multiline,60,s5_dec_01,S5,declarative,False,0,none,0
length_multiline,60,s5_dec_02,S5,declarative,False,0,none,0
length_multiline,60,s5_dec_03,S5,declarative,False,0,none,0
length_multiline,60,s5_dec_04,S5,declarative,False,0,none,0
length_multiline,60,s5_dec_05,S5,declarative,False,4,none,0
length_multiline,60,s5_dec_06,S5,declarative,False,0,none,0
length_multiline,60,s5_dec_07,S5,declarative,False,0,none,0
length_multiline,60,s5_dec_08,S5,declarative,False,0,none,0
length_multiline,60,s5_dec_09,S5,declarative,False,0,none,0
length_multiline,60,s5_dec_10,S5,declarative,False,0,none,0
length_multiline,60,s5_dec_11,S5,declarative,False,0,none,0
length_multiline,60,s5_dec_12,S5,declarative,False,0,none,0
length_multiline,60,s5_dec_13,S5,declarative,False,0,none,0
length_multiline,60,s5_dec_14,S5,declarative,False,0,none,0
length_multiline,60,s5_ind_01,S5,indirect,False,0,none,0
length_multiline,60,s5_ind_02,S5,indirect,False,0,none,0
length_multiline,60,s5_ind_03,S5,indirect,False,0,none,0
length_multiline,60,s5_ind_04,S5,indirect,False,0,none,0
length_multiline,60,s5_ind_05,S5,indirect,False,0,none,0
length_multiline,60,s5_ind_06,S5,indirect,False,0,none,0
length_multiline,60,s5_ind_07,S5,indirect,False,0,none,0
length_multiline,60,s5_ind_08,S5,indirect,False,0,none,0
length_multiline,60,s5_ind_09,S5,indirect,False,0,none,0
length_multiline,60,s5_ind_10,S5,indirect,False,0,none,0
length_multiline,60,s6_rp_01,S6,roleplay,False,4,none,0
length_multiline,60,s6_rp_02,S6,roleplay,False,4,none,0
length_multiline,60,s6_rp_03,S6,roleplay,False,4,none,0
length_multiline,60,s6_rp_04,S6,roleplay,False,0,none,0
length_multiline,60,s6_rp_05,S6,roleplay,False,8,none,0
length_multiline,60,s6_rp_06,S6,roleplay,False,0,none,0
length_multiline,60,s6_rp_07,S6,roleplay,False,0,none,0
length_multiline,60,s6_rp_08,S6,roleplay,False,0,none,0
length_multiline,60,s6_enc_01,S6,encoding,False,4,none,0
length_multiline,60,s6_enc_02,S6,encoding,False,0,none,0
length_multiline,60,s6_enc_03,S6,encoding,False,4,none,0
length_multiline,60,s6_enc_04,S6,encoding,False,4,none,0
length_multiline,60,safe_01,SAFE,benign,False,0,none,0
length_multiline,60,safe_02,SAFE,benign,False,4,none,0
length_multiline,60,safe_03,SAFE,benign,False,4,none,0
length_multiline,60,safe_04,SAFE,benign,False,4,none,0
length_multiline,60,safe_05,SAFE,benign,False,0,none,0
length_multiline,60,safe_06,SAFE,benign,False,0,none,0
length_multiline,60,safe_07,SAFE,benign,False,4,none,0
length_multiline,60,safe_08,SAFE,benign,False,0,none,0
length_multiline,60,safe_09,SAFE,benign,False,0,none,0
length_multiline,60,safe_10,SAFE,benign,False,0,none,0
length_multiline,60,safe_11,SAFE,benign,False,0,none,0
length_multiline,60,safe_12,SAFE,benign,False,4,none,0
length_multiline,60,safe_13,SAFE,benign,False,0,none,0
length_multiline,60,safe_14,SAFE,benign,False,4,none,0
length_multiline,60,safe_15,SAFE,benign,False,0,none,0
length_multiline,60,safe_16,SAFE,benign,False,0,none,0
length_multiline,60,safe_17,SAFE,benign,False,4,none,0
length_multiline,60,safe_18,SAFE,benign,False,0,none,0
length_multiline,60,safe_19,SAFE,benign,False,0,none,0
length_multiline,60,safe_20,SAFE,benign,False,0,none,0
length_multiline,60,hn_p_01,SAFE,legit_prompt,True,8,none,0
length_multiline,60,hn_p_02,SAFE,legit_prompt,True,12,none,0
length_multiline,60,hn_p_03,SAFE,legit_prompt,True,4,none,0
length_multiline,60,hn_p_04,SAFE,legit_prompt,True,8,none,0
length_multiline,60,hn_p_05,SAFE,legit_prompt,True,12,none,0
length_multiline,60,hn_p_06,SAFE,legit_prompt,True,8,none,0
length_multiline,60,hn_p_07,SAFE,legit_prompt,True,8,none,0
length_multiline,60,hn_p_08,SAFE,legit_prompt,True,12,none,0
length_multiline,60,hn_d_01,SAFE,security_doc,False,0,none,0
length_multiline,60,hn_d_02,SAFE,security_doc,False,0,none,0
length_multiline,60,hn_d_03,SAFE,security_doc,False,0,none,0
length_multiline,60,hn_d_04,SAFE,security_doc,False,4,none,0
length_multiline,60,hn_d_05,SAFE,security_doc,False,0,none,0
length_multiline,60,hn_d_06,SAFE,security_doc,False,0,none,0
length_multiline,60,hn_d_07,SAFE,security_doc,False,4,none,0
length_multiline,60,hn_d_08,SAFE,security_doc,False,0,none,0
length_multiline,60,hn_t_01,SAFE,benign_template,True,6,none,0
length_multiline,60,hn_t_02,SAFE,benign_template,True,6,none,0
length_multiline,60,hn_t_03,SAFE,benign_template,True,6,none,0
length_multiline,60,hn_t_04,SAFE,benign_template,True,66,medium,1
length_multiline,70,s5_imp_01,S5,imperative,False,0,none,0
length_multiline,70,s5_imp_02,S5,imperative,False,0,none,0
length_multiline,70,s5_imp_03,S5,imperative,False,4,none,0
length_multiline,70,s5_imp_04,S5,imperative,False,0,none,0
length_multiline,70,s5_imp_05,S5,imperative,False,0,none,0
length_multiline,70,s5_imp_06,S5,imperative,False,0,none,0
length_multiline,70,s5_imp_07,S5,imperative,False,0,none,0
length_multiline,70,s5_imp_08,S5,imperative,False,0,none,0
length_multiline,70,s5_imp_09,S5,imperative,False,4,none,0
length_multiline,70,s5_imp_10,S5,imperative,False,0,none,0
length_multiline,70,s5_imp_11,S5,imperative,False,0,none,0
length_multiline,70,s5_imp_12,S5,imperative,False,0,none,0
length_multiline,70,s5_imp_13,S5,imperative,False,0,none,0
length_multiline,70,s5_imp_14,S5,imperative,False,8,none,0
length_multiline,70,s5_imp_15,S5,imperative,False,0,none,0
length_multiline,70,s5_dec_01,S5,declarative,False,0,none,0
length_multiline,70,s5_dec_02,S5,declarative,False,0,none,0
length_multiline,70,s5_dec_03,S5,declarative,False,0,none,0
length_multiline,70,s5_dec_04,S5,declarative,False,0,none,0
length_multiline,70,s5_dec_05,S5,declarative,False,4,none,0
length_multiline,70,s5_dec_06,S5,declarative,False,0,none,0
length_multiline,70,s5_dec_07,S5,declarative,False,0,none,0
length_multiline,70,s5_dec_08,S5,declarative,False,0,none,0
length_multiline,70,s5_dec_09,S5,declarative,False,0,none,0
length_multiline,70,s5_dec_10,S5,declarative,False,0,none,0
length_multiline,70,s5_dec_11,S5,declarative,False,0,none,0
length_multiline,70,s5_dec_12,S5,declarative,False,0,none,0
length_multiline,70,s5_dec_13,S5,declarative,False,0,none,0
length_multiline,70,s5_dec_14,S5,declarative,False,0,none,0
length_multiline,70,s5_ind_01,S5,indirect,False,0,none,0
length_multiline,70,s5_ind_02,S5,indirect,False,0,none,0
length_multiline,70,s5_ind_03,S5,indirect,False,0,none,0
length_multiline,70,s5_ind_04,S5,indirect,False,0,none,0
length_multiline,70,s5_ind_05,S5,indirect,False,0,none,0
length_multiline,70,s5_ind_06,S5,indirect,False,0,none,0
length_multiline,70,s5_ind_07,S5,indirect,False,0,none,0
length_multiline,70,s5_ind_08,S5,indirect,False,0,none,0
length_multiline,70,s5_ind_09,S5,indirect,False,0,none,0
length_multiline,70,s5_ind_10,S5,indirect,False,0,none,0
length_multiline,70,s6_rp_01,S6,roleplay,False,4,none,0
length_multiline,70,s6_rp_02,S6,roleplay,False,4,none,0
length_multiline,70,s6_rp_03,S6,roleplay,False,4,none,0
length_multiline,70,s6_rp_04,S6,roleplay,False,0,none,0
length_multiline,70,s6_rp_05,S6,roleplay,False,8,none,0
length_multiline,70,s6_rp_06,S6,roleplay,False,0,none,0
length_multiline,70,s6_rp_07,S6,roleplay,False,0,none,0
length_multiline,70,s6_rp_08,S6,roleplay,False,0,none,0
length_multiline,70,s6_enc_01,S6,encoding,False,4,none,0
length_multiline,70,s6_enc_02,S6,encoding,False,0,none,0
length_multiline,70,s6_enc_03,S6,encoding,False,4,none,0
length_multiline,70,s6_enc_04,S6,encoding,False,4,none,0
length_multiline,70,safe_01,SAFE,benign,False,0,none,0
length_multiline,70,safe_02,SAFE,benign,False,4,none,0
length_multiline,70,safe_03,SAFE,benign,False,4,none,0
length_multiline,70,safe_04,SAFE,benign,False,4,none,0
length_multiline,70,safe_05,SAFE,benign,False,0,none,0
length_multiline,70,safe_06,SAFE,benign,False,0,none,0
length_multiline,70,safe_07,SAFE,benign,False,4,none,0
length_multiline,70,safe_08,SAFE,benign,False,0,none,0
length_multiline,70,safe_09,SAFE,benign,False,0,none,0
length_multiline,70,safe_10,SAFE,benign,False,0,none,0
length_multiline,70,safe_11,SAFE,benign,False,0,none,0
length_multiline,70,safe_12,SAFE,benign,False,4,none,0
length_multiline,70,safe_13,SAFE,benign,False,0,none,0
length_multiline,70,safe_14,SAFE,benign,False,4,none,0
length_multiline,70,safe_15,SAFE,benign,False,0,none,0
length_multiline,70,safe_16,SAFE,benign,False,0,none,0
length_multiline,70,safe_17,SAFE,benign,False,4,none,0
length_multiline,70,safe_18,SAFE,benign,False,0,none,0
length_multiline,70,safe_19,SAFE,benign,False,0,none,0
length_multiline,70,safe_20,SAFE,benign,False,0,none,0
length_multiline,70,hn_p_01,SAFE,legit_prompt,True,8,none,0
length_multiline,70,hn_p_02,SAFE,legit_prompt,True,12,none,0
length_multiline,70,hn_p_03,SAFE,legit_prompt,True,4,none,0
length_multiline,70,hn_p_04,SAFE,legit_prompt,True,8,none,0
length_multiline,70,hn_p_05,SAFE,legit_prompt,True,12,none,0
length_multiline,70,hn_p_06,SAFE,legit_prompt,True,8,none,0
length_multiline,70,hn_p_07,SAFE,legit_prompt,True,8,none,0
length_multiline,70,hn_p_08,SAFE,legit_prompt,True,12,none,0
length_multiline,70,hn_d_01,SAFE,security_doc,False,0,none,0
length_multiline,70,hn_d_02,SAFE,security_doc,False,0,none,0
length_multiline,70,hn_d_03,SAFE,security_doc,False,0,none,0
length_multiline,70,hn_d_04,SAFE,security_doc,False,4,none,0
length_multiline,70,hn_d_05,SAFE,security_doc,False,0,none,0
length_multiline,70,hn_d_06,SAFE,security_doc,False,0,none,0
length_multiline,70,hn_d_07,SAFE,security_doc,False,4,none,0
length_multiline,70,hn_d_08,SAFE,security_doc,False,0,none,0
length_multiline,70,hn_t_01,SAFE,benign_template,True,6,none,0
length_multiline,70,hn_t_02,SAFE,benign_template,True,6,none,0
length_multiline,70,hn_t_03,SAFE,benign_template,True,6,none,0
length_multiline,70,hn_t_04,SAFE,benign_template,True,76,high,1
length_multiline,80,s5_imp_01,S5,imperative,False,0,none,0
length_multiline,80,s5_imp_02,S5,imperative,False,0,none,0
length_multiline,80,s5_imp_03,S5,imperative,False,4,none,0
length_multiline,80,s5_imp_04,S5,imperative,False,0,none,0
length_multiline,80,s5_imp_05,S5,imperative,False,0,none,0
length_multiline,80,s5_imp_06,S5,imperative,False,0,none,0
length_multiline,80,s5_imp_07,S5,imperative,False,0,none,0
length_multiline,80,s5_imp_08,S5,imperative,False,0,none,0
length_multiline,80,s5_imp_09,S5,imperative,False,4,none,0
length_multiline,80,s5_imp_10,S5,imperative,False,0,none,0
length_multiline,80,s5_imp_11,S5,imperative,False,0,none,0
length_multiline,80,s5_imp_12,S5,imperative,False,0,none,0
length_multiline,80,s5_imp_13,S5,imperative,False,0,none,0
length_multiline,80,s5_imp_14,S5,imperative,False,8,none,0
length_multiline,80,s5_imp_15,S5,imperative,False,0,none,0
length_multiline,80,s5_dec_01,S5,declarative,False,0,none,0
length_multiline,80,s5_dec_02,S5,declarative,False,0,none,0
length_multiline,80,s5_dec_03,S5,declarative,False,0,none,0
length_multiline,80,s5_dec_04,S5,declarative,False,0,none,0
length_multiline,80,s5_dec_05,S5,declarative,False,4,none,0
length_multiline,80,s5_dec_06,S5,declarative,False,0,none,0
length_multiline,80,s5_dec_07,S5,declarative,False,0,none,0
length_multiline,80,s5_dec_08,S5,declarative,False,0,none,0
length_multiline,80,s5_dec_09,S5,declarative,False,0,none,0
length_multiline,80,s5_dec_10,S5,declarative,False,0,none,0
length_multiline,80,s5_dec_11,S5,declarative,False,0,none,0
length_multiline,80,s5_dec_12,S5,declarative,False,0,none,0
length_multiline,80,s5_dec_13,S5,declarative,False,0,none,0
length_multiline,80,s5_dec_14,S5,declarative,False,0,none,0
length_multiline,80,s5_ind_01,S5,indirect,False,0,none,0
length_multiline,80,s5_ind_02,S5,indirect,False,0,none,0
length_multiline,80,s5_ind_03,S5,indirect,False,0,none,0
length_multiline,80,s5_ind_04,S5,indirect,False,0,none,0
length_multiline,80,s5_ind_05,S5,indirect,False,0,none,0
length_multiline,80,s5_ind_06,S5,indirect,False,0,none,0
length_multiline,80,s5_ind_07,S5,indirect,False,0,none,0
length_multiline,80,s5_ind_08,S5,indirect,False,0,none,0
length_multiline,80,s5_ind_09,S5,indirect,False,0,none,0
length_multiline,80,s5_ind_10,S5,indirect,False,0,none,0
length_multiline,80,s6_rp_01,S6,roleplay,False,4,none,0
length_multiline,80,s6_rp_02,S6,roleplay,False,4,none,0
length_multiline,80,s6_rp_03,S6,roleplay,False,4,none,0
length_multiline,80,s6_rp_04,S6,roleplay,False,0,none,0
length_multiline,80,s6_rp_05,S6,roleplay,False,8,none,0
length_multiline,80,s6_rp_06,S6,roleplay,False,0,none,0
length_multiline,80,s6_rp_07,S6,roleplay,False,0,none,0
length_multiline,80,s6_rp_08,S6,roleplay,False,0,none,0
length_multiline,80,s6_enc_01,S6,encoding,False,4,none,0
length_multiline,80,s6_enc_02,S6,encoding,False,0,none,0
length_multiline,80,s6_enc_03,S6,encoding,False,4,none,0
length_multiline,80,s6_enc_04,S6,encoding,False,4,none,0
length_multiline,80,safe_01,SAFE,benign,False,0,none,0
length_multiline,80,safe_02,SAFE,benign,False,4,none,0
length_multiline,80,safe_03,SAFE,benign,False,4,none,0
length_multiline,80,safe_04,SAFE,benign,False,4,none,0
length_multiline,80,safe_05,SAFE,benign,False,0,none,0
length_multiline,80,safe_06,SAFE,benign,False,0,none,0
length_multiline,80,safe_07,SAFE,benign,False,4,none,0
length_multiline,80,safe_08,SAFE,benign,False,0,none,0
length_multiline,80,safe_09,SAFE,benign,False,0,none,0
length_multiline,80,safe_10,SAFE,benign,False,0,none,0
length_multiline,80,safe_11,SAFE,benign,False,0,none,0
length_multiline,80,safe_12,SAFE,benign,False,4,none,0
length_multiline,80,safe_13,SAFE,benign,False,0,none,0
length_multiline,80,safe_14,SAFE,benign,False,4,none,0
length_multiline,80,safe_15,SAFE,benign,False,0,none,0
length_multiline,80,safe_16,SAFE,benign,False,0,none,0
length_multiline,80,safe_17,SAFE,benign,False,4,none,0
length_multiline,80,safe_18,SAFE,benign,False,0,none,0
length_multiline,80,safe_19,SAFE,benign,False,0,none,0
length_multiline,80,safe_20,SAFE,benign,False,0,none,0
length_multiline,80,hn_p_01,SAFE,legit_prompt,True,8,none,0
length_multiline,80,hn_p_02,SAFE,legit_prompt,True,12,none,0
length_multiline,80,hn_p_03,SAFE,legit_prompt,True,4,none,0
length_multiline,80,hn_p_04,SAFE,legit_prompt,True,8,none,0
length_multiline,80,hn_p_05,SAFE,legit_prompt,True,12,none,0
length_multiline,80,hn_p_06,SAFE,legit_prompt,True,8,none,0
length_multiline,80,hn_p_07,SAFE,legit_prompt,True,8,none,0
length_multiline,80,hn_p_08,SAFE,legit_prompt,True,12,none,0
length_multiline,80,hn_d_01,SAFE,security_doc,False,0,none,0
length_multiline,80,hn_d_02,SAFE,security_doc,False,0,none,0
length_multiline,80,hn_d_03,SAFE,security_doc,False,0,none,0
length_multiline,80,hn_d_04,SAFE,security_doc,False,4,none,0
length_multiline,80,hn_d_05,SAFE,security_doc,False,0,none,0
length_multiline,80,hn_d_06,SAFE,security_doc,False,0,none,0
length_multiline,80,hn_d_07,SAFE,security_doc,False,4,none,0
length_multiline,80,hn_d_08,SAFE,security_doc,False,0,none,0
length_multiline,80,hn_t_01,SAFE,benign_template,True,6,none,0
length_multiline,80,hn_t_02,SAFE,benign_template,True,6,none,0
length_multiline,80,hn_t_03,SAFE,benign_template,True,6,none,0
length_multiline,80,hn_t_04,SAFE,benign_template,True,86,high,1
length_multiline,90,s5_imp_01,S5,imperative,False,0,none,0
length_multiline,90,s5_imp_02,S5,imperative,False,0,none,0
length_multiline,90,s5_imp_03,S5,imperative,False,4,none,0
length_multiline,90,s5_imp_04,S5,imperative,False,0,none,0
length_multiline,90,s5_imp_05,S5,imperative,False,0,none,0
length_multiline,90,s5_imp_06,S5,imperative,False,0,none,0
length_multiline,90,s5_imp_07,S5,imperative,False,0,none,0
length_multiline,90,s5_imp_08,S5,imperative,False,0,none,0
length_multiline,90,s5_imp_09,S5,imperative,False,4,none,0
length_multiline,90,s5_imp_10,S5,imperative,False,0,none,0
length_multiline,90,s5_imp_11,S5,imperative,False,0,none,0
length_multiline,90,s5_imp_12,S5,imperative,False,0,none,0
length_multiline,90,s5_imp_13,S5,imperative,False,0,none,0
length_multiline,90,s5_imp_14,S5,imperative,False,8,none,0
length_multiline,90,s5_imp_15,S5,imperative,False,0,none,0
length_multiline,90,s5_dec_01,S5,declarative,False,0,none,0
length_multiline,90,s5_dec_02,S5,declarative,False,0,none,0
length_multiline,90,s5_dec_03,S5,declarative,False,0,none,0
length_multiline,90,s5_dec_04,S5,declarative,False,0,none,0
length_multiline,90,s5_dec_05,S5,declarative,False,4,none,0
length_multiline,90,s5_dec_06,S5,declarative,False,0,none,0
length_multiline,90,s5_dec_07,S5,declarative,False,0,none,0
length_multiline,90,s5_dec_08,S5,declarative,False,0,none,0
length_multiline,90,s5_dec_09,S5,declarative,False,0,none,0
length_multiline,90,s5_dec_10,S5,declarative,False,0,none,0
length_multiline,90,s5_dec_11,S5,declarative,False,0,none,0
length_multiline,90,s5_dec_12,S5,declarative,False,0,none,0
length_multiline,90,s5_dec_13,S5,declarative,False,0,none,0
length_multiline,90,s5_dec_14,S5,declarative,False,0,none,0
length_multiline,90,s5_ind_01,S5,indirect,False,0,none,0
length_multiline,90,s5_ind_02,S5,indirect,False,0,none,0
length_multiline,90,s5_ind_03,S5,indirect,False,0,none,0
length_multiline,90,s5_ind_04,S5,indirect,False,0,none,0
length_multiline,90,s5_ind_05,S5,indirect,False,0,none,0
length_multiline,90,s5_ind_06,S5,indirect,False,0,none,0
length_multiline,90,s5_ind_07,S5,indirect,False,0,none,0
length_multiline,90,s5_ind_08,S5,indirect,False,0,none,0
length_multiline,90,s5_ind_09,S5,indirect,False,0,none,0
length_multiline,90,s5_ind_10,S5,indirect,False,0,none,0
length_multiline,90,s6_rp_01,S6,roleplay,False,4,none,0
length_multiline,90,s6_rp_02,S6,roleplay,False,4,none,0
length_multiline,90,s6_rp_03,S6,roleplay,False,4,none,0
length_multiline,90,s6_rp_04,S6,roleplay,False,0,none,0
length_multiline,90,s6_rp_05,S6,roleplay,False,8,none,0
length_multiline,90,s6_rp_06,S6,roleplay,False,0,none,0
length_multiline,90,s6_rp_07,S6,roleplay,False,0,none,0
length_multiline,90,s6_rp_08,S6,roleplay,False,0,none,0
length_multiline,90,s6_enc_01,S6,encoding,False,4,none,0
length_multiline,90,s6_enc_02,S6,encoding,False,0,none,0
length_multiline,90,s6_enc_03,S6,encoding,False,4,none,0
length_multiline,90,s6_enc_04,S6,encoding,False,4,none,0
length_multiline,90,safe_01,SAFE,benign,False,0,none,0
length_multiline,90,safe_02,SAFE,benign,False,4,none,0
length_multiline,90,safe_03,SAFE,benign,False,4,none,0
length_multiline,90,safe_04,SAFE,benign,False,4,none,0
length_multiline,90,safe_05,SAFE,benign,False,0,none,0
length_multiline,90,safe_06,SAFE,benign,False,0,none,0
length_multiline,90,safe_07,SAFE,benign,False,4,none,0
length_multiline,90,safe_08,SAFE,benign,False,0,none,0
length_multiline,90,safe_09,SAFE,benign,False,0,none,0
length_multiline,90,safe_10,SAFE,benign,False,0,none,0
length_multiline,90,safe_11,SAFE,benign,False,0,none,0
length_multiline,90,safe_12,SAFE,benign,False,4,none,0
length_multiline,90,safe_13,SAFE,benign,False,0,none,0
length_multiline,90,safe_14,SAFE,benign,False,4,none,0
length_multiline,90,safe_15,SAFE,benign,False,0,none,0
length_multiline,90,safe_16,SAFE,benign,False,0,none,0
length_multiline,90,safe_17,SAFE,benign,False,4,none,0
length_multiline,90,safe_18,SAFE,benign,False,0,none,0
length_multiline,90,safe_19,SAFE,benign,False,0,none,0
length_multiline,90,safe_20,SAFE,benign,False,0,none,0
length_multiline,90,hn_p_01,SAFE,legit_prompt,True,8,none,0
length_multiline,90,hn_p_02,SAFE,legit_prompt,True,12,none,0
length_multiline,90,hn_p_03,SAFE,legit_prompt,True,4,none,0
length_multiline,90,hn_p_04,SAFE,legit_prompt,True,8,none,0
length_multiline,90,hn_p_05,SAFE,legit_prompt,True,12,none,0
length_multiline,90,hn_p_06,SAFE,legit_prompt,True,8,none,0
length_multiline,90,hn_p_07,SAFE,legit_prompt,True,8,none,0
length_multiline,90,hn_p_08,SAFE,legit_prompt,True,12,none,0
length_multiline,90,hn_d_01,SAFE,security_doc,False,0,none,0
length_multiline,90,hn_d_02,SAFE,security_doc,False,0,none,0
length_multiline,90,hn_d_03,SAFE,security_doc,False,0,none,0
length_multiline,90,hn_d_04,SAFE,security_doc,False,4,none,0
length_multiline,90,hn_d_05,SAFE,security_doc,False,0,none,0
length_multiline,90,hn_d_06,SAFE,security_doc,False,0,none,0
length_multiline,90,hn_d_07,SAFE,security_doc,False,4,none,0
length_multiline,90,hn_d_08,SAFE,security_doc,False,0,none,0
length_multiline,90,hn_t_01,SAFE,benign_template,True,6,none,0
length_multiline,90,hn_t_02,SAFE,benign_template,True,6,none,0
length_multiline,90,hn_t_03,SAFE,benign_template,True,6,none,0
length_multiline,90,hn_t_04,SAFE,benign_template,True,96,high,1
length_multiline,100,s5_imp_01,S5,imperative,False,0,none,0
length_multiline,100,s5_imp_02,S5,imperative,False,0,none,0
length_multiline,100,s5_imp_03,S5,imperative,False,4,none,0
length_multiline,100,s5_imp_04,S5,imperative,False,0,none,0
length_multiline,100,s5_imp_05,S5,imperative,False,0,none,0
length_multiline,100,s5_imp_06,S5,imperative,False,0,none,0
length_multiline,100,s5_imp_07,S5,imperative,False,0,none,0
length_multiline,100,s5_imp_08,S5,imperative,False,0,none,0
length_multiline,100,s5_imp_09,S5,imperative,False,4,none,0
length_multiline,100,s5_imp_10,S5,imperative,False,0,none,0
length_multiline,100,s5_imp_11,S5,imperative,False,0,none,0
length_multiline,100,s5_imp_12,S5,imperative,False,0,none,0
length_multiline,100,s5_imp_13,S5,imperative,False,0,none,0
length_multiline,100,s5_imp_14,S5,imperative,False,8,none,0
length_multiline,100,s5_imp_15,S5,imperative,False,0,none,0
length_multiline,100,s5_dec_01,S5,declarative,False,0,none,0
length_multiline,100,s5_dec_02,S5,declarative,False,0,none,0
length_multiline,100,s5_dec_03,S5,declarative,False,0,none,0
length_multiline,100,s5_dec_04,S5,declarative,False,0,none,0
length_multiline,100,s5_dec_05,S5,declarative,False,4,none,0
length_multiline,100,s5_dec_06,S5,declarative,False,0,none,0
length_multiline,100,s5_dec_07,S5,declarative,False,0,none,0
length_multiline,100,s5_dec_08,S5,declarative,False,0,none,0
length_multiline,100,s5_dec_09,S5,declarative,False,0,none,0
length_multiline,100,s5_dec_10,S5,declarative,False,0,none,0
length_multiline,100,s5_dec_11,S5,declarative,False,0,none,0
length_multiline,100,s5_dec_12,S5,declarative,False,0,none,0
length_multiline,100,s5_dec_13,S5,declarative,False,0,none,0
length_multiline,100,s5_dec_14,S5,declarative,False,0,none,0
length_multiline,100,s5_ind_01,S5,indirect,False,0,none,0
length_multiline,100,s5_ind_02,S5,indirect,False,0,none,0
length_multiline,100,s5_ind_03,S5,indirect,False,0,none,0
length_multiline,100,s5_ind_04,S5,indirect,False,0,none,0
length_multiline,100,s5_ind_05,S5,indirect,False,0,none,0
length_multiline,100,s5_ind_06,S5,indirect,False,0,none,0
length_multiline,100,s5_ind_07,S5,indirect,False,0,none,0
length_multiline,100,s5_ind_08,S5,indirect,False,0,none,0
length_multiline,100,s5_ind_09,S5,indirect,False,0,none,0
length_multiline,100,s5_ind_10,S5,indirect,False,0,none,0
length_multiline,100,s6_rp_01,S6,roleplay,False,4,none,0
length_multiline,100,s6_rp_02,S6,roleplay,False,4,none,0
length_multiline,100,s6_rp_03,S6,roleplay,False,4,none,0
length_multiline,100,s6_rp_04,S6,roleplay,False,0,none,0
length_multiline,100,s6_rp_05,S6,roleplay,False,8,none,0
length_multiline,100,s6_rp_06,S6,roleplay,False,0,none,0
length_multiline,100,s6_rp_07,S6,roleplay,False,0,none,0
length_multiline,100,s6_rp_08,S6,roleplay,False,0,none,0
length_multiline,100,s6_enc_01,S6,encoding,False,4,none,0
length_multiline,100,s6_enc_02,S6,encoding,False,0,none,0
length_multiline,100,s6_enc_03,S6,encoding,False,4,none,0
length_multiline,100,s6_enc_04,S6,encoding,False,4,none,0
length_multiline,100,safe_01,SAFE,benign,False,0,none,0
length_multiline,100,safe_02,SAFE,benign,False,4,none,0
length_multiline,100,safe_03,SAFE,benign,False,4,none,0
length_multiline,100,safe_04,SAFE,benign,False,4,none,0
length_multiline,100,safe_05,SAFE,benign,False,0,none,0
length_multiline,100,safe_06,SAFE,benign,False,0,none,0
length_multiline,100,safe_07,SAFE,benign,False,4,none,0
length_multiline,100,safe_08,SAFE,benign,False,0,none,0
length_multiline,100,safe_09,SAFE,benign,False,0,none,0
length_multiline,100,safe_10,SAFE,benign,False,0,none,0
length_multiline,100,safe_11,SAFE,benign,False,0,none,0
length_multiline,100,safe_12,SAFE,benign,False,4,none,0
length_multiline,100,safe_13,SAFE,benign,False,0,none,0
length_multiline,100,safe_14,SAFE,benign,False,4,none,0
length_multiline,100,safe_15,SAFE,benign,False,0,none,0
length_multiline,100,safe_16,SAFE,benign,False,0,none,0
length_multiline,100,safe_17,SAFE,benign,False,4,none,0
length_multiline,100,safe_18,SAFE,benign,False,0,none,0
length_multiline,100,safe_19,SAFE,benign,False,0,none,0
length_multiline,100,safe_20,SAFE,benign,False,0,none,0
length_multiline,100,hn_p_01,SAFE,legit_prompt,True,8,none,0
length_multiline,100,hn_p_02,SAFE,legit_prompt,True,12,none,0
length_multiline,100,hn_p_03,SAFE,legit_prompt,True,4,none,0
length_multiline,100,hn_p_04,SAFE,legit_prompt,True,8,none,0
length_multiline,100,hn_p_05,SAFE,legit_prompt,True,12,none,0
length_multiline,100,hn_p_06,SAFE,legit_prompt,True,8,none,0
length_multiline,100,hn_p_07,SAFE,legit_prompt,True,8,none,0
length_multiline,100,hn_p_08,SAFE,legit_prompt,True,12,none,0
length_multiline,100,hn_d_01,SAFE,security_doc,False,0,none,0
length_multiline,100,hn_d_02,SAFE,security_doc,False,0,none,0
length_multiline,100,hn_d_03,SAFE,security_doc,False,0,none,0
length_multiline,100,hn_d_04,SAFE,security_doc,False,4,none,0
length_multiline,100,hn_d_05,SAFE,security_doc,False,0,none,0
length_multiline,100,hn_d_06,SAFE,security_doc,False,0,none,0
length_multiline,100,hn_d_07,SAFE,security_doc,False,4,none,0
length_multiline,100,hn_d_08,SAFE,security_doc,False,0,none,0
length_multiline,100,hn_t_01,SAFE,benign_template,True,6,none,0
length_multiline,100,hn_t_02,SAFE,benign_template,True,6,none,0
length_multiline,100,hn_t_03,SAFE,benign_template,True,6,none,0
length_multiline,100,hn_t_04,SAFE,benign_template,True,100,high,1
template_placeholder,0,s5_imp_01,S5,imperative,False,0,none,0
template_placeholder,0,s5_imp_02,S5,imperative,False,0,none,0
template_placeholder,0,s5_imp_03,S5,imperative,False,4,none,0
template_placeholder,0,s5_imp_04,S5,imperative,False,0,none,0
template_placeholder,0,s5_imp_05,S5,imperative,False,0,none,0
template_placeholder,0,s5_imp_06,S5,imperative,False,0,none,0
template_placeholder,0,s5_imp_07,S5,imperative,False,0,none,0
template_placeholder,0,s5_imp_08,S5,imperative,False,0,none,0
template_placeholder,0,s5_imp_09,S5,imperative,False,4,none,0
template_placeholder,0,s5_imp_10,S5,imperative,False,0,none,0
template_placeholder,0,s5_imp_11,S5,imperative,False,0,none,0
template_placeholder,0,s5_imp_12,S5,imperative,False,0,none,0
template_placeholder,0,s5_imp_13,S5,imperative,False,0,none,0
template_placeholder,0,s5_imp_14,S5,imperative,False,8,none,0
template_placeholder,0,s5_imp_15,S5,imperative,False,0,none,0
template_placeholder,0,s5_dec_01,S5,declarative,False,0,none,0
template_placeholder,0,s5_dec_02,S5,declarative,False,0,none,0
template_placeholder,0,s5_dec_03,S5,declarative,False,0,none,0
template_placeholder,0,s5_dec_04,S5,declarative,False,0,none,0
template_placeholder,0,s5_dec_05,S5,declarative,False,4,none,0
template_placeholder,0,s5_dec_06,S5,declarative,False,0,none,0
template_placeholder,0,s5_dec_07,S5,declarative,False,0,none,0
template_placeholder,0,s5_dec_08,S5,declarative,False,0,none,0
template_placeholder,0,s5_dec_09,S5,declarative,False,0,none,0
template_placeholder,0,s5_dec_10,S5,declarative,False,0,none,0
template_placeholder,0,s5_dec_11,S5,declarative,False,0,none,0
template_placeholder,0,s5_dec_12,S5,declarative,False,0,none,0
template_placeholder,0,s5_dec_13,S5,declarative,False,0,none,0
template_placeholder,0,s5_dec_14,S5,declarative,False,0,none,0
template_placeholder,0,s5_ind_01,S5,indirect,False,0,none,0
template_placeholder,0,s5_ind_02,S5,indirect,False,0,none,0
template_placeholder,0,s5_ind_03,S5,indirect,False,0,none,0
template_placeholder,0,s5_ind_04,S5,indirect,False,0,none,0
template_placeholder,0,s5_ind_05,S5,indirect,False,0,none,0
template_placeholder,0,s5_ind_06,S5,indirect,False,0,none,0
template_placeholder,0,s5_ind_07,S5,indirect,False,0,none,0
template_placeholder,0,s5_ind_08,S5,indirect,False,0,none,0
template_placeholder,0,s5_ind_09,S5,indirect,False,0,none,0
template_placeholder,0,s5_ind_10,S5,indirect,False,0,none,0
template_placeholder,0,s6_rp_01,S6,roleplay,False,4,none,0
template_placeholder,0,s6_rp_02,S6,roleplay,False,4,none,0
template_placeholder,0,s6_rp_03,S6,roleplay,False,4,none,0
template_placeholder,0,s6_rp_04,S6,roleplay,False,0,none,0
template_placeholder,0,s6_rp_05,S6,roleplay,False,8,none,0
template_placeholder,0,s6_rp_06,S6,roleplay,False,0,none,0
template_placeholder,0,s6_rp_07,S6,roleplay,False,0,none,0
template_placeholder,0,s6_rp_08,S6,roleplay,False,0,none,0
template_placeholder,0,s6_enc_01,S6,encoding,False,4,none,0
template_placeholder,0,s6_enc_02,S6,encoding,False,0,none,0
template_placeholder,0,s6_enc_03,S6,encoding,False,4,none,0
template_placeholder,0,s6_enc_04,S6,encoding,False,4,none,0
template_placeholder,0,safe_01,SAFE,benign,False,0,none,0
template_placeholder,0,safe_02,SAFE,benign,False,4,none,0
template_placeholder,0,safe_03,SAFE,benign,False,4,none,0
template_placeholder,0,safe_04,SAFE,benign,False,4,none,0
template_placeholder,0,safe_05,SAFE,benign,False,0,none,0
template_placeholder,0,safe_06,SAFE,benign,False,0,none,0
template_placeholder,0,safe_07,SAFE,benign,False,4,none,0
template_placeholder,0,safe_08,SAFE,benign,False,0,none,0
template_placeholder,0,safe_09,SAFE,benign,False,0,none,0
template_placeholder,0,safe_10,SAFE,benign,False,0,none,0
template_placeholder,0,safe_11,SAFE,benign,False,0,none,0
template_placeholder,0,safe_12,SAFE,benign,False,4,none,0
template_placeholder,0,safe_13,SAFE,benign,False,0,none,0
template_placeholder,0,safe_14,SAFE,benign,False,4,none,0
template_placeholder,0,safe_15,SAFE,benign,False,0,none,0
template_placeholder,0,safe_16,SAFE,benign,False,0,none,0
template_placeholder,0,safe_17,SAFE,benign,False,4,none,0
template_placeholder,0,safe_18,SAFE,benign,False,0,none,0
template_placeholder,0,safe_19,SAFE,benign,False,0,none,0
template_placeholder,0,safe_20,SAFE,benign,False,0,none,0
template_placeholder,0,hn_p_01,SAFE,legit_prompt,True,8,none,0
template_placeholder,0,hn_p_02,SAFE,legit_prompt,True,12,none,0
template_placeholder,0,hn_p_03,SAFE,legit_prompt,True,4,none,0
template_placeholder,0,hn_p_04,SAFE,legit_prompt,True,8,none,0
template_placeholder,0,hn_p_05,SAFE,legit_prompt,True,12,none,0
template_placeholder,0,hn_p_06,SAFE,legit_prompt,True,8,none,0
template_placeholder,0,hn_p_07,SAFE,legit_prompt,True,8,none,0
template_placeholder,0,hn_p_08,SAFE,legit_prompt,True,12,none,0
template_placeholder,0,hn_d_01,SAFE,security_doc,False,0,none,0
template_placeholder,0,hn_d_02,SAFE,security_doc,False,0,none,0
template_placeholder,0,hn_d_03,SAFE,security_doc,False,0,none,0
template_placeholder,0,hn_d_04,SAFE,security_doc,False,4,none,0
template_placeholder,0,hn_d_05,SAFE,security_doc,False,0,none,0
template_placeholder,0,hn_d_06,SAFE,security_doc,False,0,none,0
template_placeholder,0,hn_d_07,SAFE,security_doc,False,4,none,0
template_placeholder,0,hn_d_08,SAFE,security_doc,False,0,none,0
template_placeholder,0,hn_t_01,SAFE,benign_template,True,0,none,1
template_placeholder,0,hn_t_02,SAFE,benign_template,True,0,none,1
template_placeholder,0,hn_t_03,SAFE,benign_template,True,0,none,1
template_placeholder,0,hn_t_04,SAFE,benign_template,True,8,none,1
template_placeholder,5,s5_imp_01,S5,imperative,False,0,none,0
template_placeholder,5,s5_imp_02,S5,imperative,False,0,none,0
template_placeholder,5,s5_imp_03,S5,imperative,False,4,none,0
template_placeholder,5,s5_imp_04,S5,imperative,False,0,none,0
template_placeholder,5,s5_imp_05,S5,imperative,False,0,none,0
template_placeholder,5,s5_imp_06,S5,imperative,False,0,none,0
template_placeholder,5,s5_imp_07,S5,imperative,False,0,none,0
template_placeholder,5,s5_imp_08,S5,imperative,False,0,none,0
template_placeholder,5,s5_imp_09,S5,imperative,False,4,none,0
template_placeholder,5,s5_imp_10,S5,imperative,False,0,none,0
template_placeholder,5,s5_imp_11,S5,imperative,False,0,none,0
template_placeholder,5,s5_imp_12,S5,imperative,False,0,none,0
template_placeholder,5,s5_imp_13,S5,imperative,False,0,none,0
template_placeholder,5,s5_imp_14,S5,imperative,False,8,none,0
template_placeholder,5,s5_imp_15,S5,imperative,False,0,none,0
template_placeholder,5,s5_dec_01,S5,declarative,False,0,none,0
template_placeholder,5,s5_dec_02,S5,declarative,False,0,none,0
template_placeholder,5,s5_dec_03,S5,declarative,False,0,none,0
template_placeholder,5,s5_dec_04,S5,declarative,False,0,none,0
template_placeholder,5,s5_dec_05,S5,declarative,False,4,none,0
template_placeholder,5,s5_dec_06,S5,declarative,False,0,none,0
template_placeholder,5,s5_dec_07,S5,declarative,False,0,none,0
template_placeholder,5,s5_dec_08,S5,declarative,False,0,none,0
template_placeholder,5,s5_dec_09,S5,declarative,False,0,none,0
template_placeholder,5,s5_dec_10,S5,declarative,False,0,none,0
template_placeholder,5,s5_dec_11,S5,declarative,False,0,none,0
template_placeholder,5,s5_dec_12,S5,declarative,False,0,none,0
template_placeholder,5,s5_dec_13,S5,declarative,False,0,none,0
template_placeholder,5,s5_dec_14,S5,declarative,False,0,none,0
template_placeholder,5,s5_ind_01,S5,indirect,False,0,none,0
template_placeholder,5,s5_ind_02,S5,indirect,False,0,none,0
template_placeholder,5,s5_ind_03,S5,indirect,False,0,none,0
template_placeholder,5,s5_ind_04,S5,indirect,False,0,none,0
template_placeholder,5,s5_ind_05,S5,indirect,False,0,none,0
template_placeholder,5,s5_ind_06,S5,indirect,False,0,none,0
template_placeholder,5,s5_ind_07,S5,indirect,False,0,none,0
template_placeholder,5,s5_ind_08,S5,indirect,False,0,none,0
template_placeholder,5,s5_ind_09,S5,indirect,False,0,none,0
template_placeholder,5,s5_ind_10,S5,indirect,False,0,none,0
template_placeholder,5,s6_rp_01,S6,roleplay,False,4,none,0
template_placeholder,5,s6_rp_02,S6,roleplay,False,4,none,0
template_placeholder,5,s6_rp_03,S6,roleplay,False,4,none,0
template_placeholder,5,s6_rp_04,S6,roleplay,False,0,none,0
template_placeholder,5,s6_rp_05,S6,roleplay,False,8,none,0
template_placeholder,5,s6_rp_06,S6,roleplay,False,0,none,0
template_placeholder,5,s6_rp_07,S6,roleplay,False,0,none,0
template_placeholder,5,s6_rp_08,S6,roleplay,False,0,none,0
template_placeholder,5,s6_enc_01,S6,encoding,False,4,none,0
template_placeholder,5,s6_enc_02,S6,encoding,False,0,none,0
template_placeholder,5,s6_enc_03,S6,encoding,False,4,none,0
template_placeholder,5,s6_enc_04,S6,encoding,False,4,none,0
template_placeholder,5,safe_01,SAFE,benign,False,0,none,0
template_placeholder,5,safe_02,SAFE,benign,False,4,none,0
template_placeholder,5,safe_03,SAFE,benign,False,4,none,0
template_placeholder,5,safe_04,SAFE,benign,False,4,none,0
template_placeholder,5,safe_05,SAFE,benign,False,0,none,0
template_placeholder,5,safe_06,SAFE,benign,False,0,none,0
template_placeholder,5,safe_07,SAFE,benign,False,4,none,0
template_placeholder,5,safe_08,SAFE,benign,False,0,none,0
template_placeholder,5,safe_09,SAFE,benign,False,0,none,0
template_placeholder,5,safe_10,SAFE,benign,False,0,none,0
template_placeholder,5,safe_11,SAFE,benign,False,0,none,0
template_placeholder,5,safe_12,SAFE,benign,False,4,none,0
template_placeholder,5,safe_13,SAFE,benign,False,0,none,0
template_placeholder,5,safe_14,SAFE,benign,False,4,none,0
template_placeholder,5,safe_15,SAFE,benign,False,0,none,0
template_placeholder,5,safe_16,SAFE,benign,False,0,none,0
template_placeholder,5,safe_17,SAFE,benign,False,4,none,0
template_placeholder,5,safe_18,SAFE,benign,False,0,none,0
template_placeholder,5,safe_19,SAFE,benign,False,0,none,0
template_placeholder,5,safe_20,SAFE,benign,False,0,none,0
template_placeholder,5,hn_p_01,SAFE,legit_prompt,True,8,none,0
template_placeholder,5,hn_p_02,SAFE,legit_prompt,True,12,none,0
template_placeholder,5,hn_p_03,SAFE,legit_prompt,True,4,none,0
template_placeholder,5,hn_p_04,SAFE,legit_prompt,True,8,none,0
template_placeholder,5,hn_p_05,SAFE,legit_prompt,True,12,none,0
template_placeholder,5,hn_p_06,SAFE,legit_prompt,True,8,none,0
template_placeholder,5,hn_p_07,SAFE,legit_prompt,True,8,none,0
template_placeholder,5,hn_p_08,SAFE,legit_prompt,True,12,none,0
template_placeholder,5,hn_d_01,SAFE,security_doc,False,0,none,0
template_placeholder,5,hn_d_02,SAFE,security_doc,False,0,none,0
template_placeholder,5,hn_d_03,SAFE,security_doc,False,0,none,0
template_placeholder,5,hn_d_04,SAFE,security_doc,False,4,none,0
template_placeholder,5,hn_d_05,SAFE,security_doc,False,0,none,0
template_placeholder,5,hn_d_06,SAFE,security_doc,False,0,none,0
template_placeholder,5,hn_d_07,SAFE,security_doc,False,4,none,0
template_placeholder,5,hn_d_08,SAFE,security_doc,False,0,none,0
template_placeholder,5,hn_t_01,SAFE,benign_template,True,5,none,1
template_placeholder,5,hn_t_02,SAFE,benign_template,True,5,none,1
template_placeholder,5,hn_t_03,SAFE,benign_template,True,5,none,1
template_placeholder,5,hn_t_04,SAFE,benign_template,True,13,none,1
template_placeholder,10,s5_imp_01,S5,imperative,False,0,none,0
template_placeholder,10,s5_imp_02,S5,imperative,False,0,none,0
template_placeholder,10,s5_imp_03,S5,imperative,False,4,none,0
template_placeholder,10,s5_imp_04,S5,imperative,False,0,none,0
template_placeholder,10,s5_imp_05,S5,imperative,False,0,none,0
template_placeholder,10,s5_imp_06,S5,imperative,False,0,none,0
template_placeholder,10,s5_imp_07,S5,imperative,False,0,none,0
template_placeholder,10,s5_imp_08,S5,imperative,False,0,none,0
template_placeholder,10,s5_imp_09,S5,imperative,False,4,none,0
template_placeholder,10,s5_imp_10,S5,imperative,False,0,none,0
template_placeholder,10,s5_imp_11,S5,imperative,False,0,none,0
template_placeholder,10,s5_imp_12,S5,imperative,False,0,none,0
template_placeholder,10,s5_imp_13,S5,imperative,False,0,none,0
template_placeholder,10,s5_imp_14,S5,imperative,False,8,none,0
template_placeholder,10,s5_imp_15,S5,imperative,False,0,none,0
template_placeholder,10,s5_dec_01,S5,declarative,False,0,none,0
template_placeholder,10,s5_dec_02,S5,declarative,False,0,none,0
template_placeholder,10,s5_dec_03,S5,declarative,False,0,none,0
template_placeholder,10,s5_dec_04,S5,declarative,False,0,none,0
template_placeholder,10,s5_dec_05,S5,declarative,False,4,none,0
template_placeholder,10,s5_dec_06,S5,declarative,False,0,none,0
template_placeholder,10,s5_dec_07,S5,declarative,False,0,none,0
template_placeholder,10,s5_dec_08,S5,declarative,False,0,none,0
template_placeholder,10,s5_dec_09,S5,declarative,False,0,none,0
template_placeholder,10,s5_dec_10,S5,declarative,False,0,none,0
template_placeholder,10,s5_dec_11,S5,declarative,False,0,none,0
template_placeholder,10,s5_dec_12,S5,declarative,False,0,none,0
template_placeholder,10,s5_dec_13,S5,declarative,False,0,none,0
template_placeholder,10,s5_dec_14,S5,declarative,False,0,none,0
template_placeholder,10,s5_ind_01,S5,indirect,False,0,none,0
template_placeholder,10,s5_ind_02,S5,indirect,False,0,none,0
template_placeholder,10,s5_ind_03,S5,indirect,False,0,none,0
template_placeholder,10,s5_ind_04,S5,indirect,False,0,none,0
template_placeholder,10,s5_ind_05,S5,indirect,False,0,none,0
template_placeholder,10,s5_ind_06,S5,indirect,False,0,none,0
template_placeholder,10,s5_ind_07,S5,indirect,False,0,none,0
template_placeholder,10,s5_ind_08,S5,indirect,False,0,none,0
template_placeholder,10,s5_ind_09,S5,indirect,False,0,none,0
template_placeholder,10,s5_ind_10,S5,indirect,False,0,none,0
template_placeholder,10,s6_rp_01,S6,roleplay,False,4,none,0
template_placeholder,10,s6_rp_02,S6,roleplay,False,4,none,0
template_placeholder,10,s6_rp_03,S6,roleplay,False,4,none,0
template_placeholder,10,s6_rp_04,S6,roleplay,False,0,none,0
template_placeholder,10,s6_rp_05,S6,roleplay,False,8,none,0
template_placeholder,10,s6_rp_06,S6,roleplay,False,0,none,0
template_placeholder,10,s6_rp_07,S6,roleplay,False,0,none,0
template_placeholder,10,s6_rp_08,S6,roleplay,False,0,none,0
template_placeholder,10,s6_enc_01,S6,encoding,False,4,none,0
template_placeholder,10,s6_enc_02,S6,encoding,False,0,none,0
template_placeholder,10,s6_enc_03,S6,encoding,False,4,none,0
template_placeholder,10,s6_enc_04,S6,encoding,False,4,none,0
template_placeholder,10,safe_01,SAFE,benign,False,0,none,0
template_placeholder,10,safe_02,SAFE,benign,False,4,none,0
template_placeholder,10,safe_03,SAFE,benign,False,4,none,0
template_placeholder,10,safe_04,SAFE,benign,False,4,none,0
template_placeholder,10,safe_05,SAFE,benign,False,0,none,0
template_placeholder,10,safe_06,SAFE,benign,False,0,none,0
template_placeholder,10,safe_07,SAFE,benign,False,4,none,0
template_placeholder,10,safe_08,SAFE,benign,False,0,none,0
template_placeholder,10,safe_09,SAFE,benign,False,0,none,0
template_placeholder,10,safe_10,SAFE,benign,False,0,none,0
template_placeholder,10,safe_11,SAFE,benign,False,0,none,0
template_placeholder,10,safe_12,SAFE,benign,False,4,none,0
template_placeholder,10,safe_13,SAFE,benign,False,0,none,0
template_placeholder,10,safe_14,SAFE,benign,False,4,none,0
template_placeholder,10,safe_15,SAFE,benign,False,0,none,0
template_placeholder,10,safe_16,SAFE,benign,False,0,none,0
template_placeholder,10,safe_17,SAFE,benign,False,4,none,0
template_placeholder,10,safe_18,SAFE,benign,False,0,none,0
template_placeholder,10,safe_19,SAFE,benign,False,0,none,0
template_placeholder,10,safe_20,SAFE,benign,False,0,none,0
template_placeholder,10,hn_p_01,SAFE,legit_prompt,True,8,none,0
template_placeholder,10,hn_p_02,SAFE,legit_prompt,True,12,none,0
template_placeholder,10,hn_p_03,SAFE,legit_prompt,True,4,none,0
template_placeholder,10,hn_p_04,SAFE,legit_prompt,True,8,none,0
template_placeholder,10,hn_p_05,SAFE,legit_prompt,True,12,none,0
template_placeholder,10,hn_p_06,SAFE,legit_prompt,True,8,none,0
template_placeholder,10,hn_p_07,SAFE,legit_prompt,True,8,none,0
template_placeholder,10,hn_p_08,SAFE,legit_prompt,True,12,none,0
template_placeholder,10,hn_d_01,SAFE,security_doc,False,0,none,0
template_placeholder,10,hn_d_02,SAFE,security_doc,False,0,none,0
template_placeholder,10,hn_d_03,SAFE,security_doc,False,0,none,0
template_placeholder,10,hn_d_04,SAFE,security_doc,False,4,none,0
template_placeholder,10,hn_d_05,SAFE,security_doc,False,0,none,0
template_placeholder,10,hn_d_06,SAFE,security_doc,False,0,none,0
template_placeholder,10,hn_d_07,SAFE,security_doc,False,4,none,0
template_placeholder,10,hn_d_08,SAFE,security_doc,False,0,none,0
template_placeholder,10,hn_t_01,SAFE,benign_template,True,10,none,1
template_placeholder,10,hn_t_02,SAFE,benign_template,True,10,none,1
template_placeholder,10,hn_t_03,SAFE,benign_template,True,10,none,1
template_placeholder,10,hn_t_04,SAFE,benign_template,True,18,low,1
template_placeholder,15,s5_imp_01,S5,imperative,False,0,none,0
template_placeholder,15,s5_imp_02,S5,imperative,False,0,none,0
template_placeholder,15,s5_imp_03,S5,imperative,False,4,none,0
template_placeholder,15,s5_imp_04,S5,imperative,False,0,none,0
template_placeholder,15,s5_imp_05,S5,imperative,False,0,none,0
template_placeholder,15,s5_imp_06,S5,imperative,False,0,none,0
template_placeholder,15,s5_imp_07,S5,imperative,False,0,none,0
template_placeholder,15,s5_imp_08,S5,imperative,False,0,none,0
template_placeholder,15,s5_imp_09,S5,imperative,False,4,none,0
template_placeholder,15,s5_imp_10,S5,imperative,False,0,none,0
template_placeholder,15,s5_imp_11,S5,imperative,False,0,none,0
template_placeholder,15,s5_imp_12,S5,imperative,False,0,none,0
template_placeholder,15,s5_imp_13,S5,imperative,False,0,none,0
template_placeholder,15,s5_imp_14,S5,imperative,False,8,none,0
template_placeholder,15,s5_imp_15,S5,imperative,False,0,none,0
template_placeholder,15,s5_dec_01,S5,declarative,False,0,none,0
template_placeholder,15,s5_dec_02,S5,declarative,False,0,none,0
template_placeholder,15,s5_dec_03,S5,declarative,False,0,none,0
template_placeholder,15,s5_dec_04,S5,declarative,False,0,none,0
template_placeholder,15,s5_dec_05,S5,declarative,False,4,none,0
template_placeholder,15,s5_dec_06,S5,declarative,False,0,none,0
template_placeholder,15,s5_dec_07,S5,declarative,False,0,none,0
template_placeholder,15,s5_dec_08,S5,declarative,False,0,none,0
template_placeholder,15,s5_dec_09,S5,declarative,False,0,none,0
template_placeholder,15,s5_dec_10,S5,declarative,False,0,none,0
template_placeholder,15,s5_dec_11,S5,declarative,False,0,none,0
template_placeholder,15,s5_dec_12,S5,declarative,False,0,none,0
template_placeholder,15,s5_dec_13,S5,declarative,False,0,none,0
template_placeholder,15,s5_dec_14,S5,declarative,False,0,none,0
template_placeholder,15,s5_ind_01,S5,indirect,False,0,none,0
template_placeholder,15,s5_ind_02,S5,indirect,False,0,none,0
template_placeholder,15,s5_ind_03,S5,indirect,False,0,none,0
template_placeholder,15,s5_ind_04,S5,indirect,False,0,none,0
template_placeholder,15,s5_ind_05,S5,indirect,False,0,none,0
template_placeholder,15,s5_ind_06,S5,indirect,False,0,none,0
template_placeholder,15,s5_ind_07,S5,indirect,False,0,none,0
template_placeholder,15,s5_ind_08,S5,indirect,False,0,none,0
template_placeholder,15,s5_ind_09,S5,indirect,False,0,none,0
template_placeholder,15,s5_ind_10,S5,indirect,False,0,none,0
template_placeholder,15,s6_rp_01,S6,roleplay,False,4,none,0
template_placeholder,15,s6_rp_02,S6,roleplay,False,4,none,0
template_placeholder,15,s6_rp_03,S6,roleplay,False,4,none,0
template_placeholder,15,s6_rp_04,S6,roleplay,False,0,none,0
template_placeholder,15,s6_rp_05,S6,roleplay,False,8,none,0
template_placeholder,15,s6_rp_06,S6,roleplay,False,0,none,0
template_placeholder,15,s6_rp_07,S6,roleplay,False,0,none,0
template_placeholder,15,s6_rp_08,S6,roleplay,False,0,none,0
template_placeholder,15,s6_enc_01,S6,encoding,False,4,none,0
template_placeholder,15,s6_enc_02,S6,encoding,False,0,none,0
template_placeholder,15,s6_enc_03,S6,encoding,False,4,none,0
template_placeholder,15,s6_enc_04,S6,encoding,False,4,none,0
template_placeholder,15,safe_01,SAFE,benign,False,0,none,0
template_placeholder,15,safe_02,SAFE,benign,False,4,none,0
template_placeholder,15,safe_03,SAFE,benign,False,4,none,0
template_placeholder,15,safe_04,SAFE,benign,False,4,none,0
template_placeholder,15,safe_05,SAFE,benign,False,0,none,0
template_placeholder,15,safe_06,SAFE,benign,False,0,none,0
template_placeholder,15,safe_07,SAFE,benign,False,4,none,0
template_placeholder,15,safe_08,SAFE,benign,False,0,none,0
template_placeholder,15,safe_09,SAFE,benign,False,0,none,0
template_placeholder,15,safe_10,SAFE,benign,False,0,none,0
template_placeholder,15,safe_11,SAFE,benign,False,0,none,0
template_placeholder,15,safe_12,SAFE,benign,False,4,none,0
template_placeholder,15,safe_13,SAFE,benign,False,0,none,0
template_placeholder,15,safe_14,SAFE,benign,False,4,none,0
template_placeholder,15,safe_15,SAFE,benign,False,0,none,0
template_placeholder,15,safe_16,SAFE,benign,False,0,none,0
template_placeholder,15,safe_17,SAFE,benign,False,4,none,0
template_placeholder,15,safe_18,SAFE,benign,False,0,none,0
template_placeholder,15,safe_19,SAFE,benign,False,0,none,0
template_placeholder,15,safe_20,SAFE,benign,False,0,none,0
template_placeholder,15,hn_p_01,SAFE,legit_prompt,True,8,none,0
template_placeholder,15,hn_p_02,SAFE,legit_prompt,True,12,none,0
template_placeholder,15,hn_p_03,SAFE,legit_prompt,True,4,none,0
template_placeholder,15,hn_p_04,SAFE,legit_prompt,True,8,none,0
template_placeholder,15,hn_p_05,SAFE,legit_prompt,True,12,none,0
template_placeholder,15,hn_p_06,SAFE,legit_prompt,True,8,none,0
template_placeholder,15,hn_p_07,SAFE,legit_prompt,True,8,none,0
template_placeholder,15,hn_p_08,SAFE,legit_prompt,True,12,none,0
template_placeholder,15,hn_d_01,SAFE,security_doc,False,0,none,0
template_placeholder,15,hn_d_02,SAFE,security_doc,False,0,none,0
template_placeholder,15,hn_d_03,SAFE,security_doc,False,0,none,0
template_placeholder,15,hn_d_04,SAFE,security_doc,False,4,none,0
template_placeholder,15,hn_d_05,SAFE,security_doc,False,0,none,0
template_placeholder,15,hn_d_06,SAFE,security_doc,False,0,none,0
template_placeholder,15,hn_d_07,SAFE,security_doc,False,4,none,0
template_placeholder,15,hn_d_08,SAFE,security_doc,False,0,none,0
template_placeholder,15,hn_t_01,SAFE,benign_template,True,15,low,1
template_placeholder,15,hn_t_02,SAFE,benign_template,True,15,low,1
template_placeholder,15,hn_t_03,SAFE,benign_template,True,15,low,1
template_placeholder,15,hn_t_04,SAFE,benign_template,True,23,low,1
template_placeholder,20,s5_imp_01,S5,imperative,False,0,none,0
template_placeholder,20,s5_imp_02,S5,imperative,False,0,none,0
template_placeholder,20,s5_imp_03,S5,imperative,False,4,none,0
template_placeholder,20,s5_imp_04,S5,imperative,False,0,none,0
template_placeholder,20,s5_imp_05,S5,imperative,False,0,none,0
template_placeholder,20,s5_imp_06,S5,imperative,False,0,none,0
template_placeholder,20,s5_imp_07,S5,imperative,False,0,none,0
template_placeholder,20,s5_imp_08,S5,imperative,False,0,none,0
template_placeholder,20,s5_imp_09,S5,imperative,False,4,none,0
template_placeholder,20,s5_imp_10,S5,imperative,False,0,none,0
template_placeholder,20,s5_imp_11,S5,imperative,False,0,none,0
template_placeholder,20,s5_imp_12,S5,imperative,False,0,none,0
template_placeholder,20,s5_imp_13,S5,imperative,False,0,none,0
template_placeholder,20,s5_imp_14,S5,imperative,False,8,none,0
template_placeholder,20,s5_imp_15,S5,imperative,False,0,none,0
template_placeholder,20,s5_dec_01,S5,declarative,False,0,none,0
template_placeholder,20,s5_dec_02,S5,declarative,False,0,none,0
template_placeholder,20,s5_dec_03,S5,declarative,False,0,none,0
template_placeholder,20,s5_dec_04,S5,declarative,False,0,none,0
template_placeholder,20,s5_dec_05,S5,declarative,False,4,none,0
template_placeholder,20,s5_dec_06,S5,declarative,False,0,none,0
template_placeholder,20,s5_dec_07,S5,declarative,False,0,none,0
template_placeholder,20,s5_dec_08,S5,declarative,False,0,none,0
template_placeholder,20,s5_dec_09,S5,declarative,False,0,none,0
template_placeholder,20,s5_dec_10,S5,declarative,False,0,none,0
template_placeholder,20,s5_dec_11,S5,declarative,False,0,none,0
template_placeholder,20,s5_dec_12,S5,declarative,False,0,none,0
template_placeholder,20,s5_dec_13,S5,declarative,False,0,none,0
template_placeholder,20,s5_dec_14,S5,declarative,False,0,none,0
template_placeholder,20,s5_ind_01,S5,indirect,False,0,none,0
template_placeholder,20,s5_ind_02,S5,indirect,False,0,none,0
template_placeholder,20,s5_ind_03,S5,indirect,False,0,none,0
template_placeholder,20,s5_ind_04,S5,indirect,False,0,none,0
template_placeholder,20,s5_ind_05,S5,indirect,False,0,none,0
template_placeholder,20,s5_ind_06,S5,indirect,False,0,none,0
template_placeholder,20,s5_ind_07,S5,indirect,False,0,none,0
template_placeholder,20,s5_ind_08,S5,indirect,False,0,none,0
template_placeholder,20,s5_ind_09,S5,indirect,False,0,none,0
template_placeholder,20,s5_ind_10,S5,indirect,False,0,none,0
template_placeholder,20,s6_rp_01,S6,roleplay,False,4,none,0
template_placeholder,20,s6_rp_02,S6,roleplay,False,4,none,0
template_placeholder,20,s6_rp_03,S6,roleplay,False,4,none,0
template_placeholder,20,s6_rp_04,S6,roleplay,False,0,none,0
template_placeholder,20,s6_rp_05,S6,roleplay,False,8,none,0
template_placeholder,20,s6_rp_06,S6,roleplay,False,0,none,0
template_placeholder,20,s6_rp_07,S6,roleplay,False,0,none,0
template_placeholder,20,s6_rp_08,S6,roleplay,False,0,none,0
template_placeholder,20,s6_enc_01,S6,encoding,False,4,none,0
template_placeholder,20,s6_enc_02,S6,encoding,False,0,none,0
template_placeholder,20,s6_enc_03,S6,encoding,False,4,none,0
template_placeholder,20,s6_enc_04,S6,encoding,False,4,none,0
template_placeholder,20,safe_01,SAFE,benign,False,0,none,0
template_placeholder,20,safe_02,SAFE,benign,False,4,none,0
template_placeholder,20,safe_03,SAFE,benign,False,4,none,0
template_placeholder,20,safe_04,SAFE,benign,False,4,none,0
template_placeholder,20,safe_05,SAFE,benign,False,0,none,0
template_placeholder,20,safe_06,SAFE,benign,False,0,none,0
template_placeholder,20,safe_07,SAFE,benign,False,4,none,0
template_placeholder,20,safe_08,SAFE,benign,False,0,none,0
template_placeholder,20,safe_09,SAFE,benign,False,0,none,0
template_placeholder,20,safe_10,SAFE,benign,False,0,none,0
template_placeholder,20,safe_11,SAFE,benign,False,0,none,0
template_placeholder,20,safe_12,SAFE,benign,False,4,none,0
template_placeholder,20,safe_13,SAFE,benign,False,0,none,0
template_placeholder,20,safe_14,SAFE,benign,False,4,none,0
template_placeholder,20,safe_15,SAFE,benign,False,0,none,0
template_placeholder,20,safe_16,SAFE,benign,False,0,none,0
template_placeholder,20,safe_17,SAFE,benign,False,4,none,0
template_placeholder,20,safe_18,SAFE,benign,False,0,none,0
template_placeholder,20,safe_19,SAFE,benign,False,0,none,0
template_placeholder,20,safe_20,SAFE,benign,False,0,none,0
template_placeholder,20,hn_p_01,SAFE,legit_prompt,True,8,none,0
template_placeholder,20,hn_p_02,SAFE,legit_prompt,True,12,none,0
template_placeholder,20,hn_p_03,SAFE,legit_prompt,True,4,none,0
template_placeholder,20,hn_p_04,SAFE,legit_prompt,True,8,none,0
template_placeholder,20,hn_p_05,SAFE,legit_prompt,True,12,none,0
template_placeholder,20,hn_p_06,SAFE,legit_prompt,True,8,none,0
template_placeholder,20,hn_p_07,SAFE,legit_prompt,True,8,none,0
template_placeholder,20,hn_p_08,SAFE,legit_prompt,True,12,none,0
template_placeholder,20,hn_d_01,SAFE,security_doc,False,0,none,0
template_placeholder,20,hn_d_02,SAFE,security_doc,False,0,none,0
template_placeholder,20,hn_d_03,SAFE,security_doc,False,0,none,0
template_placeholder,20,hn_d_04,SAFE,security_doc,False,4,none,0
template_placeholder,20,hn_d_05,SAFE,security_doc,False,0,none,0
template_placeholder,20,hn_d_06,SAFE,security_doc,False,0,none,0
template_placeholder,20,hn_d_07,SAFE,security_doc,False,4,none,0
template_placeholder,20,hn_d_08,SAFE,security_doc,False,0,none,0
template_placeholder,20,hn_t_01,SAFE,benign_template,True,20,low,1
template_placeholder,20,hn_t_02,SAFE,benign_template,True,20,low,1
template_placeholder,20,hn_t_03,SAFE,benign_template,True,20,low,1
template_placeholder,20,hn_t_04,SAFE,benign_template,True,28,low,1
template_placeholder,25,s5_imp_01,S5,imperative,False,0,none,0
template_placeholder,25,s5_imp_02,S5,imperative,False,0,none,0
template_placeholder,25,s5_imp_03,S5,imperative,False,4,none,0
template_placeholder,25,s5_imp_04,S5,imperative,False,0,none,0
template_placeholder,25,s5_imp_05,S5,imperative,False,0,none,0
template_placeholder,25,s5_imp_06,S5,imperative,False,0,none,0
template_placeholder,25,s5_imp_07,S5,imperative,False,0,none,0
template_placeholder,25,s5_imp_08,S5,imperative,False,0,none,0
template_placeholder,25,s5_imp_09,S5,imperative,False,4,none,0
template_placeholder,25,s5_imp_10,S5,imperative,False,0,none,0
template_placeholder,25,s5_imp_11,S5,imperative,False,0,none,0
template_placeholder,25,s5_imp_12,S5,imperative,False,0,none,0
template_placeholder,25,s5_imp_13,S5,imperative,False,0,none,0
template_placeholder,25,s5_imp_14,S5,imperative,False,8,none,0
template_placeholder,25,s5_imp_15,S5,imperative,False,0,none,0
template_placeholder,25,s5_dec_01,S5,declarative,False,0,none,0
template_placeholder,25,s5_dec_02,S5,declarative,False,0,none,0
template_placeholder,25,s5_dec_03,S5,declarative,False,0,none,0
template_placeholder,25,s5_dec_04,S5,declarative,False,0,none,0
template_placeholder,25,s5_dec_05,S5,declarative,False,4,none,0
template_placeholder,25,s5_dec_06,S5,declarative,False,0,none,0
template_placeholder,25,s5_dec_07,S5,declarative,False,0,none,0
template_placeholder,25,s5_dec_08,S5,declarative,False,0,none,0
template_placeholder,25,s5_dec_09,S5,declarative,False,0,none,0
template_placeholder,25,s5_dec_10,S5,declarative,False,0,none,0
template_placeholder,25,s5_dec_11,S5,declarative,False,0,none,0
template_placeholder,25,s5_dec_12,S5,declarative,False,0,none,0
template_placeholder,25,s5_dec_13,S5,declarative,False,0,none,0
template_placeholder,25,s5_dec_14,S5,declarative,False,0,none,0
template_placeholder,25,s5_ind_01,S5,indirect,False,0,none,0
template_placeholder,25,s5_ind_02,S5,indirect,False,0,none,0
template_placeholder,25,s5_ind_03,S5,indirect,False,0,none,0
template_placeholder,25,s5_ind_04,S5,indirect,False,0,none,0
template_placeholder,25,s5_ind_05,S5,indirect,False,0,none,0
template_placeholder,25,s5_ind_06,S5,indirect,False,0,none,0
template_placeholder,25,s5_ind_07,S5,indirect,False,0,none,0
template_placeholder,25,s5_ind_08,S5,indirect,False,0,none,0
template_placeholder,25,s5_ind_09,S5,indirect,False,0,none,0
template_placeholder,25,s5_ind_10,S5,indirect,False,0,none,0
template_placeholder,25,s6_rp_01,S6,roleplay,False,4,none,0
template_placeholder,25,s6_rp_02,S6,roleplay,False,4,none,0
template_placeholder,25,s6_rp_03,S6,roleplay,False,4,none,0
template_placeholder,25,s6_rp_04,S6,roleplay,False,0,none,0
template_placeholder,25,s6_rp_05,S6,roleplay,False,8,none,0
template_placeholder,25,s6_rp_06,S6,roleplay,False,0,none,0
template_placeholder,25,s6_rp_07,S6,roleplay,False,0,none,0
template_placeholder,25,s6_rp_08,S6,roleplay,False,0,none,0
template_placeholder,25,s6_enc_01,S6,encoding,False,4,none,0
template_placeholder,25,s6_enc_02,S6,encoding,False,0,none,0
template_placeholder,25,s6_enc_03,S6,encoding,False,4,none,0
template_placeholder,25,s6_enc_04,S6,encoding,False,4,none,0
template_placeholder,25,safe_01,SAFE,benign,False,0,none,0
template_placeholder,25,safe_02,SAFE,benign,False,4,none,0
template_placeholder,25,safe_03,SAFE,benign,False,4,none,0
template_placeholder,25,safe_04,SAFE,benign,False,4,none,0
template_placeholder,25,safe_05,SAFE,benign,False,0,none,0
template_placeholder,25,safe_06,SAFE,benign,False,0,none,0
template_placeholder,25,safe_07,SAFE,benign,False,4,none,0
template_placeholder,25,safe_08,SAFE,benign,False,0,none,0
template_placeholder,25,safe_09,SAFE,benign,False,0,none,0
template_placeholder,25,safe_10,SAFE,benign,False,0,none,0
template_placeholder,25,safe_11,SAFE,benign,False,0,none,0
template_placeholder,25,safe_12,SAFE,benign,False,4,none,0
template_placeholder,25,safe_13,SAFE,benign,False,0,none,0
template_placeholder,25,safe_14,SAFE,benign,False,4,none,0
template_placeholder,25,safe_15,SAFE,benign,False,0,none,0
template_placeholder,25,safe_16,SAFE,benign,False,0,none,0
template_placeholder,25,safe_17,SAFE,benign,False,4,none,0
template_placeholder,25,safe_18,SAFE,benign,False,0,none,0
template_placeholder,25,safe_19,SAFE,benign,False,0,none,0
template_placeholder,25,safe_20,SAFE,benign,False,0,none,0
template_placeholder,25,hn_p_01,SAFE,legit_prompt,True,8,none,0
template_placeholder,25,hn_p_02,SAFE,legit_prompt,True,12,none,0
template_placeholder,25,hn_p_03,SAFE,legit_prompt,True,4,none,0
template_placeholder,25,hn_p_04,SAFE,legit_prompt,True,8,none,0
template_placeholder,25,hn_p_05,SAFE,legit_prompt,True,12,none,0
template_placeholder,25,hn_p_06,SAFE,legit_prompt,True,8,none,0
template_placeholder,25,hn_p_07,SAFE,legit_prompt,True,8,none,0
template_placeholder,25,hn_p_08,SAFE,legit_prompt,True,12,none,0
template_placeholder,25,hn_d_01,SAFE,security_doc,False,0,none,0
template_placeholder,25,hn_d_02,SAFE,security_doc,False,0,none,0
template_placeholder,25,hn_d_03,SAFE,security_doc,False,0,none,0
template_placeholder,25,hn_d_04,SAFE,security_doc,False,4,none,0
template_placeholder,25,hn_d_05,SAFE,security_doc,False,0,none,0
template_placeholder,25,hn_d_06,SAFE,security_doc,False,0,none,0
template_placeholder,25,hn_d_07,SAFE,security_doc,False,4,none,0
template_placeholder,25,hn_d_08,SAFE,security_doc,False,0,none,0
template_placeholder,25,hn_t_01,SAFE,benign_template,True,25,low,1
template_placeholder,25,hn_t_02,SAFE,benign_template,True,25,low,1
template_placeholder,25,hn_t_03,SAFE,benign_template,True,25,low,1
template_placeholder,25,hn_t_04,SAFE,benign_template,True,33,low,1
template_placeholder,30,s5_imp_01,S5,imperative,False,0,none,0
template_placeholder,30,s5_imp_02,S5,imperative,False,0,none,0
template_placeholder,30,s5_imp_03,S5,imperative,False,4,none,0
template_placeholder,30,s5_imp_04,S5,imperative,False,0,none,0
template_placeholder,30,s5_imp_05,S5,imperative,False,0,none,0
template_placeholder,30,s5_imp_06,S5,imperative,False,0,none,0
template_placeholder,30,s5_imp_07,S5,imperative,False,0,none,0
template_placeholder,30,s5_imp_08,S5,imperative,False,0,none,0
template_placeholder,30,s5_imp_09,S5,imperative,False,4,none,0
template_placeholder,30,s5_imp_10,S5,imperative,False,0,none,0
template_placeholder,30,s5_imp_11,S5,imperative,False,0,none,0
template_placeholder,30,s5_imp_12,S5,imperative,False,0,none,0
template_placeholder,30,s5_imp_13,S5,imperative,False,0,none,0
template_placeholder,30,s5_imp_14,S5,imperative,False,8,none,0
template_placeholder,30,s5_imp_15,S5,imperative,False,0,none,0
template_placeholder,30,s5_dec_01,S5,declarative,False,0,none,0
template_placeholder,30,s5_dec_02,S5,declarative,False,0,none,0
template_placeholder,30,s5_dec_03,S5,declarative,False,0,none,0
template_placeholder,30,s5_dec_04,S5,declarative,False,0,none,0
template_placeholder,30,s5_dec_05,S5,declarative,False,4,none,0
template_placeholder,30,s5_dec_06,S5,declarative,False,0,none,0
template_placeholder,30,s5_dec_07,S5,declarative,False,0,none,0
template_placeholder,30,s5_dec_08,S5,declarative,False,0,none,0
template_placeholder,30,s5_dec_09,S5,declarative,False,0,none,0
template_placeholder,30,s5_dec_10,S5,declarative,False,0,none,0
template_placeholder,30,s5_dec_11,S5,declarative,False,0,none,0
template_placeholder,30,s5_dec_12,S5,declarative,False,0,none,0
template_placeholder,30,s5_dec_13,S5,declarative,False,0,none,0
template_placeholder,30,s5_dec_14,S5,declarative,False,0,none,0
template_placeholder,30,s5_ind_01,S5,indirect,False,0,none,0
template_placeholder,30,s5_ind_02,S5,indirect,False,0,none,0
template_placeholder,30,s5_ind_03,S5,indirect,False,0,none,0
template_placeholder,30,s5_ind_04,S5,indirect,False,0,none,0
template_placeholder,30,s5_ind_05,S5,indirect,False,0,none,0
template_placeholder,30,s5_ind_06,S5,indirect,False,0,none,0
template_placeholder,30,s5_ind_07,S5,indirect,False,0,none,0
template_placeholder,30,s5_ind_08,S5,indirect,False,0,none,0
template_placeholder,30,s5_ind_09,S5,indirect,False,0,none,0
template_placeholder,30,s5_ind_10,S5,indirect,False,0,none,0
template_placeholder,30,s6_rp_01,S6,roleplay,False,4,none,0
template_placeholder,30,s6_rp_02,S6,roleplay,False,4,none,0
template_placeholder,30,s6_rp_03,S6,roleplay,False,4,none,0
template_placeholder,30,s6_rp_04,S6,roleplay,False,0,none,0
template_placeholder,30,s6_rp_05,S6,roleplay,False,8,none,0
template_placeholder,30,s6_rp_06,S6,roleplay,False,0,none,0
template_placeholder,30,s6_rp_07,S6,roleplay,False,0,none,0
template_placeholder,30,s6_rp_08,S6,roleplay,False,0,none,0
template_placeholder,30,s6_enc_01,S6,encoding,False,4,none,0
template_placeholder,30,s6_enc_02,S6,encoding,False,0,none,0
template_placeholder,30,s6_enc_03,S6,encoding,False,4,none,0
template_placeholder,30,s6_enc_04,S6,encoding,False,4,none,0
template_placeholder,30,safe_01,SAFE,benign,False,0,none,0
template_placeholder,30,safe_02,SAFE,benign,False,4,none,0
template_placeholder,30,safe_03,SAFE,benign,False,4,none,0
template_placeholder,30,safe_04,SAFE,benign,False,4,none,0
template_placeholder,30,safe_05,SAFE,benign,False,0,none,0
template_placeholder,30,safe_06,SAFE,benign,False,0,none,0
template_placeholder,30,safe_07,SAFE,benign,False,4,none,0
template_placeholder,30,safe_08,SAFE,benign,False,0,none,0
template_placeholder,30,safe_09,SAFE,benign,False,0,none,0
template_placeholder,30,safe_10,SAFE,benign,False,0,none,0
template_placeholder,30,safe_11,SAFE,benign,False,0,none,0
template_placeholder,30,safe_12,SAFE,benign,False,4,none,0
template_placeholder,30,safe_13,SAFE,benign,False,0,none,0
template_placeholder,30,safe_14,SAFE,benign,False,4,none,0
template_placeholder,30,safe_15,SAFE,benign,False,0,none,0
template_placeholder,30,safe_16,SAFE,benign,False,0,none,0
template_placeholder,30,safe_17,SAFE,benign,False,4,none,0
template_placeholder,30,safe_18,SAFE,benign,False,0,none,0
template_placeholder,30,safe_19,SAFE,benign,False,0,none,0
template_placeholder,30,safe_20,SAFE,benign,False,0,none,0
template_placeholder,30,hn_p_01,SAFE,legit_prompt,True,8,none,0
template_placeholder,30,hn_p_02,SAFE,legit_prompt,True,12,none,0
template_placeholder,30,hn_p_03,SAFE,legit_prompt,True,4,none,0
template_placeholder,30,hn_p_04,SAFE,legit_prompt,True,8,none,0
template_placeholder,30,hn_p_05,SAFE,legit_prompt,True,12,none,0
template_placeholder,30,hn_p_06,SAFE,legit_prompt,True,8,none,0
template_placeholder,30,hn_p_07,SAFE,legit_prompt,True,8,none,0
template_placeholder,30,hn_p_08,SAFE,legit_prompt,True,12,none,0
template_placeholder,30,hn_d_01,SAFE,security_doc,False,0,none,0
template_placeholder,30,hn_d_02,SAFE,security_doc,False,0,none,0
template_placeholder,30,hn_d_03,SAFE,security_doc,False,0,none,0
template_placeholder,30,hn_d_04,SAFE,security_doc,False,4,none,0
template_placeholder,30,hn_d_05,SAFE,security_doc,False,0,none,0
template_placeholder,30,hn_d_06,SAFE,security_doc,False,0,none,0
template_placeholder,30,hn_d_07,SAFE,security_doc,False,4,none,0
template_placeholder,30,hn_d_08,SAFE,security_doc,False,0,none,0
template_placeholder,30,hn_t_01,SAFE,benign_template,True,30,low,1
template_placeholder,30,hn_t_02,SAFE,benign_template,True,30,low,1
template_placeholder,30,hn_t_03,SAFE,benign_template,True,30,low,1
template_placeholder,30,hn_t_04,SAFE,benign_template,True,38,low,1
template_placeholder,35,s5_imp_01,S5,imperative,False,0,none,0
template_placeholder,35,s5_imp_02,S5,imperative,False,0,none,0
template_placeholder,35,s5_imp_03,S5,imperative,False,4,none,0
template_placeholder,35,s5_imp_04,S5,imperative,False,0,none,0
template_placeholder,35,s5_imp_05,S5,imperative,False,0,none,0
template_placeholder,35,s5_imp_06,S5,imperative,False,0,none,0
template_placeholder,35,s5_imp_07,S5,imperative,False,0,none,0
template_placeholder,35,s5_imp_08,S5,imperative,False,0,none,0
template_placeholder,35,s5_imp_09,S5,imperative,False,4,none,0
template_placeholder,35,s5_imp_10,S5,imperative,False,0,none,0
template_placeholder,35,s5_imp_11,S5,imperative,False,0,none,0
template_placeholder,35,s5_imp_12,S5,imperative,False,0,none,0
template_placeholder,35,s5_imp_13,S5,imperative,False,0,none,0
template_placeholder,35,s5_imp_14,S5,imperative,False,8,none,0
template_placeholder,35,s5_imp_15,S5,imperative,False,0,none,0
template_placeholder,35,s5_dec_01,S5,declarative,False,0,none,0
template_placeholder,35,s5_dec_02,S5,declarative,False,0,none,0
template_placeholder,35,s5_dec_03,S5,declarative,False,0,none,0
template_placeholder,35,s5_dec_04,S5,declarative,False,0,none,0
template_placeholder,35,s5_dec_05,S5,declarative,False,4,none,0
template_placeholder,35,s5_dec_06,S5,declarative,False,0,none,0
template_placeholder,35,s5_dec_07,S5,declarative,False,0,none,0
template_placeholder,35,s5_dec_08,S5,declarative,False,0,none,0
template_placeholder,35,s5_dec_09,S5,declarative,False,0,none,0
template_placeholder,35,s5_dec_10,S5,declarative,False,0,none,0
template_placeholder,35,s5_dec_11,S5,declarative,False,0,none,0
template_placeholder,35,s5_dec_12,S5,declarative,False,0,none,0
template_placeholder,35,s5_dec_13,S5,declarative,False,0,none,0
template_placeholder,35,s5_dec_14,S5,declarative,False,0,none,0
template_placeholder,35,s5_ind_01,S5,indirect,False,0,none,0
template_placeholder,35,s5_ind_02,S5,indirect,False,0,none,0
template_placeholder,35,s5_ind_03,S5,indirect,False,0,none,0
template_placeholder,35,s5_ind_04,S5,indirect,False,0,none,0
template_placeholder,35,s5_ind_05,S5,indirect,False,0,none,0
template_placeholder,35,s5_ind_06,S5,indirect,False,0,none,0
template_placeholder,35,s5_ind_07,S5,indirect,False,0,none,0
template_placeholder,35,s5_ind_08,S5,indirect,False,0,none,0
template_placeholder,35,s5_ind_09,S5,indirect,False,0,none,0
template_placeholder,35,s5_ind_10,S5,indirect,False,0,none,0
template_placeholder,35,s6_rp_01,S6,roleplay,False,4,none,0
template_placeholder,35,s6_rp_02,S6,roleplay,False,4,none,0
template_placeholder,35,s6_rp_03,S6,roleplay,False,4,none,0
template_placeholder,35,s6_rp_04,S6,roleplay,False,0,none,0
template_placeholder,35,s6_rp_05,S6,roleplay,False,8,none,0
template_placeholder,35,s6_rp_06,S6,roleplay,False,0,none,0
template_placeholder,35,s6_rp_07,S6,roleplay,False,0,none,0
template_placeholder,35,s6_rp_08,S6,roleplay,False,0,none,0
template_placeholder,35,s6_enc_01,S6,encoding,False,4,none,0
template_placeholder,35,s6_enc_02,S6,encoding,False,0,none,0
template_placeholder,35,s6_enc_03,S6,encoding,False,4,none,0
template_placeholder,35,s6_enc_04,S6,encoding,False,4,none,0
template_placeholder,35,safe_01,SAFE,benign,False,0,none,0
template_placeholder,35,safe_02,SAFE,benign,False,4,none,0
template_placeholder,35,safe_03,SAFE,benign,False,4,none,0
template_placeholder,35,safe_04,SAFE,benign,False,4,none,0
template_placeholder,35,safe_05,SAFE,benign,False,0,none,0
template_placeholder,35,safe_06,SAFE,benign,False,0,none,0
template_placeholder,35,safe_07,SAFE,benign,False,4,none,0
template_placeholder,35,safe_08,SAFE,benign,False,0,none,0
template_placeholder,35,safe_09,SAFE,benign,False,0,none,0
template_placeholder,35,safe_10,SAFE,benign,False,0,none,0
template_placeholder,35,safe_11,SAFE,benign,False,0,none,0
template_placeholder,35,safe_12,SAFE,benign,False,4,none,0
template_placeholder,35,safe_13,SAFE,benign,False,0,none,0
template_placeholder,35,safe_14,SAFE,benign,False,4,none,0
template_placeholder,35,safe_15,SAFE,benign,False,0,none,0
template_placeholder,35,safe_16,SAFE,benign,False,0,none,0
template_placeholder,35,safe_17,SAFE,benign,False,4,none,0
template_placeholder,35,safe_18,SAFE,benign,False,0,none,0
template_placeholder,35,safe_19,SAFE,benign,False,0,none,0
template_placeholder,35,safe_20,SAFE,benign,False,0,none,0
template_placeholder,35,hn_p_01,SAFE,legit_prompt,True,8,none,0
template_placeholder,35,hn_p_02,SAFE,legit_prompt,True,12,none,0
template_placeholder,35,hn_p_03,SAFE,legit_prompt,True,4,none,0
template_placeholder,35,hn_p_04,SAFE,legit_prompt,True,8,none,0
template_placeholder,35,hn_p_05,SAFE,legit_prompt,True,12,none,0
template_placeholder,35,hn_p_06,SAFE,legit_prompt,True,8,none,0
template_placeholder,35,hn_p_07,SAFE,legit_prompt,True,8,none,0
template_placeholder,35,hn_p_08,SAFE,legit_prompt,True,12,none,0
template_placeholder,35,hn_d_01,SAFE,security_doc,False,0,none,0
template_placeholder,35,hn_d_02,SAFE,security_doc,False,0,none,0
template_placeholder,35,hn_d_03,SAFE,security_doc,False,0,none,0
template_placeholder,35,hn_d_04,SAFE,security_doc,False,4,none,0
template_placeholder,35,hn_d_05,SAFE,security_doc,False,0,none,0
template_placeholder,35,hn_d_06,SAFE,security_doc,False,0,none,0
template_placeholder,35,hn_d_07,SAFE,security_doc,False,4,none,0
template_placeholder,35,hn_d_08,SAFE,security_doc,False,0,none,0
template_placeholder,35,hn_t_01,SAFE,benign_template,True,35,low,1
template_placeholder,35,hn_t_02,SAFE,benign_template,True,35,low,1
template_placeholder,35,hn_t_03,SAFE,benign_template,True,35,low,1
template_placeholder,35,hn_t_04,SAFE,benign_template,True,43,medium,1
template_placeholder,40,s5_imp_01,S5,imperative,False,0,none,0
template_placeholder,40,s5_imp_02,S5,imperative,False,0,none,0
template_placeholder,40,s5_imp_03,S5,imperative,False,4,none,0
template_placeholder,40,s5_imp_04,S5,imperative,False,0,none,0
template_placeholder,40,s5_imp_05,S5,imperative,False,0,none,0
template_placeholder,40,s5_imp_06,S5,imperative,False,0,none,0
template_placeholder,40,s5_imp_07,S5,imperative,False,0,none,0
template_placeholder,40,s5_imp_08,S5,imperative,False,0,none,0
template_placeholder,40,s5_imp_09,S5,imperative,False,4,none,0
template_placeholder,40,s5_imp_10,S5,imperative,False,0,none,0
template_placeholder,40,s5_imp_11,S5,imperative,False,0,none,0
template_placeholder,40,s5_imp_12,S5,imperative,False,0,none,0
template_placeholder,40,s5_imp_13,S5,imperative,False,0,none,0
template_placeholder,40,s5_imp_14,S5,imperative,False,8,none,0
template_placeholder,40,s5_imp_15,S5,imperative,False,0,none,0
template_placeholder,40,s5_dec_01,S5,declarative,False,0,none,0
template_placeholder,40,s5_dec_02,S5,declarative,False,0,none,0
template_placeholder,40,s5_dec_03,S5,declarative,False,0,none,0
template_placeholder,40,s5_dec_04,S5,declarative,False,0,none,0
template_placeholder,40,s5_dec_05,S5,declarative,False,4,none,0
template_placeholder,40,s5_dec_06,S5,declarative,False,0,none,0
template_placeholder,40,s5_dec_07,S5,declarative,False,0,none,0
template_placeholder,40,s5_dec_08,S5,declarative,False,0,none,0
template_placeholder,40,s5_dec_09,S5,declarative,False,0,none,0
template_placeholder,40,s5_dec_10,S5,declarative,False,0,none,0
template_placeholder,40,s5_dec_11,S5,declarative,False,0,none,0
template_placeholder,40,s5_dec_12,S5,declarative,False,0,none,0
template_placeholder,40,s5_dec_13,S5,declarative,False,0,none,0
template_placeholder,40,s5_dec_14,S5,declarative,False,0,none,0
template_placeholder,40,s5_ind_01,S5,indirect,False,0,none,0
template_placeholder,40,s5_ind_02,S5,indirect,False,0,none,0
template_placeholder,40,s5_ind_03,S5,indirect,False,0,none,0
template_placeholder,40,s5_ind_04,S5,indirect,False,0,none,0
template_placeholder,40,s5_ind_05,S5,indirect,False,0,none,0
template_placeholder,40,s5_ind_06,S5,indirect,False,0,none,0
template_placeholder,40,s5_ind_07,S5,indirect,False,0,none,0
template_placeholder,40,s5_ind_08,S5,indirect,False,0,none,0
template_placeholder,40,s5_ind_09,S5,indirect,False,0,none,0
template_placeholder,40,s5_ind_10,S5,indirect,False,0,none,0
template_placeholder,40,s6_rp_01,S6,roleplay,False,4,none,0
template_placeholder,40,s6_rp_02,S6,roleplay,False,4,none,0
template_placeholder,40,s6_rp_03,S6,roleplay,False,4,none,0
template_placeholder,40,s6_rp_04,S6,roleplay,False,0,none,0
template_placeholder,40,s6_rp_05,S6,roleplay,False,8,none,0
template_placeholder,40,s6_rp_06,S6,roleplay,False,0,none,0
template_placeholder,40,s6_rp_07,S6,roleplay,False,0,none,0
template_placeholder,40,s6_rp_08,S6,roleplay,False,0,none,0
template_placeholder,40,s6_enc_01,S6,encoding,False,4,none,0
template_placeholder,40,s6_enc_02,S6,encoding,False,0,none,0
template_placeholder,40,s6_enc_03,S6,encoding,False,4,none,0
template_placeholder,40,s6_enc_04,S6,encoding,False,4,none,0
template_placeholder,40,safe_01,SAFE,benign,False,0,none,0
template_placeholder,40,safe_02,SAFE,benign,False,4,none,0
template_placeholder,40,safe_03,SAFE,benign,False,4,none,0
template_placeholder,40,safe_04,SAFE,benign,False,4,none,0
template_placeholder,40,safe_05,SAFE,benign,False,0,none,0
template_placeholder,40,safe_06,SAFE,benign,False,0,none,0
template_placeholder,40,safe_07,SAFE,benign,False,4,none,0
template_placeholder,40,safe_08,SAFE,benign,False,0,none,0
template_placeholder,40,safe_09,SAFE,benign,False,0,none,0
template_placeholder,40,safe_10,SAFE,benign,False,0,none,0
template_placeholder,40,safe_11,SAFE,benign,False,0,none,0
template_placeholder,40,safe_12,SAFE,benign,False,4,none,0
template_placeholder,40,safe_13,SAFE,benign,False,0,none,0
template_placeholder,40,safe_14,SAFE,benign,False,4,none,0
template_placeholder,40,safe_15,SAFE,benign,False,0,none,0
template_placeholder,40,safe_16,SAFE,benign,False,0,none,0
template_placeholder,40,safe_17,SAFE,benign,False,4,none,0
template_placeholder,40,safe_18,SAFE,benign,False,0,none,0
template_placeholder,40,safe_19,SAFE,benign,False,0,none,0
template_placeholder,40,safe_20,SAFE,benign,False,0,none,0
template_placeholder,40,hn_p_01,SAFE,legit_prompt,True,8,none,0
template_placeholder,40,hn_p_02,SAFE,legit_prompt,True,12,none,0
template_placeholder,40,hn_p_03,SAFE,legit_prompt,True,4,none,0
template_placeholder,40,hn_p_04,SAFE,legit_prompt,True,8,none,0
template_placeholder,40,hn_p_05,SAFE,legit_prompt,True,12,none,0
template_placeholder,40,hn_p_06,SAFE,legit_prompt,True,8,none,0
template_placeholder,40,hn_p_07,SAFE,legit_prompt,True,8,none,0
template_placeholder,40,hn_p_08,SAFE,legit_prompt,True,12,none,0
template_placeholder,40,hn_d_01,SAFE,security_doc,False,0,none,0
template_placeholder,40,hn_d_02,SAFE,security_doc,False,0,none,0
template_placeholder,40,hn_d_03,SAFE,security_doc,False,0,none,0
template_placeholder,40,hn_d_04,SAFE,security_doc,False,4,none,0
template_placeholder,40,hn_d_05,SAFE,security_doc,False,0,none,0
template_placeholder,40,hn_d_06,SAFE,security_doc,False,0,none,0
template_placeholder,40,hn_d_07,SAFE,security_doc,False,4,none,0
template_placeholder,40,hn_d_08,SAFE,security_doc,False,0,none,0
template_placeholder,40,hn_t_01,SAFE,benign_template,True,40,medium,1
template_placeholder,40,hn_t_02,SAFE,benign_template,True,40,medium,1
template_placeholder,40,hn_t_03,SAFE,benign_template,True,40,medium,1
template_placeholder,40,hn_t_04,SAFE,benign_template,True,48,medium,1
template_placeholder,45,s5_imp_01,S5,imperative,False,0,none,0
template_placeholder,45,s5_imp_02,S5,imperative,False,0,none,0
template_placeholder,45,s5_imp_03,S5,imperative,False,4,none,0
template_placeholder,45,s5_imp_04,S5,imperative,False,0,none,0
template_placeholder,45,s5_imp_05,S5,imperative,False,0,none,0
template_placeholder,45,s5_imp_06,S5,imperative,False,0,none,0
template_placeholder,45,s5_imp_07,S5,imperative,False,0,none,0
template_placeholder,45,s5_imp_08,S5,imperative,False,0,none,0
template_placeholder,45,s5_imp_09,S5,imperative,False,4,none,0
template_placeholder,45,s5_imp_10,S5,imperative,False,0,none,0
template_placeholder,45,s5_imp_11,S5,imperative,False,0,none,0
template_placeholder,45,s5_imp_12,S5,imperative,False,0,none,0
template_placeholder,45,s5_imp_13,S5,imperative,False,0,none,0
template_placeholder,45,s5_imp_14,S5,imperative,False,8,none,0
template_placeholder,45,s5_imp_15,S5,imperative,False,0,none,0
template_placeholder,45,s5_dec_01,S5,declarative,False,0,none,0
template_placeholder,45,s5_dec_02,S5,declarative,False,0,none,0
template_placeholder,45,s5_dec_03,S5,declarative,False,0,none,0
template_placeholder,45,s5_dec_04,S5,declarative,False,0,none,0
template_placeholder,45,s5_dec_05,S5,declarative,False,4,none,0
template_placeholder,45,s5_dec_06,S5,declarative,False,0,none,0
template_placeholder,45,s5_dec_07,S5,declarative,False,0,none,0
template_placeholder,45,s5_dec_08,S5,declarative,False,0,none,0
template_placeholder,45,s5_dec_09,S5,declarative,False,0,none,0
template_placeholder,45,s5_dec_10,S5,declarative,False,0,none,0
template_placeholder,45,s5_dec_11,S5,declarative,False,0,none,0
template_placeholder,45,s5_dec_12,S5,declarative,False,0,none,0
template_placeholder,45,s5_dec_13,S5,declarative,False,0,none,0
template_placeholder,45,s5_dec_14,S5,declarative,False,0,none,0
template_placeholder,45,s5_ind_01,S5,indirect,False,0,none,0
template_placeholder,45,s5_ind_02,S5,indirect,False,0,none,0
template_placeholder,45,s5_ind_03,S5,indirect,False,0,none,0
template_placeholder,45,s5_ind_04,S5,indirect,False,0,none,0
template_placeholder,45,s5_ind_05,S5,indirect,False,0,none,0
template_placeholder,45,s5_ind_06,S5,indirect,False,0,none,0
template_placeholder,45,s5_ind_07,S5,indirect,False,0,none,0
template_placeholder,45,s5_ind_08,S5,indirect,False,0,none,0
template_placeholder,45,s5_ind_09,S5,indirect,False,0,none,0
template_placeholder,45,s5_ind_10,S5,indirect,False,0,none,0
template_placeholder,45,s6_rp_01,S6,roleplay,False,4,none,0
template_placeholder,45,s6_rp_02,S6,roleplay,False,4,none,0
template_placeholder,45,s6_rp_03,S6,roleplay,False,4,none,0
template_placeholder,45,s6_rp_04,S6,roleplay,False,0,none,0
template_placeholder,45,s6_rp_05,S6,roleplay,False,8,none,0
template_placeholder,45,s6_rp_06,S6,roleplay,False,0,none,0
template_placeholder,45,s6_rp_07,S6,roleplay,False,0,none,0
template_placeholder,45,s6_rp_08,S6,roleplay,False,0,none,0
template_placeholder,45,s6_enc_01,S6,encoding,False,4,none,0
template_placeholder,45,s6_enc_02,S6,encoding,False,0,none,0
template_placeholder,45,s6_enc_03,S6,encoding,False,4,none,0
template_placeholder,45,s6_enc_04,S6,encoding,False,4,none,0
template_placeholder,45,safe_01,SAFE,benign,False,0,none,0
template_placeholder,45,safe_02,SAFE,benign,False,4,none,0
template_placeholder,45,safe_03,SAFE,benign,False,4,none,0
template_placeholder,45,safe_04,SAFE,benign,False,4,none,0
template_placeholder,45,safe_05,SAFE,benign,False,0,none,0
template_placeholder,45,safe_06,SAFE,benign,False,0,none,0
template_placeholder,45,safe_07,SAFE,benign,False,4,none,0
template_placeholder,45,safe_08,SAFE,benign,False,0,none,0
template_placeholder,45,safe_09,SAFE,benign,False,0,none,0
template_placeholder,45,safe_10,SAFE,benign,False,0,none,0
template_placeholder,45,safe_11,SAFE,benign,False,0,none,0
template_placeholder,45,safe_12,SAFE,benign,False,4,none,0
template_placeholder,45,safe_13,SAFE,benign,False,0,none,0
template_placeholder,45,safe_14,SAFE,benign,False,4,none,0
template_placeholder,45,safe_15,SAFE,benign,False,0,none,0
template_placeholder,45,safe_16,SAFE,benign,False,0,none,0
template_placeholder,45,safe_17,SAFE,benign,False,4,none,0
template_placeholder,45,safe_18,SAFE,benign,False,0,none,0
template_placeholder,45,safe_19,SAFE,benign,False,0,none,0
template_placeholder,45,safe_20,SAFE,benign,False,0,none,0
template_placeholder,45,hn_p_01,SAFE,legit_prompt,True,8,none,0
template_placeholder,45,hn_p_02,SAFE,legit_prompt,True,12,none,0
template_placeholder,45,hn_p_03,SAFE,legit_prompt,True,4,none,0
template_placeholder,45,hn_p_04,SAFE,legit_prompt,True,8,none,0
template_placeholder,45,hn_p_05,SAFE,legit_prompt,True,12,none,0
template_placeholder,45,hn_p_06,SAFE,legit_prompt,True,8,none,0
template_placeholder,45,hn_p_07,SAFE,legit_prompt,True,8,none,0
template_placeholder,45,hn_p_08,SAFE,legit_prompt,True,12,none,0
template_placeholder,45,hn_d_01,SAFE,security_doc,False,0,none,0
template_placeholder,45,hn_d_02,SAFE,security_doc,False,0,none,0
template_placeholder,45,hn_d_03,SAFE,security_doc,False,0,none,0
template_placeholder,45,hn_d_04,SAFE,security_doc,False,4,none,0
template_placeholder,45,hn_d_05,SAFE,security_doc,False,0,none,0
template_placeholder,45,hn_d_06,SAFE,security_doc,False,0,none,0
template_placeholder,45,hn_d_07,SAFE,security_doc,False,4,none,0
template_placeholder,45,hn_d_08,SAFE,security_doc,False,0,none,0
template_placeholder,45,hn_t_01,SAFE,benign_template,True,45,medium,1
template_placeholder,45,hn_t_02,SAFE,benign_template,True,45,medium,1
template_placeholder,45,hn_t_03,SAFE,benign_template,True,45,medium,1
template_placeholder,45,hn_t_04,SAFE,benign_template,True,53,medium,1
template_placeholder,50,s5_imp_01,S5,imperative,False,0,none,0
template_placeholder,50,s5_imp_02,S5,imperative,False,0,none,0
template_placeholder,50,s5_imp_03,S5,imperative,False,4,none,0
template_placeholder,50,s5_imp_04,S5,imperative,False,0,none,0
template_placeholder,50,s5_imp_05,S5,imperative,False,0,none,0
template_placeholder,50,s5_imp_06,S5,imperative,False,0,none,0
template_placeholder,50,s5_imp_07,S5,imperative,False,0,none,0
template_placeholder,50,s5_imp_08,S5,imperative,False,0,none,0
template_placeholder,50,s5_imp_09,S5,imperative,False,4,none,0
template_placeholder,50,s5_imp_10,S5,imperative,False,0,none,0
template_placeholder,50,s5_imp_11,S5,imperative,False,0,none,0
template_placeholder,50,s5_imp_12,S5,imperative,False,0,none,0
template_placeholder,50,s5_imp_13,S5,imperative,False,0,none,0
template_placeholder,50,s5_imp_14,S5,imperative,False,8,none,0
template_placeholder,50,s5_imp_15,S5,imperative,False,0,none,0
template_placeholder,50,s5_dec_01,S5,declarative,False,0,none,0
template_placeholder,50,s5_dec_02,S5,declarative,False,0,none,0
template_placeholder,50,s5_dec_03,S5,declarative,False,0,none,0
template_placeholder,50,s5_dec_04,S5,declarative,False,0,none,0
template_placeholder,50,s5_dec_05,S5,declarative,False,4,none,0
template_placeholder,50,s5_dec_06,S5,declarative,False,0,none,0
template_placeholder,50,s5_dec_07,S5,declarative,False,0,none,0
template_placeholder,50,s5_dec_08,S5,declarative,False,0,none,0
template_placeholder,50,s5_dec_09,S5,declarative,False,0,none,0
template_placeholder,50,s5_dec_10,S5,declarative,False,0,none,0
template_placeholder,50,s5_dec_11,S5,declarative,False,0,none,0
template_placeholder,50,s5_dec_12,S5,declarative,False,0,none,0
template_placeholder,50,s5_dec_13,S5,declarative,False,0,none,0
template_placeholder,50,s5_dec_14,S5,declarative,False,0,none,0
template_placeholder,50,s5_ind_01,S5,indirect,False,0,none,0
template_placeholder,50,s5_ind_02,S5,indirect,False,0,none,0
template_placeholder,50,s5_ind_03,S5,indirect,False,0,none,0
template_placeholder,50,s5_ind_04,S5,indirect,False,0,none,0
template_placeholder,50,s5_ind_05,S5,indirect,False,0,none,0
template_placeholder,50,s5_ind_06,S5,indirect,False,0,none,0
template_placeholder,50,s5_ind_07,S5,indirect,False,0,none,0
template_placeholder,50,s5_ind_08,S5,indirect,False,0,none,0
template_placeholder,50,s5_ind_09,S5,indirect,False,0,none,0
template_placeholder,50,s5_ind_10,S5,indirect,False,0,none,0
template_placeholder,50,s6_rp_01,S6,roleplay,False,4,none,0
template_placeholder,50,s6_rp_02,S6,roleplay,False,4,none,0
template_placeholder,50,s6_rp_03,S6,roleplay,False,4,none,0
template_placeholder,50,s6_rp_04,S6,roleplay,False,0,none,0
template_placeholder,50,s6_rp_05,S6,roleplay,False,8,none,0
template_placeholder,50,s6_rp_06,S6,roleplay,False,0,none,0
template_placeholder,50,s6_rp_07,S6,roleplay,False,0,none,0
template_placeholder,50,s6_rp_08,S6,roleplay,False,0,none,0
template_placeholder,50,s6_enc_01,S6,encoding,False,4,none,0
template_placeholder,50,s6_enc_02,S6,encoding,False,0,none,0
template_placeholder,50,s6_enc_03,S6,encoding,False,4,none,0
template_placeholder,50,s6_enc_04,S6,encoding,False,4,none,0
template_placeholder,50,safe_01,SAFE,benign,False,0,none,0
template_placeholder,50,safe_02,SAFE,benign,False,4,none,0
template_placeholder,50,safe_03,SAFE,benign,False,4,none,0
template_placeholder,50,safe_04,SAFE,benign,False,4,none,0
template_placeholder,50,safe_05,SAFE,benign,False,0,none,0
template_placeholder,50,safe_06,SAFE,benign,False,0,none,0
template_placeholder,50,safe_07,SAFE,benign,False,4,none,0
template_placeholder,50,safe_08,SAFE,benign,False,0,none,0
template_placeholder,50,safe_09,SAFE,benign,False,0,none,0
template_placeholder,50,safe_10,SAFE,benign,False,0,none,0
template_placeholder,50,safe_11,SAFE,benign,False,0,none,0
template_placeholder,50,safe_12,SAFE,benign,False,4,none,0
template_placeholder,50,safe_13,SAFE,benign,False,0,none,0
template_placeholder,50,safe_14,SAFE,benign,False,4,none,0
template_placeholder,50,safe_15,SAFE,benign,False,0,none,0
template_placeholder,50,safe_16,SAFE,benign,False,0,none,0
template_placeholder,50,safe_17,SAFE,benign,False,4,none,0
template_placeholder,50,safe_18,SAFE,benign,False,0,none,0
template_placeholder,50,safe_19,SAFE,benign,False,0,none,0
template_placeholder,50,safe_20,SAFE,benign,False,0,none,0
template_placeholder,50,hn_p_01,SAFE,legit_prompt,True,8,none,0
template_placeholder,50,hn_p_02,SAFE,legit_prompt,True,12,none,0
template_placeholder,50,hn_p_03,SAFE,legit_prompt,True,4,none,0
template_placeholder,50,hn_p_04,SAFE,legit_prompt,True,8,none,0
template_placeholder,50,hn_p_05,SAFE,legit_prompt,True,12,none,0
template_placeholder,50,hn_p_06,SAFE,legit_prompt,True,8,none,0
template_placeholder,50,hn_p_07,SAFE,legit_prompt,True,8,none,0
template_placeholder,50,hn_p_08,SAFE,legit_prompt,True,12,none,0
template_placeholder,50,hn_d_01,SAFE,security_doc,False,0,none,0
template_placeholder,50,hn_d_02,SAFE,security_doc,False,0,none,0
template_placeholder,50,hn_d_03,SAFE,security_doc,False,0,none,0
template_placeholder,50,hn_d_04,SAFE,security_doc,False,4,none,0
template_placeholder,50,hn_d_05,SAFE,security_doc,False,0,none,0
template_placeholder,50,hn_d_06,SAFE,security_doc,False,0,none,0
template_placeholder,50,hn_d_07,SAFE,security_doc,False,4,none,0
template_placeholder,50,hn_d_08,SAFE,security_doc,False,0,none,0
template_placeholder,50,hn_t_01,SAFE,benign_template,True,50,medium,1
template_placeholder,50,hn_t_02,SAFE,benign_template,True,50,medium,1
template_placeholder,50,hn_t_03,SAFE,benign_template,True,50,medium,1
template_placeholder,50,hn_t_04,SAFE,benign_template,True,58,medium,1
template_placeholder,60,s5_imp_01,S5,imperative,False,0,none,0
template_placeholder,60,s5_imp_02,S5,imperative,False,0,none,0
template_placeholder,60,s5_imp_03,S5,imperative,False,4,none,0
template_placeholder,60,s5_imp_04,S5,imperative,False,0,none,0
template_placeholder,60,s5_imp_05,S5,imperative,False,0,none,0
template_placeholder,60,s5_imp_06,S5,imperative,False,0,none,0
template_placeholder,60,s5_imp_07,S5,imperative,False,0,none,0
template_placeholder,60,s5_imp_08,S5,imperative,False,0,none,0
template_placeholder,60,s5_imp_09,S5,imperative,False,4,none,0
template_placeholder,60,s5_imp_10,S5,imperative,False,0,none,0
template_placeholder,60,s5_imp_11,S5,imperative,False,0,none,0
template_placeholder,60,s5_imp_12,S5,imperative,False,0,none,0
template_placeholder,60,s5_imp_13,S5,imperative,False,0,none,0
template_placeholder,60,s5_imp_14,S5,imperative,False,8,none,0
template_placeholder,60,s5_imp_15,S5,imperative,False,0,none,0
template_placeholder,60,s5_dec_01,S5,declarative,False,0,none,0
template_placeholder,60,s5_dec_02,S5,declarative,False,0,none,0
template_placeholder,60,s5_dec_03,S5,declarative,False,0,none,0
template_placeholder,60,s5_dec_04,S5,declarative,False,0,none,0
template_placeholder,60,s5_dec_05,S5,declarative,False,4,none,0
template_placeholder,60,s5_dec_06,S5,declarative,False,0,none,0
template_placeholder,60,s5_dec_07,S5,declarative,False,0,none,0
template_placeholder,60,s5_dec_08,S5,declarative,False,0,none,0
template_placeholder,60,s5_dec_09,S5,declarative,False,0,none,0
template_placeholder,60,s5_dec_10,S5,declarative,False,0,none,0
template_placeholder,60,s5_dec_11,S5,declarative,False,0,none,0
template_placeholder,60,s5_dec_12,S5,declarative,False,0,none,0
template_placeholder,60,s5_dec_13,S5,declarative,False,0,none,0
template_placeholder,60,s5_dec_14,S5,declarative,False,0,none,0
template_placeholder,60,s5_ind_01,S5,indirect,False,0,none,0
template_placeholder,60,s5_ind_02,S5,indirect,False,0,none,0
template_placeholder,60,s5_ind_03,S5,indirect,False,0,none,0
template_placeholder,60,s5_ind_04,S5,indirect,False,0,none,0
template_placeholder,60,s5_ind_05,S5,indirect,False,0,none,0
template_placeholder,60,s5_ind_06,S5,indirect,False,0,none,0
template_placeholder,60,s5_ind_07,S5,indirect,False,0,none,0
template_placeholder,60,s5_ind_08,S5,indirect,False,0,none,0
template_placeholder,60,s5_ind_09,S5,indirect,False,0,none,0
template_placeholder,60,s5_ind_10,S5,indirect,False,0,none,0
template_placeholder,60,s6_rp_01,S6,roleplay,False,4,none,0
template_placeholder,60,s6_rp_02,S6,roleplay,False,4,none,0
template_placeholder,60,s6_rp_03,S6,roleplay,False,4,none,0
template_placeholder,60,s6_rp_04,S6,roleplay,False,0,none,0
template_placeholder,60,s6_rp_05,S6,roleplay,False,8,none,0
template_placeholder,60,s6_rp_06,S6,roleplay,False,0,none,0
template_placeholder,60,s6_rp_07,S6,roleplay,False,0,none,0
template_placeholder,60,s6_rp_08,S6,roleplay,False,0,none,0
template_placeholder,60,s6_enc_01,S6,encoding,False,4,none,0
template_placeholder,60,s6_enc_02,S6,encoding,False,0,none,0
template_placeholder,60,s6_enc_03,S6,encoding,False,4,none,0
template_placeholder,60,s6_enc_04,S6,encoding,False,4,none,0
template_placeholder,60,safe_01,SAFE,benign,False,0,none,0
template_placeholder,60,safe_02,SAFE,benign,False,4,none,0
template_placeholder,60,safe_03,SAFE,benign,False,4,none,0
template_placeholder,60,safe_04,SAFE,benign,False,4,none,0
template_placeholder,60,safe_05,SAFE,benign,False,0,none,0
template_placeholder,60,safe_06,SAFE,benign,False,0,none,0
template_placeholder,60,safe_07,SAFE,benign,False,4,none,0
template_placeholder,60,safe_08,SAFE,benign,False,0,none,0
template_placeholder,60,safe_09,SAFE,benign,False,0,none,0
template_placeholder,60,safe_10,SAFE,benign,False,0,none,0
template_placeholder,60,safe_11,SAFE,benign,False,0,none,0
template_placeholder,60,safe_12,SAFE,benign,False,4,none,0
template_placeholder,60,safe_13,SAFE,benign,False,0,none,0
template_placeholder,60,safe_14,SAFE,benign,False,4,none,0
template_placeholder,60,safe_15,SAFE,benign,False,0,none,0
template_placeholder,60,safe_16,SAFE,benign,False,0,none,0
template_placeholder,60,safe_17,SAFE,benign,False,4,none,0
template_placeholder,60,safe_18,SAFE,benign,False,0,none,0
template_placeholder,60,safe_19,SAFE,benign,False,0,none,0
template_placeholder,60,safe_20,SAFE,benign,False,0,none,0
template_placeholder,60,hn_p_01,SAFE,legit_prompt,True,8,none,0
template_placeholder,60,hn_p_02,SAFE,legit_prompt,True,12,none,0
template_placeholder,60,hn_p_03,SAFE,legit_prompt,True,4,none,0
template_placeholder,60,hn_p_04,SAFE,legit_prompt,True,8,none,0
template_placeholder,60,hn_p_05,SAFE,legit_prompt,True,12,none,0
template_placeholder,60,hn_p_06,SAFE,legit_prompt,True,8,none,0
template_placeholder,60,hn_p_07,SAFE,legit_prompt,True,8,none,0
template_placeholder,60,hn_p_08,SAFE,legit_prompt,True,12,none,0
template_placeholder,60,hn_d_01,SAFE,security_doc,False,0,none,0
template_placeholder,60,hn_d_02,SAFE,security_doc,False,0,none,0
template_placeholder,60,hn_d_03,SAFE,security_doc,False,0,none,0
template_placeholder,60,hn_d_04,SAFE,security_doc,False,4,none,0
template_placeholder,60,hn_d_05,SAFE,security_doc,False,0,none,0
template_placeholder,60,hn_d_06,SAFE,security_doc,False,0,none,0
template_placeholder,60,hn_d_07,SAFE,security_doc,False,4,none,0
template_placeholder,60,hn_d_08,SAFE,security_doc,False,0,none,0
template_placeholder,60,hn_t_01,SAFE,benign_template,True,60,medium,1
template_placeholder,60,hn_t_02,SAFE,benign_template,True,60,medium,1
template_placeholder,60,hn_t_03,SAFE,benign_template,True,60,medium,1
template_placeholder,60,hn_t_04,SAFE,benign_template,True,68,medium,1
template_placeholder,70,s5_imp_01,S5,imperative,False,0,none,0
template_placeholder,70,s5_imp_02,S5,imperative,False,0,none,0
template_placeholder,70,s5_imp_03,S5,imperative,False,4,none,0
template_placeholder,70,s5_imp_04,S5,imperative,False,0,none,0
template_placeholder,70,s5_imp_05,S5,imperative,False,0,none,0
template_placeholder,70,s5_imp_06,S5,imperative,False,0,none,0
template_placeholder,70,s5_imp_07,S5,imperative,False,0,none,0
template_placeholder,70,s5_imp_08,S5,imperative,False,0,none,0
template_placeholder,70,s5_imp_09,S5,imperative,False,4,none,0
template_placeholder,70,s5_imp_10,S5,imperative,False,0,none,0
template_placeholder,70,s5_imp_11,S5,imperative,False,0,none,0
template_placeholder,70,s5_imp_12,S5,imperative,False,0,none,0
template_placeholder,70,s5_imp_13,S5,imperative,False,0,none,0
template_placeholder,70,s5_imp_14,S5,imperative,False,8,none,0
template_placeholder,70,s5_imp_15,S5,imperative,False,0,none,0
template_placeholder,70,s5_dec_01,S5,declarative,False,0,none,0
template_placeholder,70,s5_dec_02,S5,declarative,False,0,none,0
template_placeholder,70,s5_dec_03,S5,declarative,False,0,none,0
template_placeholder,70,s5_dec_04,S5,declarative,False,0,none,0
template_placeholder,70,s5_dec_05,S5,declarative,False,4,none,0
template_placeholder,70,s5_dec_06,S5,declarative,False,0,none,0
template_placeholder,70,s5_dec_07,S5,declarative,False,0,none,0
template_placeholder,70,s5_dec_08,S5,declarative,False,0,none,0
template_placeholder,70,s5_dec_09,S5,declarative,False,0,none,0
template_placeholder,70,s5_dec_10,S5,declarative,False,0,none,0
template_placeholder,70,s5_dec_11,S5,declarative,False,0,none,0
template_placeholder,70,s5_dec_12,S5,declarative,False,0,none,0
template_placeholder,70,s5_dec_13,S5,declarative,False,0,none,0
template_placeholder,70,s5_dec_14,S5,declarative,False,0,none,0
template_placeholder,70,s5_ind_01,S5,indirect,False,0,none,0
template_placeholder,70,s5_ind_02,S5,indirect,False,0,none,0
template_placeholder,70,s5_ind_03,S5,indirect,False,0,none,0
template_placeholder,70,s5_ind_04,S5,indirect,False,0,none,0
template_placeholder,70,s5_ind_05,S5,indirect,False,0,none,0
template_placeholder,70,s5_ind_06,S5,indirect,False,0,none,0
template_placeholder,70,s5_ind_07,S5,indirect,False,0,none,0
template_placeholder,70,s5_ind_08,S5,indirect,False,0,none,0
template_placeholder,70,s5_ind_09,S5,indirect,False,0,none,0
template_placeholder,70,s5_ind_10,S5,indirect,False,0,none,0
template_placeholder,70,s6_rp_01,S6,roleplay,False,4,none,0
template_placeholder,70,s6_rp_02,S6,roleplay,False,4,none,0
template_placeholder,70,s6_rp_03,S6,roleplay,False,4,none,0
template_placeholder,70,s6_rp_04,S6,roleplay,False,0,none,0
template_placeholder,70,s6_rp_05,S6,roleplay,False,8,none,0
template_placeholder,70,s6_rp_06,S6,roleplay,False,0,none,0
template_placeholder,70,s6_rp_07,S6,roleplay,False,0,none,0
template_placeholder,70,s6_rp_08,S6,roleplay,False,0,none,0
template_placeholder,70,s6_enc_01,S6,encoding,False,4,none,0
template_placeholder,70,s6_enc_02,S6,encoding,False,0,none,0
template_placeholder,70,s6_enc_03,S6,encoding,False,4,none,0
template_placeholder,70,s6_enc_04,S6,encoding,False,4,none,0
template_placeholder,70,safe_01,SAFE,benign,False,0,none,0
template_placeholder,70,safe_02,SAFE,benign,False,4,none,0
template_placeholder,70,safe_03,SAFE,benign,False,4,none,0
template_placeholder,70,safe_04,SAFE,benign,False,4,none,0
template_placeholder,70,safe_05,SAFE,benign,False,0,none,0
template_placeholder,70,safe_06,SAFE,benign,False,0,none,0
template_placeholder,70,safe_07,SAFE,benign,False,4,none,0
template_placeholder,70,safe_08,SAFE,benign,False,0,none,0
template_placeholder,70,safe_09,SAFE,benign,False,0,none,0
template_placeholder,70,safe_10,SAFE,benign,False,0,none,0
template_placeholder,70,safe_11,SAFE,benign,False,0,none,0
template_placeholder,70,safe_12,SAFE,benign,False,4,none,0
template_placeholder,70,safe_13,SAFE,benign,False,0,none,0
template_placeholder,70,safe_14,SAFE,benign,False,4,none,0
template_placeholder,70,safe_15,SAFE,benign,False,0,none,0
template_placeholder,70,safe_16,SAFE,benign,False,0,none,0
template_placeholder,70,safe_17,SAFE,benign,False,4,none,0
template_placeholder,70,safe_18,SAFE,benign,False,0,none,0
template_placeholder,70,safe_19,SAFE,benign,False,0,none,0
template_placeholder,70,safe_20,SAFE,benign,False,0,none,0
template_placeholder,70,hn_p_01,SAFE,legit_prompt,True,8,none,0
template_placeholder,70,hn_p_02,SAFE,legit_prompt,True,12,none,0
template_placeholder,70,hn_p_03,SAFE,legit_prompt,True,4,none,0
template_placeholder,70,hn_p_04,SAFE,legit_prompt,True,8,none,0
template_placeholder,70,hn_p_05,SAFE,legit_prompt,True,12,none,0
template_placeholder,70,hn_p_06,SAFE,legit_prompt,True,8,none,0
template_placeholder,70,hn_p_07,SAFE,legit_prompt,True,8,none,0
template_placeholder,70,hn_p_08,SAFE,legit_prompt,True,12,none,0
template_placeholder,70,hn_d_01,SAFE,security_doc,False,0,none,0
template_placeholder,70,hn_d_02,SAFE,security_doc,False,0,none,0
template_placeholder,70,hn_d_03,SAFE,security_doc,False,0,none,0
template_placeholder,70,hn_d_04,SAFE,security_doc,False,4,none,0
template_placeholder,70,hn_d_05,SAFE,security_doc,False,0,none,0
template_placeholder,70,hn_d_06,SAFE,security_doc,False,0,none,0
template_placeholder,70,hn_d_07,SAFE,security_doc,False,4,none,0
template_placeholder,70,hn_d_08,SAFE,security_doc,False,0,none,0
template_placeholder,70,hn_t_01,SAFE,benign_template,True,70,high,1
template_placeholder,70,hn_t_02,SAFE,benign_template,True,70,high,1
template_placeholder,70,hn_t_03,SAFE,benign_template,True,70,high,1
template_placeholder,70,hn_t_04,SAFE,benign_template,True,78,high,1
template_placeholder,80,s5_imp_01,S5,imperative,False,0,none,0
template_placeholder,80,s5_imp_02,S5,imperative,False,0,none,0
template_placeholder,80,s5_imp_03,S5,imperative,False,4,none,0
template_placeholder,80,s5_imp_04,S5,imperative,False,0,none,0
template_placeholder,80,s5_imp_05,S5,imperative,False,0,none,0
template_placeholder,80,s5_imp_06,S5,imperative,False,0,none,0
template_placeholder,80,s5_imp_07,S5,imperative,False,0,none,0
template_placeholder,80,s5_imp_08,S5,imperative,False,0,none,0
template_placeholder,80,s5_imp_09,S5,imperative,False,4,none,0
template_placeholder,80,s5_imp_10,S5,imperative,False,0,none,0
template_placeholder,80,s5_imp_11,S5,imperative,False,0,none,0
template_placeholder,80,s5_imp_12,S5,imperative,False,0,none,0
template_placeholder,80,s5_imp_13,S5,imperative,False,0,none,0
template_placeholder,80,s5_imp_14,S5,imperative,False,8,none,0
template_placeholder,80,s5_imp_15,S5,imperative,False,0,none,0
template_placeholder,80,s5_dec_01,S5,declarative,False,0,none,0
template_placeholder,80,s5_dec_02,S5,declarative,False,0,none,0
template_placeholder,80,s5_dec_03,S5,declarative,False,0,none,0
template_placeholder,80,s5_dec_04,S5,declarative,False,0,none,0
template_placeholder,80,s5_dec_05,S5,declarative,False,4,none,0
template_placeholder,80,s5_dec_06,S5,declarative,False,0,none,0
template_placeholder,80,s5_dec_07,S5,declarative,False,0,none,0
template_placeholder,80,s5_dec_08,S5,declarative,False,0,none,0
template_placeholder,80,s5_dec_09,S5,declarative,False,0,none,0
template_placeholder,80,s5_dec_10,S5,declarative,False,0,none,0
template_placeholder,80,s5_dec_11,S5,declarative,False,0,none,0
template_placeholder,80,s5_dec_12,S5,declarative,False,0,none,0
template_placeholder,80,s5_dec_13,S5,declarative,False,0,none,0
template_placeholder,80,s5_dec_14,S5,declarative,False,0,none,0
template_placeholder,80,s5_ind_01,S5,indirect,False,0,none,0
template_placeholder,80,s5_ind_02,S5,indirect,False,0,none,0
template_placeholder,80,s5_ind_03,S5,indirect,False,0,none,0
template_placeholder,80,s5_ind_04,S5,indirect,False,0,none,0
template_placeholder,80,s5_ind_05,S5,indirect,False,0,none,0
template_placeholder,80,s5_ind_06,S5,indirect,False,0,none,0
template_placeholder,80,s5_ind_07,S5,indirect,False,0,none,0
template_placeholder,80,s5_ind_08,S5,indirect,False,0,none,0
template_placeholder,80,s5_ind_09,S5,indirect,False,0,none,0
template_placeholder,80,s5_ind_10,S5,indirect,False,0,none,0
template_placeholder,80,s6_rp_01,S6,roleplay,False,4,none,0
template_placeholder,80,s6_rp_02,S6,roleplay,False,4,none,0
template_placeholder,80,s6_rp_03,S6,roleplay,False,4,none,0
template_placeholder,80,s6_rp_04,S6,roleplay,False,0,none,0
template_placeholder,80,s6_rp_05,S6,roleplay,False,8,none,0
template_placeholder,80,s6_rp_06,S6,roleplay,False,0,none,0
template_placeholder,80,s6_rp_07,S6,roleplay,False,0,none,0
template_placeholder,80,s6_rp_08,S6,roleplay,False,0,none,0
template_placeholder,80,s6_enc_01,S6,encoding,False,4,none,0
template_placeholder,80,s6_enc_02,S6,encoding,False,0,none,0
template_placeholder,80,s6_enc_03,S6,encoding,False,4,none,0
template_placeholder,80,s6_enc_04,S6,encoding,False,4,none,0
template_placeholder,80,safe_01,SAFE,benign,False,0,none,0
template_placeholder,80,safe_02,SAFE,benign,False,4,none,0
template_placeholder,80,safe_03,SAFE,benign,False,4,none,0
template_placeholder,80,safe_04,SAFE,benign,False,4,none,0
template_placeholder,80,safe_05,SAFE,benign,False,0,none,0
template_placeholder,80,safe_06,SAFE,benign,False,0,none,0
template_placeholder,80,safe_07,SAFE,benign,False,4,none,0
template_placeholder,80,safe_08,SAFE,benign,False,0,none,0
template_placeholder,80,safe_09,SAFE,benign,False,0,none,0
template_placeholder,80,safe_10,SAFE,benign,False,0,none,0
template_placeholder,80,safe_11,SAFE,benign,False,0,none,0
template_placeholder,80,safe_12,SAFE,benign,False,4,none,0
template_placeholder,80,safe_13,SAFE,benign,False,0,none,0
template_placeholder,80,safe_14,SAFE,benign,False,4,none,0
template_placeholder,80,safe_15,SAFE,benign,False,0,none,0
template_placeholder,80,safe_16,SAFE,benign,False,0,none,0
template_placeholder,80,safe_17,SAFE,benign,False,4,none,0
template_placeholder,80,safe_18,SAFE,benign,False,0,none,0
template_placeholder,80,safe_19,SAFE,benign,False,0,none,0
template_placeholder,80,safe_20,SAFE,benign,False,0,none,0
template_placeholder,80,hn_p_01,SAFE,legit_prompt,True,8,none,0
template_placeholder,80,hn_p_02,SAFE,legit_prompt,True,12,none,0
template_placeholder,80,hn_p_03,SAFE,legit_prompt,True,4,none,0
template_placeholder,80,hn_p_04,SAFE,legit_prompt,True,8,none,0
template_placeholder,80,hn_p_05,SAFE,legit_prompt,True,12,none,0
template_placeholder,80,hn_p_06,SAFE,legit_prompt,True,8,none,0
template_placeholder,80,hn_p_07,SAFE,legit_prompt,True,8,none,0
template_placeholder,80,hn_p_08,SAFE,legit_prompt,True,12,none,0
template_placeholder,80,hn_d_01,SAFE,security_doc,False,0,none,0
template_placeholder,80,hn_d_02,SAFE,security_doc,False,0,none,0
template_placeholder,80,hn_d_03,SAFE,security_doc,False,0,none,0
template_placeholder,80,hn_d_04,SAFE,security_doc,False,4,none,0
template_placeholder,80,hn_d_05,SAFE,security_doc,False,0,none,0
template_placeholder,80,hn_d_06,SAFE,security_doc,False,0,none,0
template_placeholder,80,hn_d_07,SAFE,security_doc,False,4,none,0
template_placeholder,80,hn_d_08,SAFE,security_doc,False,0,none,0
template_placeholder,80,hn_t_01,SAFE,benign_template,True,80,high,1
template_placeholder,80,hn_t_02,SAFE,benign_template,True,80,high,1
template_placeholder,80,hn_t_03,SAFE,benign_template,True,80,high,1
template_placeholder,80,hn_t_04,SAFE,benign_template,True,88,high,1
template_placeholder,90,s5_imp_01,S5,imperative,False,0,none,0
template_placeholder,90,s5_imp_02,S5,imperative,False,0,none,0
template_placeholder,90,s5_imp_03,S5,imperative,False,4,none,0
template_placeholder,90,s5_imp_04,S5,imperative,False,0,none,0
template_placeholder,90,s5_imp_05,S5,imperative,False,0,none,0
template_placeholder,90,s5_imp_06,S5,imperative,False,0,none,0
template_placeholder,90,s5_imp_07,S5,imperative,False,0,none,0
template_placeholder,90,s5_imp_08,S5,imperative,False,0,none,0
template_placeholder,90,s5_imp_09,S5,imperative,False,4,none,0
template_placeholder,90,s5_imp_10,S5,imperative,False,0,none,0
template_placeholder,90,s5_imp_11,S5,imperative,False,0,none,0
template_placeholder,90,s5_imp_12,S5,imperative,False,0,none,0
template_placeholder,90,s5_imp_13,S5,imperative,False,0,none,0
template_placeholder,90,s5_imp_14,S5,imperative,False,8,none,0
template_placeholder,90,s5_imp_15,S5,imperative,False,0,none,0
template_placeholder,90,s5_dec_01,S5,declarative,False,0,none,0
template_placeholder,90,s5_dec_02,S5,declarative,False,0,none,0
template_placeholder,90,s5_dec_03,S5,declarative,False,0,none,0
template_placeholder,90,s5_dec_04,S5,declarative,False,0,none,0
template_placeholder,90,s5_dec_05,S5,declarative,False,4,none,0
template_placeholder,90,s5_dec_06,S5,declarative,False,0,none,0
template_placeholder,90,s5_dec_07,S5,declarative,False,0,none,0
template_placeholder,90,s5_dec_08,S5,declarative,False,0,none,0
template_placeholder,90,s5_dec_09,S5,declarative,False,0,none,0
template_placeholder,90,s5_dec_10,S5,declarative,False,0,none,0
template_placeholder,90,s5_dec_11,S5,declarative,False,0,none,0
template_placeholder,90,s5_dec_12,S5,declarative,False,0,none,0
template_placeholder,90,s5_dec_13,S5,declarative,False,0,none,0
template_placeholder,90,s5_dec_14,S5,declarative,False,0,none,0
template_placeholder,90,s5_ind_01,S5,indirect,False,0,none,0
template_placeholder,90,s5_ind_02,S5,indirect,False,0,none,0
template_placeholder,90,s5_ind_03,S5,indirect,False,0,none,0
template_placeholder,90,s5_ind_04,S5,indirect,False,0,none,0
template_placeholder,90,s5_ind_05,S5,indirect,False,0,none,0
template_placeholder,90,s5_ind_06,S5,indirect,False,0,none,0
template_placeholder,90,s5_ind_07,S5,indirect,False,0,none,0
template_placeholder,90,s5_ind_08,S5,indirect,False,0,none,0
template_placeholder,90,s5_ind_09,S5,indirect,False,0,none,0
template_placeholder,90,s5_ind_10,S5,indirect,False,0,none,0
template_placeholder,90,s6_rp_01,S6,roleplay,False,4,none,0
template_placeholder,90,s6_rp_02,S6,roleplay,False,4,none,0
template_placeholder,90,s6_rp_03,S6,roleplay,False,4,none,0
template_placeholder,90,s6_rp_04,S6,roleplay,False,0,none,0
template_placeholder,90,s6_rp_05,S6,roleplay,False,8,none,0
template_placeholder,90,s6_rp_06,S6,roleplay,False,0,none,0
template_placeholder,90,s6_rp_07,S6,roleplay,False,0,none,0
template_placeholder,90,s6_rp_08,S6,roleplay,False,0,none,0
template_placeholder,90,s6_enc_01,S6,encoding,False,4,none,0
template_placeholder,90,s6_enc_02,S6,encoding,False,0,none,0
template_placeholder,90,s6_enc_03,S6,encoding,False,4,none,0
template_placeholder,90,s6_enc_04,S6,encoding,False,4,none,0
template_placeholder,90,safe_01,SAFE,benign,False,0,none,0
template_placeholder,90,safe_02,SAFE,benign,False,4,none,0
template_placeholder,90,safe_03,SAFE,benign,False,4,none,0
template_placeholder,90,safe_04,SAFE,benign,False,4,none,0
template_placeholder,90,safe_05,SAFE,benign,False,0,none,0
template_placeholder,90,safe_06,SAFE,benign,False,0,none,0
template_placeholder,90,safe_07,SAFE,benign,False,4,none,0
template_placeholder,90,safe_08,SAFE,benign,False,0,none,0
template_placeholder,90,safe_09,SAFE,benign,False,0,none,0
template_placeholder,90,safe_10,SAFE,benign,False,0,none,0
template_placeholder,90,safe_11,SAFE,benign,False,0,none,0
template_placeholder,90,safe_12,SAFE,benign,False,4,none,0
template_placeholder,90,safe_13,SAFE,benign,False,0,none,0
template_placeholder,90,safe_14,SAFE,benign,False,4,none,0
template_placeholder,90,safe_15,SAFE,benign,False,0,none,0
template_placeholder,90,safe_16,SAFE,benign,False,0,none,0
template_placeholder,90,safe_17,SAFE,benign,False,4,none,0
template_placeholder,90,safe_18,SAFE,benign,False,0,none,0
template_placeholder,90,safe_19,SAFE,benign,False,0,none,0
template_placeholder,90,safe_20,SAFE,benign,False,0,none,0
template_placeholder,90,hn_p_01,SAFE,legit_prompt,True,8,none,0
template_placeholder,90,hn_p_02,SAFE,legit_prompt,True,12,none,0
template_placeholder,90,hn_p_03,SAFE,legit_prompt,True,4,none,0
template_placeholder,90,hn_p_04,SAFE,legit_prompt,True,8,none,0
template_placeholder,90,hn_p_05,SAFE,legit_prompt,True,12,none,0
template_placeholder,90,hn_p_06,SAFE,legit_prompt,True,8,none,0
template_placeholder,90,hn_p_07,SAFE,legit_prompt,True,8,none,0
template_placeholder,90,hn_p_08,SAFE,legit_prompt,True,12,none,0
template_placeholder,90,hn_d_01,SAFE,security_doc,False,0,none,0
template_placeholder,90,hn_d_02,SAFE,security_doc,False,0,none,0
template_placeholder,90,hn_d_03,SAFE,security_doc,False,0,none,0
template_placeholder,90,hn_d_04,SAFE,security_doc,False,4,none,0
template_placeholder,90,hn_d_05,SAFE,security_doc,False,0,none,0
template_placeholder,90,hn_d_06,SAFE,security_doc,False,0,none,0
template_placeholder,90,hn_d_07,SAFE,security_doc,False,4,none,0
template_placeholder,90,hn_d_08,SAFE,security_doc,False,0,none,0
template_placeholder,90,hn_t_01,SAFE,benign_template,True,90,high,1
template_placeholder,90,hn_t_02,SAFE,benign_template,True,90,high,1
template_placeholder,90,hn_t_03,SAFE,benign_template,True,90,high,1
template_placeholder,90,hn_t_04,SAFE,benign_template,True,98,high,1
template_placeholder,100,s5_imp_01,S5,imperative,False,0,none,0
template_placeholder,100,s5_imp_02,S5,imperative,False,0,none,0
template_placeholder,100,s5_imp_03,S5,imperative,False,4,none,0
template_placeholder,100,s5_imp_04,S5,imperative,False,0,none,0
template_placeholder,100,s5_imp_05,S5,imperative,False,0,none,0
template_placeholder,100,s5_imp_06,S5,imperative,False,0,none,0
template_placeholder,100,s5_imp_07,S5,imperative,False,0,none,0
template_placeholder,100,s5_imp_08,S5,imperative,False,0,none,0
template_placeholder,100,s5_imp_09,S5,imperative,False,4,none,0
template_placeholder,100,s5_imp_10,S5,imperative,False,0,none,0
template_placeholder,100,s5_imp_11,S5,imperative,False,0,none,0
template_placeholder,100,s5_imp_12,S5,imperative,False,0,none,0
template_placeholder,100,s5_imp_13,S5,imperative,False,0,none,0
template_placeholder,100,s5_imp_14,S5,imperative,False,8,none,0
template_placeholder,100,s5_imp_15,S5,imperative,False,0,none,0
template_placeholder,100,s5_dec_01,S5,declarative,False,0,none,0
template_placeholder,100,s5_dec_02,S5,declarative,False,0,none,0
template_placeholder,100,s5_dec_03,S5,declarative,False,0,none,0
template_placeholder,100,s5_dec_04,S5,declarative,False,0,none,0
template_placeholder,100,s5_dec_05,S5,declarative,False,4,none,0
template_placeholder,100,s5_dec_06,S5,declarative,False,0,none,0
template_placeholder,100,s5_dec_07,S5,declarative,False,0,none,0
template_placeholder,100,s5_dec_08,S5,declarative,False,0,none,0
template_placeholder,100,s5_dec_09,S5,declarative,False,0,none,0
template_placeholder,100,s5_dec_10,S5,declarative,False,0,none,0
template_placeholder,100,s5_dec_11,S5,declarative,False,0,none,0
template_placeholder,100,s5_dec_12,S5,declarative,False,0,none,0
template_placeholder,100,s5_dec_13,S5,declarative,False,0,none,0
template_placeholder,100,s5_dec_14,S5,declarative,False,0,none,0
template_placeholder,100,s5_ind_01,S5,indirect,False,0,none,0
template_placeholder,100,s5_ind_02,S5,indirect,False,0,none,0
template_placeholder,100,s5_ind_03,S5,indirect,False,0,none,0
template_placeholder,100,s5_ind_04,S5,indirect,False,0,none,0
template_placeholder,100,s5_ind_05,S5,indirect,False,0,none,0
template_placeholder,100,s5_ind_06,S5,indirect,False,0,none,0
template_placeholder,100,s5_ind_07,S5,indirect,False,0,none,0
template_placeholder,100,s5_ind_08,S5,indirect,False,0,none,0
template_placeholder,100,s5_ind_09,S5,indirect,False,0,none,0
template_placeholder,100,s5_ind_10,S5,indirect,False,0,none,0
template_placeholder,100,s6_rp_01,S6,roleplay,False,4,none,0
template_placeholder,100,s6_rp_02,S6,roleplay,False,4,none,0
template_placeholder,100,s6_rp_03,S6,roleplay,False,4,none,0
template_placeholder,100,s6_rp_04,S6,roleplay,False,0,none,0
template_placeholder,100,s6_rp_05,S6,roleplay,False,8,none,0
template_placeholder,100,s6_rp_06,S6,roleplay,False,0,none,0
template_placeholder,100,s6_rp_07,S6,roleplay,False,0,none,0
template_placeholder,100,s6_rp_08,S6,roleplay,False,0,none,0
template_placeholder,100,s6_enc_01,S6,encoding,False,4,none,0
template_placeholder,100,s6_enc_02,S6,encoding,False,0,none,0
template_placeholder,100,s6_enc_03,S6,encoding,False,4,none,0
template_placeholder,100,s6_enc_04,S6,encoding,False,4,none,0
template_placeholder,100,safe_01,SAFE,benign,False,0,none,0
template_placeholder,100,safe_02,SAFE,benign,False,4,none,0
template_placeholder,100,safe_03,SAFE,benign,False,4,none,0
template_placeholder,100,safe_04,SAFE,benign,False,4,none,0
template_placeholder,100,safe_05,SAFE,benign,False,0,none,0
template_placeholder,100,safe_06,SAFE,benign,False,0,none,0
template_placeholder,100,safe_07,SAFE,benign,False,4,none,0
template_placeholder,100,safe_08,SAFE,benign,False,0,none,0
template_placeholder,100,safe_09,SAFE,benign,False,0,none,0
template_placeholder,100,safe_10,SAFE,benign,False,0,none,0
template_placeholder,100,safe_11,SAFE,benign,False,0,none,0
template_placeholder,100,safe_12,SAFE,benign,False,4,none,0
template_placeholder,100,safe_13,SAFE,benign,False,0,none,0
template_placeholder,100,safe_14,SAFE,benign,False,4,none,0
template_placeholder,100,safe_15,SAFE,benign,False,0,none,0
template_placeholder,100,safe_16,SAFE,benign,False,0,none,0
template_placeholder,100,safe_17,SAFE,benign,False,4,none,0
template_placeholder,100,safe_18,SAFE,benign,False,0,none,0
template_placeholder,100,safe_19,SAFE,benign,False,0,none,0
template_placeholder,100,safe_20,SAFE,benign,False,0,none,0
template_placeholder,100,hn_p_01,SAFE,legit_prompt,True,8,none,0
template_placeholder,100,hn_p_02,SAFE,legit_prompt,True,12,none,0
template_placeholder,100,hn_p_03,SAFE,legit_prompt,True,4,none,0
template_placeholder,100,hn_p_04,SAFE,legit_prompt,True,8,none,0
template_placeholder,100,hn_p_05,SAFE,legit_prompt,True,12,none,0
template_placeholder,100,hn_p_06,SAFE,legit_prompt,True,8,none,0
template_placeholder,100,hn_p_07,SAFE,legit_prompt,True,8,none,0
template_placeholder,100,hn_p_08,SAFE,legit_prompt,True,12,none,0
template_placeholder,100,hn_d_01,SAFE,security_doc,False,0,none,0
template_placeholder,100,hn_d_02,SAFE,security_doc,False,0,none,0
template_placeholder,100,hn_d_03,SAFE,security_doc,False,0,none,0
template_placeholder,100,hn_d_04,SAFE,security_doc,False,4,none,0
template_placeholder,100,hn_d_05,SAFE,security_doc,False,0,none,0
template_placeholder,100,hn_d_06,SAFE,security_doc,False,0,none,0
template_placeholder,100,hn_d_07,SAFE,security_doc,False,4,none,0
template_placeholder,100,hn_d_08,SAFE,security_doc,False,0,none,0
template_placeholder,100,hn_t_01,SAFE,benign_template,True,100,high,1
template_placeholder,100,hn_t_02,SAFE,benign_template,True,100,high,1
template_placeholder,100,hn_t_03,SAFE,benign_template,True,100,high,1
template_placeholder,100,hn_t_04,SAFE,benign_template,True,100,high,1
few_shot_markers,0,s5_imp_01,S5,imperative,False,0,none,0
few_shot_markers,0,s5_imp_02,S5,imperative,False,0,none,0
few_shot_markers,0,s5_imp_03,S5,imperative,False,4,none,0
few_shot_markers,0,s5_imp_04,S5,imperative,False,0,none,0
few_shot_markers,0,s5_imp_05,S5,imperative,False,0,none,0
few_shot_markers,0,s5_imp_06,S5,imperative,False,0,none,0
few_shot_markers,0,s5_imp_07,S5,imperative,False,0,none,0
few_shot_markers,0,s5_imp_08,S5,imperative,False,0,none,0
few_shot_markers,0,s5_imp_09,S5,imperative,False,4,none,0
few_shot_markers,0,s5_imp_10,S5,imperative,False,0,none,0
few_shot_markers,0,s5_imp_11,S5,imperative,False,0,none,0
few_shot_markers,0,s5_imp_12,S5,imperative,False,0,none,0
few_shot_markers,0,s5_imp_13,S5,imperative,False,0,none,0
few_shot_markers,0,s5_imp_14,S5,imperative,False,8,none,0
few_shot_markers,0,s5_imp_15,S5,imperative,False,0,none,0
few_shot_markers,0,s5_dec_01,S5,declarative,False,0,none,0
few_shot_markers,0,s5_dec_02,S5,declarative,False,0,none,0
few_shot_markers,0,s5_dec_03,S5,declarative,False,0,none,0
few_shot_markers,0,s5_dec_04,S5,declarative,False,0,none,0
few_shot_markers,0,s5_dec_05,S5,declarative,False,4,none,0
few_shot_markers,0,s5_dec_06,S5,declarative,False,0,none,0
few_shot_markers,0,s5_dec_07,S5,declarative,False,0,none,0
few_shot_markers,0,s5_dec_08,S5,declarative,False,0,none,0
few_shot_markers,0,s5_dec_09,S5,declarative,False,0,none,0
few_shot_markers,0,s5_dec_10,S5,declarative,False,0,none,0
few_shot_markers,0,s5_dec_11,S5,declarative,False,0,none,0
few_shot_markers,0,s5_dec_12,S5,declarative,False,0,none,0
few_shot_markers,0,s5_dec_13,S5,declarative,False,0,none,0
few_shot_markers,0,s5_dec_14,S5,declarative,False,0,none,0
few_shot_markers,0,s5_ind_01,S5,indirect,False,0,none,0
few_shot_markers,0,s5_ind_02,S5,indirect,False,0,none,0
few_shot_markers,0,s5_ind_03,S5,indirect,False,0,none,0
few_shot_markers,0,s5_ind_04,S5,indirect,False,0,none,0
few_shot_markers,0,s5_ind_05,S5,indirect,False,0,none,0
few_shot_markers,0,s5_ind_06,S5,indirect,False,0,none,0
few_shot_markers,0,s5_ind_07,S5,indirect,False,0,none,0
few_shot_markers,0,s5_ind_08,S5,indirect,False,0,none,0
few_shot_markers,0,s5_ind_09,S5,indirect,False,0,none,0
few_shot_markers,0,s5_ind_10,S5,indirect,False,0,none,0
few_shot_markers,0,s6_rp_01,S6,roleplay,False,4,none,0
few_shot_markers,0,s6_rp_02,S6,roleplay,False,4,none,0
few_shot_markers,0,s6_rp_03,S6,roleplay,False,4,none,0
few_shot_markers,0,s6_rp_04,S6,roleplay,False,0,none,0
few_shot_markers,0,s6_rp_05,S6,roleplay,False,8,none,0
few_shot_markers,0,s6_rp_06,S6,roleplay,False,0,none,0
few_shot_markers,0,s6_rp_07,S6,roleplay,False,0,none,0
few_shot_markers,0,s6_rp_08,S6,roleplay,False,0,none,0
few_shot_markers,0,s6_enc_01,S6,encoding,False,4,none,0
few_shot_markers,0,s6_enc_02,S6,encoding,False,0,none,0
few_shot_markers,0,s6_enc_03,S6,encoding,False,4,none,0
few_shot_markers,0,s6_enc_04,S6,encoding,False,4,none,0
few_shot_markers,0,safe_01,SAFE,benign,False,0,none,0
few_shot_markers,0,safe_02,SAFE,benign,False,4,none,0
few_shot_markers,0,safe_03,SAFE,benign,False,4,none,0
few_shot_markers,0,safe_04,SAFE,benign,False,4,none,0
few_shot_markers,0,safe_05,SAFE,benign,False,0,none,0
few_shot_markers,0,safe_06,SAFE,benign,False,0,none,0
few_shot_markers,0,safe_07,SAFE,benign,False,4,none,0
few_shot_markers,0,safe_08,SAFE,benign,False,0,none,0
few_shot_markers,0,safe_09,SAFE,benign,False,0,none,0
few_shot_markers,0,safe_10,SAFE,benign,False,0,none,0
few_shot_markers,0,safe_11,SAFE,benign,False,0,none,0
few_shot_markers,0,safe_12,SAFE,benign,False,4,none,0
few_shot_markers,0,safe_13,SAFE,benign,False,0,none,0
few_shot_markers,0,safe_14,SAFE,benign,False,4,none,0
few_shot_markers,0,safe_15,SAFE,benign,False,0,none,0
few_shot_markers,0,safe_16,SAFE,benign,False,0,none,0
few_shot_markers,0,safe_17,SAFE,benign,False,4,none,0
few_shot_markers,0,safe_18,SAFE,benign,False,0,none,0
few_shot_markers,0,safe_19,SAFE,benign,False,0,none,0
few_shot_markers,0,safe_20,SAFE,benign,False,0,none,0
few_shot_markers,0,hn_p_01,SAFE,legit_prompt,True,8,none,0
few_shot_markers,0,hn_p_02,SAFE,legit_prompt,True,12,none,0
few_shot_markers,0,hn_p_03,SAFE,legit_prompt,True,4,none,0
few_shot_markers,0,hn_p_04,SAFE,legit_prompt,True,8,none,0
few_shot_markers,0,hn_p_05,SAFE,legit_prompt,True,12,none,0
few_shot_markers,0,hn_p_06,SAFE,legit_prompt,True,8,none,0
few_shot_markers,0,hn_p_07,SAFE,legit_prompt,True,8,none,0
few_shot_markers,0,hn_p_08,SAFE,legit_prompt,True,12,none,0
few_shot_markers,0,hn_d_01,SAFE,security_doc,False,0,none,0
few_shot_markers,0,hn_d_02,SAFE,security_doc,False,0,none,0
few_shot_markers,0,hn_d_03,SAFE,security_doc,False,0,none,0
few_shot_markers,0,hn_d_04,SAFE,security_doc,False,4,none,0
few_shot_markers,0,hn_d_05,SAFE,security_doc,False,0,none,0
few_shot_markers,0,hn_d_06,SAFE,security_doc,False,0,none,0
few_shot_markers,0,hn_d_07,SAFE,security_doc,False,4,none,0
few_shot_markers,0,hn_d_08,SAFE,security_doc,False,0,none,0
few_shot_markers,0,hn_t_01,SAFE,benign_template,True,6,none,0
few_shot_markers,0,hn_t_02,SAFE,benign_template,True,6,none,0
few_shot_markers,0,hn_t_03,SAFE,benign_template,True,6,none,0
few_shot_markers,0,hn_t_04,SAFE,benign_template,True,14,none,0
few_shot_markers,5,s5_imp_01,S5,imperative,False,0,none,0
few_shot_markers,5,s5_imp_02,S5,imperative,False,0,none,0
few_shot_markers,5,s5_imp_03,S5,imperative,False,4,none,0
few_shot_markers,5,s5_imp_04,S5,imperative,False,0,none,0
few_shot_markers,5,s5_imp_05,S5,imperative,False,0,none,0
few_shot_markers,5,s5_imp_06,S5,imperative,False,0,none,0
few_shot_markers,5,s5_imp_07,S5,imperative,False,0,none,0
few_shot_markers,5,s5_imp_08,S5,imperative,False,0,none,0
few_shot_markers,5,s5_imp_09,S5,imperative,False,4,none,0
few_shot_markers,5,s5_imp_10,S5,imperative,False,0,none,0
few_shot_markers,5,s5_imp_11,S5,imperative,False,0,none,0
few_shot_markers,5,s5_imp_12,S5,imperative,False,0,none,0
few_shot_markers,5,s5_imp_13,S5,imperative,False,0,none,0
few_shot_markers,5,s5_imp_14,S5,imperative,False,8,none,0
few_shot_markers,5,s5_imp_15,S5,imperative,False,0,none,0
few_shot_markers,5,s5_dec_01,S5,declarative,False,0,none,0
few_shot_markers,5,s5_dec_02,S5,declarative,False,0,none,0
few_shot_markers,5,s5_dec_03,S5,declarative,False,0,none,0
few_shot_markers,5,s5_dec_04,S5,declarative,False,0,none,0
few_shot_markers,5,s5_dec_05,S5,declarative,False,4,none,0
few_shot_markers,5,s5_dec_06,S5,declarative,False,0,none,0
few_shot_markers,5,s5_dec_07,S5,declarative,False,0,none,0
few_shot_markers,5,s5_dec_08,S5,declarative,False,0,none,0
few_shot_markers,5,s5_dec_09,S5,declarative,False,0,none,0
few_shot_markers,5,s5_dec_10,S5,declarative,False,0,none,0
few_shot_markers,5,s5_dec_11,S5,declarative,False,0,none,0
few_shot_markers,5,s5_dec_12,S5,declarative,False,0,none,0
few_shot_markers,5,s5_dec_13,S5,declarative,False,0,none,0
few_shot_markers,5,s5_dec_14,S5,declarative,False,0,none,0
few_shot_markers,5,s5_ind_01,S5,indirect,False,0,none,0
few_shot_markers,5,s5_ind_02,S5,indirect,False,0,none,0
few_shot_markers,5,s5_ind_03,S5,indirect,False,0,none,0
few_shot_markers,5,s5_ind_04,S5,indirect,False,0,none,0
few_shot_markers,5,s5_ind_05,S5,indirect,False,0,none,0
few_shot_markers,5,s5_ind_06,S5,indirect,False,0,none,0
few_shot_markers,5,s5_ind_07,S5,indirect,False,0,none,0
few_shot_markers,5,s5_ind_08,S5,indirect,False,0,none,0
few_shot_markers,5,s5_ind_09,S5,indirect,False,0,none,0
few_shot_markers,5,s5_ind_10,S5,indirect,False,0,none,0
few_shot_markers,5,s6_rp_01,S6,roleplay,False,4,none,0
few_shot_markers,5,s6_rp_02,S6,roleplay,False,4,none,0
few_shot_markers,5,s6_rp_03,S6,roleplay,False,4,none,0
few_shot_markers,5,s6_rp_04,S6,roleplay,False,0,none,0
few_shot_markers,5,s6_rp_05,S6,roleplay,False,8,none,0
few_shot_markers,5,s6_rp_06,S6,roleplay,False,0,none,0
few_shot_markers,5,s6_rp_07,S6,roleplay,False,0,none,0
few_shot_markers,5,s6_rp_08,S6,roleplay,False,0,none,0
few_shot_markers,5,s6_enc_01,S6,encoding,False,4,none,0
few_shot_markers,5,s6_enc_02,S6,encoding,False,0,none,0
few_shot_markers,5,s6_enc_03,S6,encoding,False,4,none,0
few_shot_markers,5,s6_enc_04,S6,encoding,False,4,none,0
few_shot_markers,5,safe_01,SAFE,benign,False,0,none,0
few_shot_markers,5,safe_02,SAFE,benign,False,4,none,0
few_shot_markers,5,safe_03,SAFE,benign,False,4,none,0
few_shot_markers,5,safe_04,SAFE,benign,False,4,none,0
few_shot_markers,5,safe_05,SAFE,benign,False,0,none,0
few_shot_markers,5,safe_06,SAFE,benign,False,0,none,0
few_shot_markers,5,safe_07,SAFE,benign,False,4,none,0
few_shot_markers,5,safe_08,SAFE,benign,False,0,none,0
few_shot_markers,5,safe_09,SAFE,benign,False,0,none,0
few_shot_markers,5,safe_10,SAFE,benign,False,0,none,0
few_shot_markers,5,safe_11,SAFE,benign,False,0,none,0
few_shot_markers,5,safe_12,SAFE,benign,False,4,none,0
few_shot_markers,5,safe_13,SAFE,benign,False,0,none,0
few_shot_markers,5,safe_14,SAFE,benign,False,4,none,0
few_shot_markers,5,safe_15,SAFE,benign,False,0,none,0
few_shot_markers,5,safe_16,SAFE,benign,False,0,none,0
few_shot_markers,5,safe_17,SAFE,benign,False,4,none,0
few_shot_markers,5,safe_18,SAFE,benign,False,0,none,0
few_shot_markers,5,safe_19,SAFE,benign,False,0,none,0
few_shot_markers,5,safe_20,SAFE,benign,False,0,none,0
few_shot_markers,5,hn_p_01,SAFE,legit_prompt,True,8,none,0
few_shot_markers,5,hn_p_02,SAFE,legit_prompt,True,12,none,0
few_shot_markers,5,hn_p_03,SAFE,legit_prompt,True,4,none,0
few_shot_markers,5,hn_p_04,SAFE,legit_prompt,True,8,none,0
few_shot_markers,5,hn_p_05,SAFE,legit_prompt,True,12,none,0
few_shot_markers,5,hn_p_06,SAFE,legit_prompt,True,8,none,0
few_shot_markers,5,hn_p_07,SAFE,legit_prompt,True,8,none,0
few_shot_markers,5,hn_p_08,SAFE,legit_prompt,True,12,none,0
few_shot_markers,5,hn_d_01,SAFE,security_doc,False,0,none,0
few_shot_markers,5,hn_d_02,SAFE,security_doc,False,0,none,0
few_shot_markers,5,hn_d_03,SAFE,security_doc,False,0,none,0
few_shot_markers,5,hn_d_04,SAFE,security_doc,False,4,none,0
few_shot_markers,5,hn_d_05,SAFE,security_doc,False,0,none,0
few_shot_markers,5,hn_d_06,SAFE,security_doc,False,0,none,0
few_shot_markers,5,hn_d_07,SAFE,security_doc,False,4,none,0
few_shot_markers,5,hn_d_08,SAFE,security_doc,False,0,none,0
few_shot_markers,5,hn_t_01,SAFE,benign_template,True,6,none,0
few_shot_markers,5,hn_t_02,SAFE,benign_template,True,6,none,0
few_shot_markers,5,hn_t_03,SAFE,benign_template,True,6,none,0
few_shot_markers,5,hn_t_04,SAFE,benign_template,True,14,none,0
few_shot_markers,10,s5_imp_01,S5,imperative,False,0,none,0
few_shot_markers,10,s5_imp_02,S5,imperative,False,0,none,0
few_shot_markers,10,s5_imp_03,S5,imperative,False,4,none,0
few_shot_markers,10,s5_imp_04,S5,imperative,False,0,none,0
few_shot_markers,10,s5_imp_05,S5,imperative,False,0,none,0
few_shot_markers,10,s5_imp_06,S5,imperative,False,0,none,0
few_shot_markers,10,s5_imp_07,S5,imperative,False,0,none,0
few_shot_markers,10,s5_imp_08,S5,imperative,False,0,none,0
few_shot_markers,10,s5_imp_09,S5,imperative,False,4,none,0
few_shot_markers,10,s5_imp_10,S5,imperative,False,0,none,0
few_shot_markers,10,s5_imp_11,S5,imperative,False,0,none,0
few_shot_markers,10,s5_imp_12,S5,imperative,False,0,none,0
few_shot_markers,10,s5_imp_13,S5,imperative,False,0,none,0
few_shot_markers,10,s5_imp_14,S5,imperative,False,8,none,0
few_shot_markers,10,s5_imp_15,S5,imperative,False,0,none,0
few_shot_markers,10,s5_dec_01,S5,declarative,False,0,none,0
few_shot_markers,10,s5_dec_02,S5,declarative,False,0,none,0
few_shot_markers,10,s5_dec_03,S5,declarative,False,0,none,0
few_shot_markers,10,s5_dec_04,S5,declarative,False,0,none,0
few_shot_markers,10,s5_dec_05,S5,declarative,False,4,none,0
few_shot_markers,10,s5_dec_06,S5,declarative,False,0,none,0
few_shot_markers,10,s5_dec_07,S5,declarative,False,0,none,0
few_shot_markers,10,s5_dec_08,S5,declarative,False,0,none,0
few_shot_markers,10,s5_dec_09,S5,declarative,False,0,none,0
few_shot_markers,10,s5_dec_10,S5,declarative,False,0,none,0
few_shot_markers,10,s5_dec_11,S5,declarative,False,0,none,0
few_shot_markers,10,s5_dec_12,S5,declarative,False,0,none,0
few_shot_markers,10,s5_dec_13,S5,declarative,False,0,none,0
few_shot_markers,10,s5_dec_14,S5,declarative,False,0,none,0
few_shot_markers,10,s5_ind_01,S5,indirect,False,0,none,0
few_shot_markers,10,s5_ind_02,S5,indirect,False,0,none,0
few_shot_markers,10,s5_ind_03,S5,indirect,False,0,none,0
few_shot_markers,10,s5_ind_04,S5,indirect,False,0,none,0
few_shot_markers,10,s5_ind_05,S5,indirect,False,0,none,0
few_shot_markers,10,s5_ind_06,S5,indirect,False,0,none,0
few_shot_markers,10,s5_ind_07,S5,indirect,False,0,none,0
few_shot_markers,10,s5_ind_08,S5,indirect,False,0,none,0
few_shot_markers,10,s5_ind_09,S5,indirect,False,0,none,0
few_shot_markers,10,s5_ind_10,S5,indirect,False,0,none,0
few_shot_markers,10,s6_rp_01,S6,roleplay,False,4,none,0
few_shot_markers,10,s6_rp_02,S6,roleplay,False,4,none,0
few_shot_markers,10,s6_rp_03,S6,roleplay,False,4,none,0
few_shot_markers,10,s6_rp_04,S6,roleplay,False,0,none,0
few_shot_markers,10,s6_rp_05,S6,roleplay,False,8,none,0
few_shot_markers,10,s6_rp_06,S6,roleplay,False,0,none,0
few_shot_markers,10,s6_rp_07,S6,roleplay,False,0,none,0
few_shot_markers,10,s6_rp_08,S6,roleplay,False,0,none,0
few_shot_markers,10,s6_enc_01,S6,encoding,False,4,none,0
few_shot_markers,10,s6_enc_02,S6,encoding,False,0,none,0
few_shot_markers,10,s6_enc_03,S6,encoding,False,4,none,0
few_shot_markers,10,s6_enc_04,S6,encoding,False,4,none,0
few_shot_markers,10,safe_01,SAFE,benign,False,0,none,0
few_shot_markers,10,safe_02,SAFE,benign,False,4,none,0
few_shot_markers,10,safe_03,SAFE,benign,False,4,none,0
few_shot_markers,10,safe_04,SAFE,benign,False,4,none,0
few_shot_markers,10,safe_05,SAFE,benign,False,0,none,0
few_shot_markers,10,safe_06,SAFE,benign,False,0,none,0
few_shot_markers,10,safe_07,SAFE,benign,False,4,none,0
few_shot_markers,10,safe_08,SAFE,benign,False,0,none,0
few_shot_markers,10,safe_09,SAFE,benign,False,0,none,0
few_shot_markers,10,safe_10,SAFE,benign,False,0,none,0
few_shot_markers,10,safe_11,SAFE,benign,False,0,none,0
few_shot_markers,10,safe_12,SAFE,benign,False,4,none,0
few_shot_markers,10,safe_13,SAFE,benign,False,0,none,0
few_shot_markers,10,safe_14,SAFE,benign,False,4,none,0
few_shot_markers,10,safe_15,SAFE,benign,False,0,none,0
few_shot_markers,10,safe_16,SAFE,benign,False,0,none,0
few_shot_markers,10,safe_17,SAFE,benign,False,4,none,0
few_shot_markers,10,safe_18,SAFE,benign,False,0,none,0
few_shot_markers,10,safe_19,SAFE,benign,False,0,none,0
few_shot_markers,10,safe_20,SAFE,benign,False,0,none,0
few_shot_markers,10,hn_p_01,SAFE,legit_prompt,True,8,none,0
few_shot_markers,10,hn_p_02,SAFE,legit_prompt,True,12,none,0
few_shot_markers,10,hn_p_03,SAFE,legit_prompt,True,4,none,0
few_shot_markers,10,hn_p_04,SAFE,legit_prompt,True,8,none,0
few_shot_markers,10,hn_p_05,SAFE,legit_prompt,True,12,none,0
few_shot_markers,10,hn_p_06,SAFE,legit_prompt,True,8,none,0
few_shot_markers,10,hn_p_07,SAFE,legit_prompt,True,8,none,0
few_shot_markers,10,hn_p_08,SAFE,legit_prompt,True,12,none,0
few_shot_markers,10,hn_d_01,SAFE,security_doc,False,0,none,0
few_shot_markers,10,hn_d_02,SAFE,security_doc,False,0,none,0
few_shot_markers,10,hn_d_03,SAFE,security_doc,False,0,none,0
few_shot_markers,10,hn_d_04,SAFE,security_doc,False,4,none,0
few_shot_markers,10,hn_d_05,SAFE,security_doc,False,0,none,0
few_shot_markers,10,hn_d_06,SAFE,security_doc,False,0,none,0
few_shot_markers,10,hn_d_07,SAFE,security_doc,False,4,none,0
few_shot_markers,10,hn_d_08,SAFE,security_doc,False,0,none,0
few_shot_markers,10,hn_t_01,SAFE,benign_template,True,6,none,0
few_shot_markers,10,hn_t_02,SAFE,benign_template,True,6,none,0
few_shot_markers,10,hn_t_03,SAFE,benign_template,True,6,none,0
few_shot_markers,10,hn_t_04,SAFE,benign_template,True,14,none,0
few_shot_markers,15,s5_imp_01,S5,imperative,False,0,none,0
few_shot_markers,15,s5_imp_02,S5,imperative,False,0,none,0
few_shot_markers,15,s5_imp_03,S5,imperative,False,4,none,0
few_shot_markers,15,s5_imp_04,S5,imperative,False,0,none,0
few_shot_markers,15,s5_imp_05,S5,imperative,False,0,none,0
few_shot_markers,15,s5_imp_06,S5,imperative,False,0,none,0
few_shot_markers,15,s5_imp_07,S5,imperative,False,0,none,0
few_shot_markers,15,s5_imp_08,S5,imperative,False,0,none,0
few_shot_markers,15,s5_imp_09,S5,imperative,False,4,none,0
few_shot_markers,15,s5_imp_10,S5,imperative,False,0,none,0
few_shot_markers,15,s5_imp_11,S5,imperative,False,0,none,0
few_shot_markers,15,s5_imp_12,S5,imperative,False,0,none,0
few_shot_markers,15,s5_imp_13,S5,imperative,False,0,none,0
few_shot_markers,15,s5_imp_14,S5,imperative,False,8,none,0
few_shot_markers,15,s5_imp_15,S5,imperative,False,0,none,0
few_shot_markers,15,s5_dec_01,S5,declarative,False,0,none,0
few_shot_markers,15,s5_dec_02,S5,declarative,False,0,none,0
few_shot_markers,15,s5_dec_03,S5,declarative,False,0,none,0
few_shot_markers,15,s5_dec_04,S5,declarative,False,0,none,0
few_shot_markers,15,s5_dec_05,S5,declarative,False,4,none,0
few_shot_markers,15,s5_dec_06,S5,declarative,False,0,none,0
few_shot_markers,15,s5_dec_07,S5,declarative,False,0,none,0
few_shot_markers,15,s5_dec_08,S5,declarative,False,0,none,0
few_shot_markers,15,s5_dec_09,S5,declarative,False,0,none,0
few_shot_markers,15,s5_dec_10,S5,declarative,False,0,none,0
few_shot_markers,15,s5_dec_11,S5,declarative,False,0,none,0
few_shot_markers,15,s5_dec_12,S5,declarative,False,0,none,0
few_shot_markers,15,s5_dec_13,S5,declarative,False,0,none,0
few_shot_markers,15,s5_dec_14,S5,declarative,False,0,none,0
few_shot_markers,15,s5_ind_01,S5,indirect,False,0,none,0
few_shot_markers,15,s5_ind_02,S5,indirect,False,0,none,0
few_shot_markers,15,s5_ind_03,S5,indirect,False,0,none,0
few_shot_markers,15,s5_ind_04,S5,indirect,False,0,none,0
few_shot_markers,15,s5_ind_05,S5,indirect,False,0,none,0
few_shot_markers,15,s5_ind_06,S5,indirect,False,0,none,0
few_shot_markers,15,s5_ind_07,S5,indirect,False,0,none,0
few_shot_markers,15,s5_ind_08,S5,indirect,False,0,none,0
few_shot_markers,15,s5_ind_09,S5,indirect,False,0,none,0
few_shot_markers,15,s5_ind_10,S5,indirect,False,0,none,0
few_shot_markers,15,s6_rp_01,S6,roleplay,False,4,none,0
few_shot_markers,15,s6_rp_02,S6,roleplay,False,4,none,0
few_shot_markers,15,s6_rp_03,S6,roleplay,False,4,none,0
few_shot_markers,15,s6_rp_04,S6,roleplay,False,0,none,0
few_shot_markers,15,s6_rp_05,S6,roleplay,False,8,none,0
few_shot_markers,15,s6_rp_06,S6,roleplay,False,0,none,0
few_shot_markers,15,s6_rp_07,S6,roleplay,False,0,none,0
few_shot_markers,15,s6_rp_08,S6,roleplay,False,0,none,0
few_shot_markers,15,s6_enc_01,S6,encoding,False,4,none,0
few_shot_markers,15,s6_enc_02,S6,encoding,False,0,none,0
few_shot_markers,15,s6_enc_03,S6,encoding,False,4,none,0
few_shot_markers,15,s6_enc_04,S6,encoding,False,4,none,0
few_shot_markers,15,safe_01,SAFE,benign,False,0,none,0
few_shot_markers,15,safe_02,SAFE,benign,False,4,none,0
few_shot_markers,15,safe_03,SAFE,benign,False,4,none,0
few_shot_markers,15,safe_04,SAFE,benign,False,4,none,0
few_shot_markers,15,safe_05,SAFE,benign,False,0,none,0
few_shot_markers,15,safe_06,SAFE,benign,False,0,none,0
few_shot_markers,15,safe_07,SAFE,benign,False,4,none,0
few_shot_markers,15,safe_08,SAFE,benign,False,0,none,0
few_shot_markers,15,safe_09,SAFE,benign,False,0,none,0
few_shot_markers,15,safe_10,SAFE,benign,False,0,none,0
few_shot_markers,15,safe_11,SAFE,benign,False,0,none,0
few_shot_markers,15,safe_12,SAFE,benign,False,4,none,0
few_shot_markers,15,safe_13,SAFE,benign,False,0,none,0
few_shot_markers,15,safe_14,SAFE,benign,False,4,none,0
few_shot_markers,15,safe_15,SAFE,benign,False,0,none,0
few_shot_markers,15,safe_16,SAFE,benign,False,0,none,0
few_shot_markers,15,safe_17,SAFE,benign,False,4,none,0
few_shot_markers,15,safe_18,SAFE,benign,False,0,none,0
few_shot_markers,15,safe_19,SAFE,benign,False,0,none,0
few_shot_markers,15,safe_20,SAFE,benign,False,0,none,0
few_shot_markers,15,hn_p_01,SAFE,legit_prompt,True,8,none,0
few_shot_markers,15,hn_p_02,SAFE,legit_prompt,True,12,none,0
few_shot_markers,15,hn_p_03,SAFE,legit_prompt,True,4,none,0
few_shot_markers,15,hn_p_04,SAFE,legit_prompt,True,8,none,0
few_shot_markers,15,hn_p_05,SAFE,legit_prompt,True,12,none,0
few_shot_markers,15,hn_p_06,SAFE,legit_prompt,True,8,none,0
few_shot_markers,15,hn_p_07,SAFE,legit_prompt,True,8,none,0
few_shot_markers,15,hn_p_08,SAFE,legit_prompt,True,12,none,0
few_shot_markers,15,hn_d_01,SAFE,security_doc,False,0,none,0
few_shot_markers,15,hn_d_02,SAFE,security_doc,False,0,none,0
few_shot_markers,15,hn_d_03,SAFE,security_doc,False,0,none,0
few_shot_markers,15,hn_d_04,SAFE,security_doc,False,4,none,0
few_shot_markers,15,hn_d_05,SAFE,security_doc,False,0,none,0
few_shot_markers,15,hn_d_06,SAFE,security_doc,False,0,none,0
few_shot_markers,15,hn_d_07,SAFE,security_doc,False,4,none,0
few_shot_markers,15,hn_d_08,SAFE,security_doc,False,0,none,0
few_shot_markers,15,hn_t_01,SAFE,benign_template,True,6,none,0
few_shot_markers,15,hn_t_02,SAFE,benign_template,True,6,none,0
few_shot_markers,15,hn_t_03,SAFE,benign_template,True,6,none,0
few_shot_markers,15,hn_t_04,SAFE,benign_template,True,14,none,0
few_shot_markers,20,s5_imp_01,S5,imperative,False,0,none,0
few_shot_markers,20,s5_imp_02,S5,imperative,False,0,none,0
few_shot_markers,20,s5_imp_03,S5,imperative,False,4,none,0
few_shot_markers,20,s5_imp_04,S5,imperative,False,0,none,0
few_shot_markers,20,s5_imp_05,S5,imperative,False,0,none,0
few_shot_markers,20,s5_imp_06,S5,imperative,False,0,none,0
few_shot_markers,20,s5_imp_07,S5,imperative,False,0,none,0
few_shot_markers,20,s5_imp_08,S5,imperative,False,0,none,0
few_shot_markers,20,s5_imp_09,S5,imperative,False,4,none,0
few_shot_markers,20,s5_imp_10,S5,imperative,False,0,none,0
few_shot_markers,20,s5_imp_11,S5,imperative,False,0,none,0
few_shot_markers,20,s5_imp_12,S5,imperative,False,0,none,0
few_shot_markers,20,s5_imp_13,S5,imperative,False,0,none,0
few_shot_markers,20,s5_imp_14,S5,imperative,False,8,none,0
few_shot_markers,20,s5_imp_15,S5,imperative,False,0,none,0
few_shot_markers,20,s5_dec_01,S5,declarative,False,0,none,0
few_shot_markers,20,s5_dec_02,S5,declarative,False,0,none,0
few_shot_markers,20,s5_dec_03,S5,declarative,False,0,none,0
few_shot_markers,20,s5_dec_04,S5,declarative,False,0,none,0
few_shot_markers,20,s5_dec_05,S5,declarative,False,4,none,0
few_shot_markers,20,s5_dec_06,S5,declarative,False,0,none,0
few_shot_markers,20,s5_dec_07,S5,declarative,False,0,none,0
few_shot_markers,20,s5_dec_08,S5,declarative,False,0,none,0
few_shot_markers,20,s5_dec_09,S5,declarative,False,0,none,0
few_shot_markers,20,s5_dec_10,S5,declarative,False,0,none,0
few_shot_markers,20,s5_dec_11,S5,declarative,False,0,none,0
few_shot_markers,20,s5_dec_12,S5,declarative,False,0,none,0
few_shot_markers,20,s5_dec_13,S5,declarative,False,0,none,0
few_shot_markers,20,s5_dec_14,S5,declarative,False,0,none,0
few_shot_markers,20,s5_ind_01,S5,indirect,False,0,none,0
few_shot_markers,20,s5_ind_02,S5,indirect,False,0,none,0
few_shot_markers,20,s5_ind_03,S5,indirect,False,0,none,0
few_shot_markers,20,s5_ind_04,S5,indirect,False,0,none,0
few_shot_markers,20,s5_ind_05,S5,indirect,False,0,none,0
few_shot_markers,20,s5_ind_06,S5,indirect,False,0,none,0
few_shot_markers,20,s5_ind_07,S5,indirect,False,0,none,0
few_shot_markers,20,s5_ind_08,S5,indirect,False,0,none,0
few_shot_markers,20,s5_ind_09,S5,indirect,False,0,none,0
few_shot_markers,20,s5_ind_10,S5,indirect,False,0,none,0
few_shot_markers,20,s6_rp_01,S6,roleplay,False,4,none,0
few_shot_markers,20,s6_rp_02,S6,roleplay,False,4,none,0
few_shot_markers,20,s6_rp_03,S6,roleplay,False,4,none,0
few_shot_markers,20,s6_rp_04,S6,roleplay,False,0,none,0
few_shot_markers,20,s6_rp_05,S6,roleplay,False,8,none,0
few_shot_markers,20,s6_rp_06,S6,roleplay,False,0,none,0
few_shot_markers,20,s6_rp_07,S6,roleplay,False,0,none,0
few_shot_markers,20,s6_rp_08,S6,roleplay,False,0,none,0
few_shot_markers,20,s6_enc_01,S6,encoding,False,4,none,0
few_shot_markers,20,s6_enc_02,S6,encoding,False,0,none,0
few_shot_markers,20,s6_enc_03,S6,encoding,False,4,none,0
few_shot_markers,20,s6_enc_04,S6,encoding,False,4,none,0
few_shot_markers,20,safe_01,SAFE,benign,False,0,none,0
few_shot_markers,20,safe_02,SAFE,benign,False,4,none,0
few_shot_markers,20,safe_03,SAFE,benign,False,4,none,0
few_shot_markers,20,safe_04,SAFE,benign,False,4,none,0
few_shot_markers,20,safe_05,SAFE,benign,False,0,none,0
few_shot_markers,20,safe_06,SAFE,benign,False,0,none,0
few_shot_markers,20,safe_07,SAFE,benign,False,4,none,0
few_shot_markers,20,safe_08,SAFE,benign,False,0,none,0
few_shot_markers,20,safe_09,SAFE,benign,False,0,none,0
few_shot_markers,20,safe_10,SAFE,benign,False,0,none,0
few_shot_markers,20,safe_11,SAFE,benign,False,0,none,0
few_shot_markers,20,safe_12,SAFE,benign,False,4,none,0
few_shot_markers,20,safe_13,SAFE,benign,False,0,none,0
few_shot_markers,20,safe_14,SAFE,benign,False,4,none,0
few_shot_markers,20,safe_15,SAFE,benign,False,0,none,0
few_shot_markers,20,safe_16,SAFE,benign,False,0,none,0
few_shot_markers,20,safe_17,SAFE,benign,False,4,none,0
few_shot_markers,20,safe_18,SAFE,benign,False,0,none,0
few_shot_markers,20,safe_19,SAFE,benign,False,0,none,0
few_shot_markers,20,safe_20,SAFE,benign,False,0,none,0
few_shot_markers,20,hn_p_01,SAFE,legit_prompt,True,8,none,0
few_shot_markers,20,hn_p_02,SAFE,legit_prompt,True,12,none,0
few_shot_markers,20,hn_p_03,SAFE,legit_prompt,True,4,none,0
few_shot_markers,20,hn_p_04,SAFE,legit_prompt,True,8,none,0
few_shot_markers,20,hn_p_05,SAFE,legit_prompt,True,12,none,0
few_shot_markers,20,hn_p_06,SAFE,legit_prompt,True,8,none,0
few_shot_markers,20,hn_p_07,SAFE,legit_prompt,True,8,none,0
few_shot_markers,20,hn_p_08,SAFE,legit_prompt,True,12,none,0
few_shot_markers,20,hn_d_01,SAFE,security_doc,False,0,none,0
few_shot_markers,20,hn_d_02,SAFE,security_doc,False,0,none,0
few_shot_markers,20,hn_d_03,SAFE,security_doc,False,0,none,0
few_shot_markers,20,hn_d_04,SAFE,security_doc,False,4,none,0
few_shot_markers,20,hn_d_05,SAFE,security_doc,False,0,none,0
few_shot_markers,20,hn_d_06,SAFE,security_doc,False,0,none,0
few_shot_markers,20,hn_d_07,SAFE,security_doc,False,4,none,0
few_shot_markers,20,hn_d_08,SAFE,security_doc,False,0,none,0
few_shot_markers,20,hn_t_01,SAFE,benign_template,True,6,none,0
few_shot_markers,20,hn_t_02,SAFE,benign_template,True,6,none,0
few_shot_markers,20,hn_t_03,SAFE,benign_template,True,6,none,0
few_shot_markers,20,hn_t_04,SAFE,benign_template,True,14,none,0
few_shot_markers,25,s5_imp_01,S5,imperative,False,0,none,0
few_shot_markers,25,s5_imp_02,S5,imperative,False,0,none,0
few_shot_markers,25,s5_imp_03,S5,imperative,False,4,none,0
few_shot_markers,25,s5_imp_04,S5,imperative,False,0,none,0
few_shot_markers,25,s5_imp_05,S5,imperative,False,0,none,0
few_shot_markers,25,s5_imp_06,S5,imperative,False,0,none,0
few_shot_markers,25,s5_imp_07,S5,imperative,False,0,none,0
few_shot_markers,25,s5_imp_08,S5,imperative,False,0,none,0
few_shot_markers,25,s5_imp_09,S5,imperative,False,4,none,0
few_shot_markers,25,s5_imp_10,S5,imperative,False,0,none,0
few_shot_markers,25,s5_imp_11,S5,imperative,False,0,none,0
few_shot_markers,25,s5_imp_12,S5,imperative,False,0,none,0
few_shot_markers,25,s5_imp_13,S5,imperative,False,0,none,0
few_shot_markers,25,s5_imp_14,S5,imperative,False,8,none,0
few_shot_markers,25,s5_imp_15,S5,imperative,False,0,none,0
few_shot_markers,25,s5_dec_01,S5,declarative,False,0,none,0
few_shot_markers,25,s5_dec_02,S5,declarative,False,0,none,0
few_shot_markers,25,s5_dec_03,S5,declarative,False,0,none,0
few_shot_markers,25,s5_dec_04,S5,declarative,False,0,none,0
few_shot_markers,25,s5_dec_05,S5,declarative,False,4,none,0
few_shot_markers,25,s5_dec_06,S5,declarative,False,0,none,0
few_shot_markers,25,s5_dec_07,S5,declarative,False,0,none,0
few_shot_markers,25,s5_dec_08,S5,declarative,False,0,none,0
few_shot_markers,25,s5_dec_09,S5,declarative,False,0,none,0
few_shot_markers,25,s5_dec_10,S5,declarative,False,0,none,0
few_shot_markers,25,s5_dec_11,S5,declarative,False,0,none,0
few_shot_markers,25,s5_dec_12,S5,declarative,False,0,none,0
few_shot_markers,25,s5_dec_13,S5,declarative,False,0,none,0
few_shot_markers,25,s5_dec_14,S5,declarative,False,0,none,0
few_shot_markers,25,s5_ind_01,S5,indirect,False,0,none,0
few_shot_markers,25,s5_ind_02,S5,indirect,False,0,none,0
few_shot_markers,25,s5_ind_03,S5,indirect,False,0,none,0
few_shot_markers,25,s5_ind_04,S5,indirect,False,0,none,0
few_shot_markers,25,s5_ind_05,S5,indirect,False,0,none,0
few_shot_markers,25,s5_ind_06,S5,indirect,False,0,none,0
few_shot_markers,25,s5_ind_07,S5,indirect,False,0,none,0
few_shot_markers,25,s5_ind_08,S5,indirect,False,0,none,0
few_shot_markers,25,s5_ind_09,S5,indirect,False,0,none,0
few_shot_markers,25,s5_ind_10,S5,indirect,False,0,none,0
few_shot_markers,25,s6_rp_01,S6,roleplay,False,4,none,0
few_shot_markers,25,s6_rp_02,S6,roleplay,False,4,none,0
few_shot_markers,25,s6_rp_03,S6,roleplay,False,4,none,0
few_shot_markers,25,s6_rp_04,S6,roleplay,False,0,none,0
few_shot_markers,25,s6_rp_05,S6,roleplay,False,8,none,0
few_shot_markers,25,s6_rp_06,S6,roleplay,False,0,none,0
few_shot_markers,25,s6_rp_07,S6,roleplay,False,0,none,0
few_shot_markers,25,s6_rp_08,S6,roleplay,False,0,none,0
few_shot_markers,25,s6_enc_01,S6,encoding,False,4,none,0
few_shot_markers,25,s6_enc_02,S6,encoding,False,0,none,0
few_shot_markers,25,s6_enc_03,S6,encoding,False,4,none,0
few_shot_markers,25,s6_enc_04,S6,encoding,False,4,none,0
few_shot_markers,25,safe_01,SAFE,benign,False,0,none,0
few_shot_markers,25,safe_02,SAFE,benign,False,4,none,0
few_shot_markers,25,safe_03,SAFE,benign,False,4,none,0
few_shot_markers,25,safe_04,SAFE,benign,False,4,none,0
few_shot_markers,25,safe_05,SAFE,benign,False,0,none,0
few_shot_markers,25,safe_06,SAFE,benign,False,0,none,0
few_shot_markers,25,safe_07,SAFE,benign,False,4,none,0
few_shot_markers,25,safe_08,SAFE,benign,False,0,none,0
few_shot_markers,25,safe_09,SAFE,benign,False,0,none,0
few_shot_markers,25,safe_10,SAFE,benign,False,0,none,0
few_shot_markers,25,safe_11,SAFE,benign,False,0,none,0
few_shot_markers,25,safe_12,SAFE,benign,False,4,none,0
few_shot_markers,25,safe_13,SAFE,benign,False,0,none,0
few_shot_markers,25,safe_14,SAFE,benign,False,4,none,0
few_shot_markers,25,safe_15,SAFE,benign,False,0,none,0
few_shot_markers,25,safe_16,SAFE,benign,False,0,none,0
few_shot_markers,25,safe_17,SAFE,benign,False,4,none,0
few_shot_markers,25,safe_18,SAFE,benign,False,0,none,0
few_shot_markers,25,safe_19,SAFE,benign,False,0,none,0
few_shot_markers,25,safe_20,SAFE,benign,False,0,none,0
few_shot_markers,25,hn_p_01,SAFE,legit_prompt,True,8,none,0
few_shot_markers,25,hn_p_02,SAFE,legit_prompt,True,12,none,0
few_shot_markers,25,hn_p_03,SAFE,legit_prompt,True,4,none,0
few_shot_markers,25,hn_p_04,SAFE,legit_prompt,True,8,none,0
few_shot_markers,25,hn_p_05,SAFE,legit_prompt,True,12,none,0
few_shot_markers,25,hn_p_06,SAFE,legit_prompt,True,8,none,0
few_shot_markers,25,hn_p_07,SAFE,legit_prompt,True,8,none,0
few_shot_markers,25,hn_p_08,SAFE,legit_prompt,True,12,none,0
few_shot_markers,25,hn_d_01,SAFE,security_doc,False,0,none,0
few_shot_markers,25,hn_d_02,SAFE,security_doc,False,0,none,0
few_shot_markers,25,hn_d_03,SAFE,security_doc,False,0,none,0
few_shot_markers,25,hn_d_04,SAFE,security_doc,False,4,none,0
few_shot_markers,25,hn_d_05,SAFE,security_doc,False,0,none,0
few_shot_markers,25,hn_d_06,SAFE,security_doc,False,0,none,0
few_shot_markers,25,hn_d_07,SAFE,security_doc,False,4,none,0
few_shot_markers,25,hn_d_08,SAFE,security_doc,False,0,none,0
few_shot_markers,25,hn_t_01,SAFE,benign_template,True,6,none,0
few_shot_markers,25,hn_t_02,SAFE,benign_template,True,6,none,0
few_shot_markers,25,hn_t_03,SAFE,benign_template,True,6,none,0
few_shot_markers,25,hn_t_04,SAFE,benign_template,True,14,none,0
few_shot_markers,30,s5_imp_01,S5,imperative,False,0,none,0
few_shot_markers,30,s5_imp_02,S5,imperative,False,0,none,0
few_shot_markers,30,s5_imp_03,S5,imperative,False,4,none,0
few_shot_markers,30,s5_imp_04,S5,imperative,False,0,none,0
few_shot_markers,30,s5_imp_05,S5,imperative,False,0,none,0
few_shot_markers,30,s5_imp_06,S5,imperative,False,0,none,0
few_shot_markers,30,s5_imp_07,S5,imperative,False,0,none,0
few_shot_markers,30,s5_imp_08,S5,imperative,False,0,none,0
few_shot_markers,30,s5_imp_09,S5,imperative,False,4,none,0
few_shot_markers,30,s5_imp_10,S5,imperative,False,0,none,0
few_shot_markers,30,s5_imp_11,S5,imperative,False,0,none,0
few_shot_markers,30,s5_imp_12,S5,imperative,False,0,none,0
few_shot_markers,30,s5_imp_13,S5,imperative,False,0,none,0
few_shot_markers,30,s5_imp_14,S5,imperative,False,8,none,0
few_shot_markers,30,s5_imp_15,S5,imperative,False,0,none,0
few_shot_markers,30,s5_dec_01,S5,declarative,False,0,none,0
few_shot_markers,30,s5_dec_02,S5,declarative,False,0,none,0
few_shot_markers,30,s5_dec_03,S5,declarative,False,0,none,0
few_shot_markers,30,s5_dec_04,S5,declarative,False,0,none,0
few_shot_markers,30,s5_dec_05,S5,declarative,False,4,none,0
few_shot_markers,30,s5_dec_06,S5,declarative,False,0,none,0
few_shot_markers,30,s5_dec_07,S5,declarative,False,0,none,0
few_shot_markers,30,s5_dec_08,S5,declarative,False,0,none,0
few_shot_markers,30,s5_dec_09,S5,declarative,False,0,none,0
few_shot_markers,30,s5_dec_10,S5,declarative,False,0,none,0
few_shot_markers,30,s5_dec_11,S5,declarative,False,0,none,0
few_shot_markers,30,s5_dec_12,S5,declarative,False,0,none,0
few_shot_markers,30,s5_dec_13,S5,declarative,False,0,none,0
few_shot_markers,30,s5_dec_14,S5,declarative,False,0,none,0
few_shot_markers,30,s5_ind_01,S5,indirect,False,0,none,0
few_shot_markers,30,s5_ind_02,S5,indirect,False,0,none,0
few_shot_markers,30,s5_ind_03,S5,indirect,False,0,none,0
few_shot_markers,30,s5_ind_04,S5,indirect,False,0,none,0
few_shot_markers,30,s5_ind_05,S5,indirect,False,0,none,0
few_shot_markers,30,s5_ind_06,S5,indirect,False,0,none,0
few_shot_markers,30,s5_ind_07,S5,indirect,False,0,none,0
few_shot_markers,30,s5_ind_08,S5,indirect,False,0,none,0
few_shot_markers,30,s5_ind_09,S5,indirect,False,0,none,0
few_shot_markers,30,s5_ind_10,S5,indirect,False,0,none,0
few_shot_markers,30,s6_rp_01,S6,roleplay,False,4,none,0
few_shot_markers,30,s6_rp_02,S6,roleplay,False,4,none,0
few_shot_markers,30,s6_rp_03,S6,roleplay,False,4,none,0
few_shot_markers,30,s6_rp_04,S6,roleplay,False,0,none,0
few_shot_markers,30,s6_rp_05,S6,roleplay,False,8,none,0
few_shot_markers,30,s6_rp_06,S6,roleplay,False,0,none,0
few_shot_markers,30,s6_rp_07,S6,roleplay,False,0,none,0
few_shot_markers,30,s6_rp_08,S6,roleplay,False,0,none,0
few_shot_markers,30,s6_enc_01,S6,encoding,False,4,none,0
few_shot_markers,30,s6_enc_02,S6,encoding,False,0,none,0
few_shot_markers,30,s6_enc_03,S6,encoding,False,4,none,0
few_shot_markers,30,s6_enc_04,S6,encoding,False,4,none,0
few_shot_markers,30,safe_01,SAFE,benign,False,0,none,0
few_shot_markers,30,safe_02,SAFE,benign,False,4,none,0
few_shot_markers,30,safe_03,SAFE,benign,False,4,none,0
few_shot_markers,30,safe_04,SAFE,benign,False,4,none,0
few_shot_markers,30,safe_05,SAFE,benign,False,0,none,0
few_shot_markers,30,safe_06,SAFE,benign,False,0,none,0
few_shot_markers,30,safe_07,SAFE,benign,False,4,none,0
few_shot_markers,30,safe_08,SAFE,benign,False,0,none,0
few_shot_markers,30,safe_09,SAFE,benign,False,0,none,0
few_shot_markers,30,safe_10,SAFE,benign,False,0,none,0
few_shot_markers,30,safe_11,SAFE,benign,False,0,none,0
few_shot_markers,30,safe_12,SAFE,benign,False,4,none,0
few_shot_markers,30,safe_13,SAFE,benign,False,0,none,0
few_shot_markers,30,safe_14,SAFE,benign,False,4,none,0
few_shot_markers,30,safe_15,SAFE,benign,False,0,none,0
few_shot_markers,30,safe_16,SAFE,benign,False,0,none,0
few_shot_markers,30,safe_17,SAFE,benign,False,4,none,0
few_shot_markers,30,safe_18,SAFE,benign,False,0,none,0
few_shot_markers,30,safe_19,SAFE,benign,False,0,none,0
few_shot_markers,30,safe_20,SAFE,benign,False,0,none,0
few_shot_markers,30,hn_p_01,SAFE,legit_prompt,True,8,none,0
few_shot_markers,30,hn_p_02,SAFE,legit_prompt,True,12,none,0
few_shot_markers,30,hn_p_03,SAFE,legit_prompt,True,4,none,0
few_shot_markers,30,hn_p_04,SAFE,legit_prompt,True,8,none,0
few_shot_markers,30,hn_p_05,SAFE,legit_prompt,True,12,none,0
few_shot_markers,30,hn_p_06,SAFE,legit_prompt,True,8,none,0
few_shot_markers,30,hn_p_07,SAFE,legit_prompt,True,8,none,0
few_shot_markers,30,hn_p_08,SAFE,legit_prompt,True,12,none,0
few_shot_markers,30,hn_d_01,SAFE,security_doc,False,0,none,0
few_shot_markers,30,hn_d_02,SAFE,security_doc,False,0,none,0
few_shot_markers,30,hn_d_03,SAFE,security_doc,False,0,none,0
few_shot_markers,30,hn_d_04,SAFE,security_doc,False,4,none,0
few_shot_markers,30,hn_d_05,SAFE,security_doc,False,0,none,0
few_shot_markers,30,hn_d_06,SAFE,security_doc,False,0,none,0
few_shot_markers,30,hn_d_07,SAFE,security_doc,False,4,none,0
few_shot_markers,30,hn_d_08,SAFE,security_doc,False,0,none,0
few_shot_markers,30,hn_t_01,SAFE,benign_template,True,6,none,0
few_shot_markers,30,hn_t_02,SAFE,benign_template,True,6,none,0
few_shot_markers,30,hn_t_03,SAFE,benign_template,True,6,none,0
few_shot_markers,30,hn_t_04,SAFE,benign_template,True,14,none,0
few_shot_markers,35,s5_imp_01,S5,imperative,False,0,none,0
few_shot_markers,35,s5_imp_02,S5,imperative,False,0,none,0
few_shot_markers,35,s5_imp_03,S5,imperative,False,4,none,0
few_shot_markers,35,s5_imp_04,S5,imperative,False,0,none,0
few_shot_markers,35,s5_imp_05,S5,imperative,False,0,none,0
few_shot_markers,35,s5_imp_06,S5,imperative,False,0,none,0
few_shot_markers,35,s5_imp_07,S5,imperative,False,0,none,0
few_shot_markers,35,s5_imp_08,S5,imperative,False,0,none,0
few_shot_markers,35,s5_imp_09,S5,imperative,False,4,none,0
few_shot_markers,35,s5_imp_10,S5,imperative,False,0,none,0
few_shot_markers,35,s5_imp_11,S5,imperative,False,0,none,0
few_shot_markers,35,s5_imp_12,S5,imperative,False,0,none,0
few_shot_markers,35,s5_imp_13,S5,imperative,False,0,none,0
few_shot_markers,35,s5_imp_14,S5,imperative,False,8,none,0
few_shot_markers,35,s5_imp_15,S5,imperative,False,0,none,0
few_shot_markers,35,s5_dec_01,S5,declarative,False,0,none,0
few_shot_markers,35,s5_dec_02,S5,declarative,False,0,none,0
few_shot_markers,35,s5_dec_03,S5,declarative,False,0,none,0
few_shot_markers,35,s5_dec_04,S5,declarative,False,0,none,0
few_shot_markers,35,s5_dec_05,S5,declarative,False,4,none,0
few_shot_markers,35,s5_dec_06,S5,declarative,False,0,none,0
few_shot_markers,35,s5_dec_07,S5,declarative,False,0,none,0
few_shot_markers,35,s5_dec_08,S5,declarative,False,0,none,0
few_shot_markers,35,s5_dec_09,S5,declarative,False,0,none,0
few_shot_markers,35,s5_dec_10,S5,declarative,False,0,none,0
few_shot_markers,35,s5_dec_11,S5,declarative,False,0,none,0
few_shot_markers,35,s5_dec_12,S5,declarative,False,0,none,0
few_shot_markers,35,s5_dec_13,S5,declarative,False,0,none,0
few_shot_markers,35,s5_dec_14,S5,declarative,False,0,none,0
few_shot_markers,35,s5_ind_01,S5,indirect,False,0,none,0
few_shot_markers,35,s5_ind_02,S5,indirect,False,0,none,0
few_shot_markers,35,s5_ind_03,S5,indirect,False,0,none,0
few_shot_markers,35,s5_ind_04,S5,indirect,False,0,none,0
few_shot_markers,35,s5_ind_05,S5,indirect,False,0,none,0
few_shot_markers,35,s5_ind_06,S5,indirect,False,0,none,0
few_shot_markers,35,s5_ind_07,S5,indirect,False,0,none,0
few_shot_markers,35,s5_ind_08,S5,indirect,False,0,none,0
few_shot_markers,35,s5_ind_09,S5,indirect,False,0,none,0
few_shot_markers,35,s5_ind_10,S5,indirect,False,0,none,0
few_shot_markers,35,s6_rp_01,S6,roleplay,False,4,none,0
few_shot_markers,35,s6_rp_02,S6,roleplay,False,4,none,0
few_shot_markers,35,s6_rp_03,S6,roleplay,False,4,none,0
few_shot_markers,35,s6_rp_04,S6,roleplay,False,0,none,0
few_shot_markers,35,s6_rp_05,S6,roleplay,False,8,none,0
few_shot_markers,35,s6_rp_06,S6,roleplay,False,0,none,0
few_shot_markers,35,s6_rp_07,S6,roleplay,False,0,none,0
few_shot_markers,35,s6_rp_08,S6,roleplay,False,0,none,0
few_shot_markers,35,s6_enc_01,S6,encoding,False,4,none,0
few_shot_markers,35,s6_enc_02,S6,encoding,False,0,none,0
few_shot_markers,35,s6_enc_03,S6,encoding,False,4,none,0
few_shot_markers,35,s6_enc_04,S6,encoding,False,4,none,0
few_shot_markers,35,safe_01,SAFE,benign,False,0,none,0
few_shot_markers,35,safe_02,SAFE,benign,False,4,none,0
few_shot_markers,35,safe_03,SAFE,benign,False,4,none,0
few_shot_markers,35,safe_04,SAFE,benign,False,4,none,0
few_shot_markers,35,safe_05,SAFE,benign,False,0,none,0
few_shot_markers,35,safe_06,SAFE,benign,False,0,none,0
few_shot_markers,35,safe_07,SAFE,benign,False,4,none,0
few_shot_markers,35,safe_08,SAFE,benign,False,0,none,0
few_shot_markers,35,safe_09,SAFE,benign,False,0,none,0
few_shot_markers,35,safe_10,SAFE,benign,False,0,none,0
few_shot_markers,35,safe_11,SAFE,benign,False,0,none,0
few_shot_markers,35,safe_12,SAFE,benign,False,4,none,0
few_shot_markers,35,safe_13,SAFE,benign,False,0,none,0
few_shot_markers,35,safe_14,SAFE,benign,False,4,none,0
few_shot_markers,35,safe_15,SAFE,benign,False,0,none,0
few_shot_markers,35,safe_16,SAFE,benign,False,0,none,0
few_shot_markers,35,safe_17,SAFE,benign,False,4,none,0
few_shot_markers,35,safe_18,SAFE,benign,False,0,none,0
few_shot_markers,35,safe_19,SAFE,benign,False,0,none,0
few_shot_markers,35,safe_20,SAFE,benign,False,0,none,0
few_shot_markers,35,hn_p_01,SAFE,legit_prompt,True,8,none,0
few_shot_markers,35,hn_p_02,SAFE,legit_prompt,True,12,none,0
few_shot_markers,35,hn_p_03,SAFE,legit_prompt,True,4,none,0
few_shot_markers,35,hn_p_04,SAFE,legit_prompt,True,8,none,0
few_shot_markers,35,hn_p_05,SAFE,legit_prompt,True,12,none,0
few_shot_markers,35,hn_p_06,SAFE,legit_prompt,True,8,none,0
few_shot_markers,35,hn_p_07,SAFE,legit_prompt,True,8,none,0
few_shot_markers,35,hn_p_08,SAFE,legit_prompt,True,12,none,0
few_shot_markers,35,hn_d_01,SAFE,security_doc,False,0,none,0
few_shot_markers,35,hn_d_02,SAFE,security_doc,False,0,none,0
few_shot_markers,35,hn_d_03,SAFE,security_doc,False,0,none,0
few_shot_markers,35,hn_d_04,SAFE,security_doc,False,4,none,0
few_shot_markers,35,hn_d_05,SAFE,security_doc,False,0,none,0
few_shot_markers,35,hn_d_06,SAFE,security_doc,False,0,none,0
few_shot_markers,35,hn_d_07,SAFE,security_doc,False,4,none,0
few_shot_markers,35,hn_d_08,SAFE,security_doc,False,0,none,0
few_shot_markers,35,hn_t_01,SAFE,benign_template,True,6,none,0
few_shot_markers,35,hn_t_02,SAFE,benign_template,True,6,none,0
few_shot_markers,35,hn_t_03,SAFE,benign_template,True,6,none,0
few_shot_markers,35,hn_t_04,SAFE,benign_template,True,14,none,0
few_shot_markers,40,s5_imp_01,S5,imperative,False,0,none,0
few_shot_markers,40,s5_imp_02,S5,imperative,False,0,none,0
few_shot_markers,40,s5_imp_03,S5,imperative,False,4,none,0
few_shot_markers,40,s5_imp_04,S5,imperative,False,0,none,0
few_shot_markers,40,s5_imp_05,S5,imperative,False,0,none,0
few_shot_markers,40,s5_imp_06,S5,imperative,False,0,none,0
few_shot_markers,40,s5_imp_07,S5,imperative,False,0,none,0
few_shot_markers,40,s5_imp_08,S5,imperative,False,0,none,0
few_shot_markers,40,s5_imp_09,S5,imperative,False,4,none,0
few_shot_markers,40,s5_imp_10,S5,imperative,False,0,none,0
few_shot_markers,40,s5_imp_11,S5,imperative,False,0,none,0
few_shot_markers,40,s5_imp_12,S5,imperative,False,0,none,0
few_shot_markers,40,s5_imp_13,S5,imperative,False,0,none,0
few_shot_markers,40,s5_imp_14,S5,imperative,False,8,none,0
few_shot_markers,40,s5_imp_15,S5,imperative,False,0,none,0
few_shot_markers,40,s5_dec_01,S5,declarative,False,0,none,0
few_shot_markers,40,s5_dec_02,S5,declarative,False,0,none,0
few_shot_markers,40,s5_dec_03,S5,declarative,False,0,none,0
few_shot_markers,40,s5_dec_04,S5,declarative,False,0,none,0
few_shot_markers,40,s5_dec_05,S5,declarative,False,4,none,0
few_shot_markers,40,s5_dec_06,S5,declarative,False,0,none,0
few_shot_markers,40,s5_dec_07,S5,declarative,False,0,none,0
few_shot_markers,40,s5_dec_08,S5,declarative,False,0,none,0
few_shot_markers,40,s5_dec_09,S5,declarative,False,0,none,0
few_shot_markers,40,s5_dec_10,S5,declarative,False,0,none,0
few_shot_markers,40,s5_dec_11,S5,declarative,False,0,none,0
few_shot_markers,40,s5_dec_12,S5,declarative,False,0,none,0
few_shot_markers,40,s5_dec_13,S5,declarative,False,0,none,0
few_shot_markers,40,s5_dec_14,S5,declarative,False,0,none,0
few_shot_markers,40,s5_ind_01,S5,indirect,False,0,none,0
few_shot_markers,40,s5_ind_02,S5,indirect,False,0,none,0
few_shot_markers,40,s5_ind_03,S5,indirect,False,0,none,0
few_shot_markers,40,s5_ind_04,S5,indirect,False,0,none,0
few_shot_markers,40,s5_ind_05,S5,indirect,False,0,none,0
few_shot_markers,40,s5_ind_06,S5,indirect,False,0,none,0
few_shot_markers,40,s5_ind_07,S5,indirect,False,0,none,0
few_shot_markers,40,s5_ind_08,S5,indirect,False,0,none,0
few_shot_markers,40,s5_ind_09,S5,indirect,False,0,none,0
few_shot_markers,40,s5_ind_10,S5,indirect,False,0,none,0
few_shot_markers,40,s6_rp_01,S6,roleplay,False,4,none,0
few_shot_markers,40,s6_rp_02,S6,roleplay,False,4,none,0
few_shot_markers,40,s6_rp_03,S6,roleplay,False,4,none,0
few_shot_markers,40,s6_rp_04,S6,roleplay,False,0,none,0
few_shot_markers,40,s6_rp_05,S6,roleplay,False,8,none,0
few_shot_markers,40,s6_rp_06,S6,roleplay,False,0,none,0
few_shot_markers,40,s6_rp_07,S6,roleplay,False,0,none,0
few_shot_markers,40,s6_rp_08,S6,roleplay,False,0,none,0
few_shot_markers,40,s6_enc_01,S6,encoding,False,4,none,0
few_shot_markers,40,s6_enc_02,S6,encoding,False,0,none,0
few_shot_markers,40,s6_enc_03,S6,encoding,False,4,none,0
few_shot_markers,40,s6_enc_04,S6,encoding,False,4,none,0
few_shot_markers,40,safe_01,SAFE,benign,False,0,none,0
few_shot_markers,40,safe_02,SAFE,benign,False,4,none,0
few_shot_markers,40,safe_03,SAFE,benign,False,4,none,0
few_shot_markers,40,safe_04,SAFE,benign,False,4,none,0
few_shot_markers,40,safe_05,SAFE,benign,False,0,none,0
few_shot_markers,40,safe_06,SAFE,benign,False,0,none,0
few_shot_markers,40,safe_07,SAFE,benign,False,4,none,0
few_shot_markers,40,safe_08,SAFE,benign,False,0,none,0
few_shot_markers,40,safe_09,SAFE,benign,False,0,none,0
few_shot_markers,40,safe_10,SAFE,benign,False,0,none,0
few_shot_markers,40,safe_11,SAFE,benign,False,0,none,0
few_shot_markers,40,safe_12,SAFE,benign,False,4,none,0
few_shot_markers,40,safe_13,SAFE,benign,False,0,none,0
few_shot_markers,40,safe_14,SAFE,benign,False,4,none,0
few_shot_markers,40,safe_15,SAFE,benign,False,0,none,0
few_shot_markers,40,safe_16,SAFE,benign,False,0,none,0
few_shot_markers,40,safe_17,SAFE,benign,False,4,none,0
few_shot_markers,40,safe_18,SAFE,benign,False,0,none,0
few_shot_markers,40,safe_19,SAFE,benign,False,0,none,0
few_shot_markers,40,safe_20,SAFE,benign,False,0,none,0
few_shot_markers,40,hn_p_01,SAFE,legit_prompt,True,8,none,0
few_shot_markers,40,hn_p_02,SAFE,legit_prompt,True,12,none,0
few_shot_markers,40,hn_p_03,SAFE,legit_prompt,True,4,none,0
few_shot_markers,40,hn_p_04,SAFE,legit_prompt,True,8,none,0
few_shot_markers,40,hn_p_05,SAFE,legit_prompt,True,12,none,0
few_shot_markers,40,hn_p_06,SAFE,legit_prompt,True,8,none,0
few_shot_markers,40,hn_p_07,SAFE,legit_prompt,True,8,none,0
few_shot_markers,40,hn_p_08,SAFE,legit_prompt,True,12,none,0
few_shot_markers,40,hn_d_01,SAFE,security_doc,False,0,none,0
few_shot_markers,40,hn_d_02,SAFE,security_doc,False,0,none,0
few_shot_markers,40,hn_d_03,SAFE,security_doc,False,0,none,0
few_shot_markers,40,hn_d_04,SAFE,security_doc,False,4,none,0
few_shot_markers,40,hn_d_05,SAFE,security_doc,False,0,none,0
few_shot_markers,40,hn_d_06,SAFE,security_doc,False,0,none,0
few_shot_markers,40,hn_d_07,SAFE,security_doc,False,4,none,0
few_shot_markers,40,hn_d_08,SAFE,security_doc,False,0,none,0
few_shot_markers,40,hn_t_01,SAFE,benign_template,True,6,none,0
few_shot_markers,40,hn_t_02,SAFE,benign_template,True,6,none,0
few_shot_markers,40,hn_t_03,SAFE,benign_template,True,6,none,0
few_shot_markers,40,hn_t_04,SAFE,benign_template,True,14,none,0
few_shot_markers,45,s5_imp_01,S5,imperative,False,0,none,0
few_shot_markers,45,s5_imp_02,S5,imperative,False,0,none,0
few_shot_markers,45,s5_imp_03,S5,imperative,False,4,none,0
few_shot_markers,45,s5_imp_04,S5,imperative,False,0,none,0
few_shot_markers,45,s5_imp_05,S5,imperative,False,0,none,0
few_shot_markers,45,s5_imp_06,S5,imperative,False,0,none,0
few_shot_markers,45,s5_imp_07,S5,imperative,False,0,none,0
few_shot_markers,45,s5_imp_08,S5,imperative,False,0,none,0
few_shot_markers,45,s5_imp_09,S5,imperative,False,4,none,0
few_shot_markers,45,s5_imp_10,S5,imperative,False,0,none,0
few_shot_markers,45,s5_imp_11,S5,imperative,False,0,none,0
few_shot_markers,45,s5_imp_12,S5,imperative,False,0,none,0
few_shot_markers,45,s5_imp_13,S5,imperative,False,0,none,0
few_shot_markers,45,s5_imp_14,S5,imperative,False,8,none,0
few_shot_markers,45,s5_imp_15,S5,imperative,False,0,none,0
few_shot_markers,45,s5_dec_01,S5,declarative,False,0,none,0
few_shot_markers,45,s5_dec_02,S5,declarative,False,0,none,0
few_shot_markers,45,s5_dec_03,S5,declarative,False,0,none,0
few_shot_markers,45,s5_dec_04,S5,declarative,False,0,none,0
few_shot_markers,45,s5_dec_05,S5,declarative,False,4,none,0
few_shot_markers,45,s5_dec_06,S5,declarative,False,0,none,0
few_shot_markers,45,s5_dec_07,S5,declarative,False,0,none,0
few_shot_markers,45,s5_dec_08,S5,declarative,False,0,none,0
few_shot_markers,45,s5_dec_09,S5,declarative,False,0,none,0
few_shot_markers,45,s5_dec_10,S5,declarative,False,0,none,0
few_shot_markers,45,s5_dec_11,S5,declarative,False,0,none,0
few_shot_markers,45,s5_dec_12,S5,declarative,False,0,none,0
few_shot_markers,45,s5_dec_13,S5,declarative,False,0,none,0
few_shot_markers,45,s5_dec_14,S5,declarative,False,0,none,0
few_shot_markers,45,s5_ind_01,S5,indirect,False,0,none,0
few_shot_markers,45,s5_ind_02,S5,indirect,False,0,none,0
few_shot_markers,45,s5_ind_03,S5,indirect,False,0,none,0
few_shot_markers,45,s5_ind_04,S5,indirect,False,0,none,0
few_shot_markers,45,s5_ind_05,S5,indirect,False,0,none,0
few_shot_markers,45,s5_ind_06,S5,indirect,False,0,none,0
few_shot_markers,45,s5_ind_07,S5,indirect,False,0,none,0
few_shot_markers,45,s5_ind_08,S5,indirect,False,0,none,0
few_shot_markers,45,s5_ind_09,S5,indirect,False,0,none,0
few_shot_markers,45,s5_ind_10,S5,indirect,False,0,none,0
few_shot_markers,45,s6_rp_01,S6,roleplay,False,4,none,0
few_shot_markers,45,s6_rp_02,S6,roleplay,False,4,none,0
few_shot_markers,45,s6_rp_03,S6,roleplay,False,4,none,0
few_shot_markers,45,s6_rp_04,S6,roleplay,False,0,none,0
few_shot_markers,45,s6_rp_05,S6,roleplay,False,8,none,0
few_shot_markers,45,s6_rp_06,S6,roleplay,False,0,none,0
few_shot_markers,45,s6_rp_07,S6,roleplay,False,0,none,0
few_shot_markers,45,s6_rp_08,S6,roleplay,False,0,none,0
few_shot_markers,45,s6_enc_01,S6,encoding,False,4,none,0
few_shot_markers,45,s6_enc_02,S6,encoding,False,0,none,0
few_shot_markers,45,s6_enc_03,S6,encoding,False,4,none,0
few_shot_markers,45,s6_enc_04,S6,encoding,False,4,none,0
few_shot_markers,45,safe_01,SAFE,benign,False,0,none,0
few_shot_markers,45,safe_02,SAFE,benign,False,4,none,0
few_shot_markers,45,safe_03,SAFE,benign,False,4,none,0
few_shot_markers,45,safe_04,SAFE,benign,False,4,none,0
few_shot_markers,45,safe_05,SAFE,benign,False,0,none,0
few_shot_markers,45,safe_06,SAFE,benign,False,0,none,0
few_shot_markers,45,safe_07,SAFE,benign,False,4,none,0
few_shot_markers,45,safe_08,SAFE,benign,False,0,none,0
few_shot_markers,45,safe_09,SAFE,benign,False,0,none,0
few_shot_markers,45,safe_10,SAFE,benign,False,0,none,0
few_shot_markers,45,safe_11,SAFE,benign,False,0,none,0
few_shot_markers,45,safe_12,SAFE,benign,False,4,none,0
few_shot_markers,45,safe_13,SAFE,benign,False,0,none,0
few_shot_markers,45,safe_14,SAFE,benign,False,4,none,0
few_shot_markers,45,safe_15,SAFE,benign,False,0,none,0
few_shot_markers,45,safe_16,SAFE,benign,False,0,none,0
few_shot_markers,45,safe_17,SAFE,benign,False,4,none,0
few_shot_markers,45,safe_18,SAFE,benign,False,0,none,0
few_shot_markers,45,safe_19,SAFE,benign,False,0,none,0
few_shot_markers,45,safe_20,SAFE,benign,False,0,none,0
few_shot_markers,45,hn_p_01,SAFE,legit_prompt,True,8,none,0
few_shot_markers,45,hn_p_02,SAFE,legit_prompt,True,12,none,0
few_shot_markers,45,hn_p_03,SAFE,legit_prompt,True,4,none,0
few_shot_markers,45,hn_p_04,SAFE,legit_prompt,True,8,none,0
few_shot_markers,45,hn_p_05,SAFE,legit_prompt,True,12,none,0
few_shot_markers,45,hn_p_06,SAFE,legit_prompt,True,8,none,0
few_shot_markers,45,hn_p_07,SAFE,legit_prompt,True,8,none,0
few_shot_markers,45,hn_p_08,SAFE,legit_prompt,True,12,none,0
few_shot_markers,45,hn_d_01,SAFE,security_doc,False,0,none,0
few_shot_markers,45,hn_d_02,SAFE,security_doc,False,0,none,0
few_shot_markers,45,hn_d_03,SAFE,security_doc,False,0,none,0
few_shot_markers,45,hn_d_04,SAFE,security_doc,False,4,none,0
few_shot_markers,45,hn_d_05,SAFE,security_doc,False,0,none,0
few_shot_markers,45,hn_d_06,SAFE,security_doc,False,0,none,0
few_shot_markers,45,hn_d_07,SAFE,security_doc,False,4,none,0
few_shot_markers,45,hn_d_08,SAFE,security_doc,False,0,none,0
few_shot_markers,45,hn_t_01,SAFE,benign_template,True,6,none,0
few_shot_markers,45,hn_t_02,SAFE,benign_template,True,6,none,0
few_shot_markers,45,hn_t_03,SAFE,benign_template,True,6,none,0
few_shot_markers,45,hn_t_04,SAFE,benign_template,True,14,none,0
few_shot_markers,50,s5_imp_01,S5,imperative,False,0,none,0
few_shot_markers,50,s5_imp_02,S5,imperative,False,0,none,0
few_shot_markers,50,s5_imp_03,S5,imperative,False,4,none,0
few_shot_markers,50,s5_imp_04,S5,imperative,False,0,none,0
few_shot_markers,50,s5_imp_05,S5,imperative,False,0,none,0
few_shot_markers,50,s5_imp_06,S5,imperative,False,0,none,0
few_shot_markers,50,s5_imp_07,S5,imperative,False,0,none,0
few_shot_markers,50,s5_imp_08,S5,imperative,False,0,none,0
few_shot_markers,50,s5_imp_09,S5,imperative,False,4,none,0
few_shot_markers,50,s5_imp_10,S5,imperative,False,0,none,0
few_shot_markers,50,s5_imp_11,S5,imperative,False,0,none,0
few_shot_markers,50,s5_imp_12,S5,imperative,False,0,none,0
few_shot_markers,50,s5_imp_13,S5,imperative,False,0,none,0
few_shot_markers,50,s5_imp_14,S5,imperative,False,8,none,0
few_shot_markers,50,s5_imp_15,S5,imperative,False,0,none,0
few_shot_markers,50,s5_dec_01,S5,declarative,False,0,none,0
few_shot_markers,50,s5_dec_02,S5,declarative,False,0,none,0
few_shot_markers,50,s5_dec_03,S5,declarative,False,0,none,0
few_shot_markers,50,s5_dec_04,S5,declarative,False,0,none,0
few_shot_markers,50,s5_dec_05,S5,declarative,False,4,none,0
few_shot_markers,50,s5_dec_06,S5,declarative,False,0,none,0
few_shot_markers,50,s5_dec_07,S5,declarative,False,0,none,0
few_shot_markers,50,s5_dec_08,S5,declarative,False,0,none,0
few_shot_markers,50,s5_dec_09,S5,declarative,False,0,none,0
few_shot_markers,50,s5_dec_10,S5,declarative,False,0,none,0
few_shot_markers,50,s5_dec_11,S5,declarative,False,0,none,0
few_shot_markers,50,s5_dec_12,S5,declarative,False,0,none,0
few_shot_markers,50,s5_dec_13,S5,declarative,False,0,none,0
few_shot_markers,50,s5_dec_14,S5,declarative,False,0,none,0
few_shot_markers,50,s5_ind_01,S5,indirect,False,0,none,0
few_shot_markers,50,s5_ind_02,S5,indirect,False,0,none,0
few_shot_markers,50,s5_ind_03,S5,indirect,False,0,none,0
few_shot_markers,50,s5_ind_04,S5,indirect,False,0,none,0
few_shot_markers,50,s5_ind_05,S5,indirect,False,0,none,0
few_shot_markers,50,s5_ind_06,S5,indirect,False,0,none,0
few_shot_markers,50,s5_ind_07,S5,indirect,False,0,none,0
few_shot_markers,50,s5_ind_08,S5,indirect,False,0,none,0
few_shot_markers,50,s5_ind_09,S5,indirect,False,0,none,0
few_shot_markers,50,s5_ind_10,S5,indirect,False,0,none,0
few_shot_markers,50,s6_rp_01,S6,roleplay,False,4,none,0
few_shot_markers,50,s6_rp_02,S6,roleplay,False,4,none,0
few_shot_markers,50,s6_rp_03,S6,roleplay,False,4,none,0
few_shot_markers,50,s6_rp_04,S6,roleplay,False,0,none,0
few_shot_markers,50,s6_rp_05,S6,roleplay,False,8,none,0
few_shot_markers,50,s6_rp_06,S6,roleplay,False,0,none,0
few_shot_markers,50,s6_rp_07,S6,roleplay,False,0,none,0
few_shot_markers,50,s6_rp_08,S6,roleplay,False,0,none,0
few_shot_markers,50,s6_enc_01,S6,encoding,False,4,none,0
few_shot_markers,50,s6_enc_02,S6,encoding,False,0,none,0
few_shot_markers,50,s6_enc_03,S6,encoding,False,4,none,0
few_shot_markers,50,s6_enc_04,S6,encoding,False,4,none,0
few_shot_markers,50,safe_01,SAFE,benign,False,0,none,0
few_shot_markers,50,safe_02,SAFE,benign,False,4,none,0
few_shot_markers,50,safe_03,SAFE,benign,False,4,none,0
few_shot_markers,50,safe_04,SAFE,benign,False,4,none,0
few_shot_markers,50,safe_05,SAFE,benign,False,0,none,0
few_shot_markers,50,safe_06,SAFE,benign,False,0,none,0
few_shot_markers,50,safe_07,SAFE,benign,False,4,none,0
few_shot_markers,50,safe_08,SAFE,benign,False,0,none,0
few_shot_markers,50,safe_09,SAFE,benign,False,0,none,0
few_shot_markers,50,safe_10,SAFE,benign,False,0,none,0
few_shot_markers,50,safe_11,SAFE,benign,False,0,none,0
few_shot_markers,50,safe_12,SAFE,benign,False,4,none,0
few_shot_markers,50,safe_13,SAFE,benign,False,0,none,0
few_shot_markers,50,safe_14,SAFE,benign,False,4,none,0
few_shot_markers,50,safe_15,SAFE,benign,False,0,none,0
few_shot_markers,50,safe_16,SAFE,benign,False,0,none,0
few_shot_markers,50,safe_17,SAFE,benign,False,4,none,0
few_shot_markers,50,safe_18,SAFE,benign,False,0,none,0
few_shot_markers,50,safe_19,SAFE,benign,False,0,none,0
few_shot_markers,50,safe_20,SAFE,benign,False,0,none,0
few_shot_markers,50,hn_p_01,SAFE,legit_prompt,True,8,none,0
few_shot_markers,50,hn_p_02,SAFE,legit_prompt,True,12,none,0
few_shot_markers,50,hn_p_03,SAFE,legit_prompt,True,4,none,0
few_shot_markers,50,hn_p_04,SAFE,legit_prompt,True,8,none,0
few_shot_markers,50,hn_p_05,SAFE,legit_prompt,True,12,none,0
few_shot_markers,50,hn_p_06,SAFE,legit_prompt,True,8,none,0
few_shot_markers,50,hn_p_07,SAFE,legit_prompt,True,8,none,0
few_shot_markers,50,hn_p_08,SAFE,legit_prompt,True,12,none,0
few_shot_markers,50,hn_d_01,SAFE,security_doc,False,0,none,0
few_shot_markers,50,hn_d_02,SAFE,security_doc,False,0,none,0
few_shot_markers,50,hn_d_03,SAFE,security_doc,False,0,none,0
few_shot_markers,50,hn_d_04,SAFE,security_doc,False,4,none,0
few_shot_markers,50,hn_d_05,SAFE,security_doc,False,0,none,0
few_shot_markers,50,hn_d_06,SAFE,security_doc,False,0,none,0
few_shot_markers,50,hn_d_07,SAFE,security_doc,False,4,none,0
few_shot_markers,50,hn_d_08,SAFE,security_doc,False,0,none,0
few_shot_markers,50,hn_t_01,SAFE,benign_template,True,6,none,0
few_shot_markers,50,hn_t_02,SAFE,benign_template,True,6,none,0
few_shot_markers,50,hn_t_03,SAFE,benign_template,True,6,none,0
few_shot_markers,50,hn_t_04,SAFE,benign_template,True,14,none,0
few_shot_markers,60,s5_imp_01,S5,imperative,False,0,none,0
few_shot_markers,60,s5_imp_02,S5,imperative,False,0,none,0
few_shot_markers,60,s5_imp_03,S5,imperative,False,4,none,0
few_shot_markers,60,s5_imp_04,S5,imperative,False,0,none,0
few_shot_markers,60,s5_imp_05,S5,imperative,False,0,none,0
few_shot_markers,60,s5_imp_06,S5,imperative,False,0,none,0
few_shot_markers,60,s5_imp_07,S5,imperative,False,0,none,0
few_shot_markers,60,s5_imp_08,S5,imperative,False,0,none,0
few_shot_markers,60,s5_imp_09,S5,imperative,False,4,none,0
few_shot_markers,60,s5_imp_10,S5,imperative,False,0,none,0
few_shot_markers,60,s5_imp_11,S5,imperative,False,0,none,0
few_shot_markers,60,s5_imp_12,S5,imperative,False,0,none,0
few_shot_markers,60,s5_imp_13,S5,imperative,False,0,none,0
few_shot_markers,60,s5_imp_14,S5,imperative,False,8,none,0
few_shot_markers,60,s5_imp_15,S5,imperative,False,0,none,0
few_shot_markers,60,s5_dec_01,S5,declarative,False,0,none,0
few_shot_markers,60,s5_dec_02,S5,declarative,False,0,none,0
few_shot_markers,60,s5_dec_03,S5,declarative,False,0,none,0
few_shot_markers,60,s5_dec_04,S5,declarative,False,0,none,0
few_shot_markers,60,s5_dec_05,S5,declarative,False,4,none,0
few_shot_markers,60,s5_dec_06,S5,declarative,False,0,none,0
few_shot_markers,60,s5_dec_07,S5,declarative,False,0,none,0
few_shot_markers,60,s5_dec_08,S5,declarative,False,0,none,0
few_shot_markers,60,s5_dec_09,S5,declarative,False,0,none,0
few_shot_markers,60,s5_dec_10,S5,declarative,False,0,none,0
few_shot_markers,60,s5_dec_11,S5,declarative,False,0,none,0
few_shot_markers,60,s5_dec_12,S5,declarative,False,0,none,0
few_shot_markers,60,s5_dec_13,S5,declarative,False,0,none,0
few_shot_markers,60,s5_dec_14,S5,declarative,False,0,none,0
few_shot_markers,60,s5_ind_01,S5,indirect,False,0,none,0
few_shot_markers,60,s5_ind_02,S5,indirect,False,0,none,0
few_shot_markers,60,s5_ind_03,S5,indirect,False,0,none,0
few_shot_markers,60,s5_ind_04,S5,indirect,False,0,none,0
few_shot_markers,60,s5_ind_05,S5,indirect,False,0,none,0
few_shot_markers,60,s5_ind_06,S5,indirect,False,0,none,0
few_shot_markers,60,s5_ind_07,S5,indirect,False,0,none,0
few_shot_markers,60,s5_ind_08,S5,indirect,False,0,none,0
few_shot_markers,60,s5_ind_09,S5,indirect,False,0,none,0
few_shot_markers,60,s5_ind_10,S5,indirect,False,0,none,0
few_shot_markers,60,s6_rp_01,S6,roleplay,False,4,none,0
few_shot_markers,60,s6_rp_02,S6,roleplay,False,4,none,0
few_shot_markers,60,s6_rp_03,S6,roleplay,False,4,none,0
few_shot_markers,60,s6_rp_04,S6,roleplay,False,0,none,0
few_shot_markers,60,s6_rp_05,S6,roleplay,False,8,none,0
few_shot_markers,60,s6_rp_06,S6,roleplay,False,0,none,0
few_shot_markers,60,s6_rp_07,S6,roleplay,False,0,none,0
few_shot_markers,60,s6_rp_08,S6,roleplay,False,0,none,0
few_shot_markers,60,s6_enc_01,S6,encoding,False,4,none,0
few_shot_markers,60,s6_enc_02,S6,encoding,False,0,none,0
few_shot_markers,60,s6_enc_03,S6,encoding,False,4,none,0
few_shot_markers,60,s6_enc_04,S6,encoding,False,4,none,0
few_shot_markers,60,safe_01,SAFE,benign,False,0,none,0
few_shot_markers,60,safe_02,SAFE,benign,False,4,none,0
few_shot_markers,60,safe_03,SAFE,benign,False,4,none,0
few_shot_markers,60,safe_04,SAFE,benign,False,4,none,0
few_shot_markers,60,safe_05,SAFE,benign,False,0,none,0
few_shot_markers,60,safe_06,SAFE,benign,False,0,none,0
few_shot_markers,60,safe_07,SAFE,benign,False,4,none,0
few_shot_markers,60,safe_08,SAFE,benign,False,0,none,0
few_shot_markers,60,safe_09,SAFE,benign,False,0,none,0
few_shot_markers,60,safe_10,SAFE,benign,False,0,none,0
few_shot_markers,60,safe_11,SAFE,benign,False,0,none,0
few_shot_markers,60,safe_12,SAFE,benign,False,4,none,0
few_shot_markers,60,safe_13,SAFE,benign,False,0,none,0
few_shot_markers,60,safe_14,SAFE,benign,False,4,none,0
few_shot_markers,60,safe_15,SAFE,benign,False,0,none,0
few_shot_markers,60,safe_16,SAFE,benign,False,0,none,0
few_shot_markers,60,safe_17,SAFE,benign,False,4,none,0
few_shot_markers,60,safe_18,SAFE,benign,False,0,none,0
few_shot_markers,60,safe_19,SAFE,benign,False,0,none,0
few_shot_markers,60,safe_20,SAFE,benign,False,0,none,0
few_shot_markers,60,hn_p_01,SAFE,legit_prompt,True,8,none,0
few_shot_markers,60,hn_p_02,SAFE,legit_prompt,True,12,none,0
few_shot_markers,60,hn_p_03,SAFE,legit_prompt,True,4,none,0
few_shot_markers,60,hn_p_04,SAFE,legit_prompt,True,8,none,0
few_shot_markers,60,hn_p_05,SAFE,legit_prompt,True,12,none,0
few_shot_markers,60,hn_p_06,SAFE,legit_prompt,True,8,none,0
few_shot_markers,60,hn_p_07,SAFE,legit_prompt,True,8,none,0
few_shot_markers,60,hn_p_08,SAFE,legit_prompt,True,12,none,0
few_shot_markers,60,hn_d_01,SAFE,security_doc,False,0,none,0
few_shot_markers,60,hn_d_02,SAFE,security_doc,False,0,none,0
few_shot_markers,60,hn_d_03,SAFE,security_doc,False,0,none,0
few_shot_markers,60,hn_d_04,SAFE,security_doc,False,4,none,0
few_shot_markers,60,hn_d_05,SAFE,security_doc,False,0,none,0
few_shot_markers,60,hn_d_06,SAFE,security_doc,False,0,none,0
few_shot_markers,60,hn_d_07,SAFE,security_doc,False,4,none,0
few_shot_markers,60,hn_d_08,SAFE,security_doc,False,0,none,0
few_shot_markers,60,hn_t_01,SAFE,benign_template,True,6,none,0
few_shot_markers,60,hn_t_02,SAFE,benign_template,True,6,none,0
few_shot_markers,60,hn_t_03,SAFE,benign_template,True,6,none,0
few_shot_markers,60,hn_t_04,SAFE,benign_template,True,14,none,0
few_shot_markers,70,s5_imp_01,S5,imperative,False,0,none,0
few_shot_markers,70,s5_imp_02,S5,imperative,False,0,none,0
few_shot_markers,70,s5_imp_03,S5,imperative,False,4,none,0
few_shot_markers,70,s5_imp_04,S5,imperative,False,0,none,0
few_shot_markers,70,s5_imp_05,S5,imperative,False,0,none,0
few_shot_markers,70,s5_imp_06,S5,imperative,False,0,none,0
few_shot_markers,70,s5_imp_07,S5,imperative,False,0,none,0
few_shot_markers,70,s5_imp_08,S5,imperative,False,0,none,0
few_shot_markers,70,s5_imp_09,S5,imperative,False,4,none,0
few_shot_markers,70,s5_imp_10,S5,imperative,False,0,none,0
few_shot_markers,70,s5_imp_11,S5,imperative,False,0,none,0
few_shot_markers,70,s5_imp_12,S5,imperative,False,0,none,0
few_shot_markers,70,s5_imp_13,S5,imperative,False,0,none,0
few_shot_markers,70,s5_imp_14,S5,imperative,False,8,none,0
few_shot_markers,70,s5_imp_15,S5,imperative,False,0,none,0
few_shot_markers,70,s5_dec_01,S5,declarative,False,0,none,0
few_shot_markers,70,s5_dec_02,S5,declarative,False,0,none,0
few_shot_markers,70,s5_dec_03,S5,declarative,False,0,none,0
few_shot_markers,70,s5_dec_04,S5,declarative,False,0,none,0
few_shot_markers,70,s5_dec_05,S5,declarative,False,4,none,0
few_shot_markers,70,s5_dec_06,S5,declarative,False,0,none,0
few_shot_markers,70,s5_dec_07,S5,declarative,False,0,none,0
few_shot_markers,70,s5_dec_08,S5,declarative,False,0,none,0
few_shot_markers,70,s5_dec_09,S5,declarative,False,0,none,0
few_shot_markers,70,s5_dec_10,S5,declarative,False,0,none,0
few_shot_markers,70,s5_dec_11,S5,declarative,False,0,none,0
few_shot_markers,70,s5_dec_12,S5,declarative,False,0,none,0
few_shot_markers,70,s5_dec_13,S5,declarative,False,0,none,0
few_shot_markers,70,s5_dec_14,S5,declarative,False,0,none,0
few_shot_markers,70,s5_ind_01,S5,indirect,False,0,none,0
few_shot_markers,70,s5_ind_02,S5,indirect,False,0,none,0
few_shot_markers,70,s5_ind_03,S5,indirect,False,0,none,0
few_shot_markers,70,s5_ind_04,S5,indirect,False,0,none,0
few_shot_markers,70,s5_ind_05,S5,indirect,False,0,none,0
few_shot_markers,70,s5_ind_06,S5,indirect,False,0,none,0
few_shot_markers,70,s5_ind_07,S5,indirect,False,0,none,0
few_shot_markers,70,s5_ind_08,S5,indirect,False,0,none,0
few_shot_markers,70,s5_ind_09,S5,indirect,False,0,none,0
few_shot_markers,70,s5_ind_10,S5,indirect,False,0,none,0
few_shot_markers,70,s6_rp_01,S6,roleplay,False,4,none,0
few_shot_markers,70,s6_rp_02,S6,roleplay,False,4,none,0
few_shot_markers,70,s6_rp_03,S6,roleplay,False,4,none,0
few_shot_markers,70,s6_rp_04,S6,roleplay,False,0,none,0
few_shot_markers,70,s6_rp_05,S6,roleplay,False,8,none,0
few_shot_markers,70,s6_rp_06,S6,roleplay,False,0,none,0
few_shot_markers,70,s6_rp_07,S6,roleplay,False,0,none,0
few_shot_markers,70,s6_rp_08,S6,roleplay,False,0,none,0
few_shot_markers,70,s6_enc_01,S6,encoding,False,4,none,0
few_shot_markers,70,s6_enc_02,S6,encoding,False,0,none,0
few_shot_markers,70,s6_enc_03,S6,encoding,False,4,none,0
few_shot_markers,70,s6_enc_04,S6,encoding,False,4,none,0
few_shot_markers,70,safe_01,SAFE,benign,False,0,none,0
few_shot_markers,70,safe_02,SAFE,benign,False,4,none,0
few_shot_markers,70,safe_03,SAFE,benign,False,4,none,0
few_shot_markers,70,safe_04,SAFE,benign,False,4,none,0
few_shot_markers,70,safe_05,SAFE,benign,False,0,none,0
few_shot_markers,70,safe_06,SAFE,benign,False,0,none,0
few_shot_markers,70,safe_07,SAFE,benign,False,4,none,0
few_shot_markers,70,safe_08,SAFE,benign,False,0,none,0
few_shot_markers,70,safe_09,SAFE,benign,False,0,none,0
few_shot_markers,70,safe_10,SAFE,benign,False,0,none,0
few_shot_markers,70,safe_11,SAFE,benign,False,0,none,0
few_shot_markers,70,safe_12,SAFE,benign,False,4,none,0
few_shot_markers,70,safe_13,SAFE,benign,False,0,none,0
few_shot_markers,70,safe_14,SAFE,benign,False,4,none,0
few_shot_markers,70,safe_15,SAFE,benign,False,0,none,0
few_shot_markers,70,safe_16,SAFE,benign,False,0,none,0
few_shot_markers,70,safe_17,SAFE,benign,False,4,none,0
few_shot_markers,70,safe_18,SAFE,benign,False,0,none,0
few_shot_markers,70,safe_19,SAFE,benign,False,0,none,0
few_shot_markers,70,safe_20,SAFE,benign,False,0,none,0
few_shot_markers,70,hn_p_01,SAFE,legit_prompt,True,8,none,0
few_shot_markers,70,hn_p_02,SAFE,legit_prompt,True,12,none,0
few_shot_markers,70,hn_p_03,SAFE,legit_prompt,True,4,none,0
few_shot_markers,70,hn_p_04,SAFE,legit_prompt,True,8,none,0
few_shot_markers,70,hn_p_05,SAFE,legit_prompt,True,12,none,0
few_shot_markers,70,hn_p_06,SAFE,legit_prompt,True,8,none,0
few_shot_markers,70,hn_p_07,SAFE,legit_prompt,True,8,none,0
few_shot_markers,70,hn_p_08,SAFE,legit_prompt,True,12,none,0
few_shot_markers,70,hn_d_01,SAFE,security_doc,False,0,none,0
few_shot_markers,70,hn_d_02,SAFE,security_doc,False,0,none,0
few_shot_markers,70,hn_d_03,SAFE,security_doc,False,0,none,0
few_shot_markers,70,hn_d_04,SAFE,security_doc,False,4,none,0
few_shot_markers,70,hn_d_05,SAFE,security_doc,False,0,none,0
few_shot_markers,70,hn_d_06,SAFE,security_doc,False,0,none,0
few_shot_markers,70,hn_d_07,SAFE,security_doc,False,4,none,0
few_shot_markers,70,hn_d_08,SAFE,security_doc,False,0,none,0
few_shot_markers,70,hn_t_01,SAFE,benign_template,True,6,none,0
few_shot_markers,70,hn_t_02,SAFE,benign_template,True,6,none,0
few_shot_markers,70,hn_t_03,SAFE,benign_template,True,6,none,0
few_shot_markers,70,hn_t_04,SAFE,benign_template,True,14,none,0
few_shot_markers,80,s5_imp_01,S5,imperative,False,0,none,0
few_shot_markers,80,s5_imp_02,S5,imperative,False,0,none,0
few_shot_markers,80,s5_imp_03,S5,imperative,False,4,none,0
few_shot_markers,80,s5_imp_04,S5,imperative,False,0,none,0
few_shot_markers,80,s5_imp_05,S5,imperative,False,0,none,0
few_shot_markers,80,s5_imp_06,S5,imperative,False,0,none,0
few_shot_markers,80,s5_imp_07,S5,imperative,False,0,none,0
few_shot_markers,80,s5_imp_08,S5,imperative,False,0,none,0
few_shot_markers,80,s5_imp_09,S5,imperative,False,4,none,0
few_shot_markers,80,s5_imp_10,S5,imperative,False,0,none,0
few_shot_markers,80,s5_imp_11,S5,imperative,False,0,none,0
few_shot_markers,80,s5_imp_12,S5,imperative,False,0,none,0
few_shot_markers,80,s5_imp_13,S5,imperative,False,0,none,0
few_shot_markers,80,s5_imp_14,S5,imperative,False,8,none,0
few_shot_markers,80,s5_imp_15,S5,imperative,False,0,none,0
few_shot_markers,80,s5_dec_01,S5,declarative,False,0,none,0
few_shot_markers,80,s5_dec_02,S5,declarative,False,0,none,0
few_shot_markers,80,s5_dec_03,S5,declarative,False,0,none,0
few_shot_markers,80,s5_dec_04,S5,declarative,False,0,none,0
few_shot_markers,80,s5_dec_05,S5,declarative,False,4,none,0
few_shot_markers,80,s5_dec_06,S5,declarative,False,0,none,0
few_shot_markers,80,s5_dec_07,S5,declarative,False,0,none,0
few_shot_markers,80,s5_dec_08,S5,declarative,False,0,none,0
few_shot_markers,80,s5_dec_09,S5,declarative,False,0,none,0
few_shot_markers,80,s5_dec_10,S5,declarative,False,0,none,0
few_shot_markers,80,s5_dec_11,S5,declarative,False,0,none,0
few_shot_markers,80,s5_dec_12,S5,declarative,False,0,none,0
few_shot_markers,80,s5_dec_13,S5,declarative,False,0,none,0
few_shot_markers,80,s5_dec_14,S5,declarative,False,0,none,0
few_shot_markers,80,s5_ind_01,S5,indirect,False,0,none,0
few_shot_markers,80,s5_ind_02,S5,indirect,False,0,none,0
few_shot_markers,80,s5_ind_03,S5,indirect,False,0,none,0
few_shot_markers,80,s5_ind_04,S5,indirect,False,0,none,0
few_shot_markers,80,s5_ind_05,S5,indirect,False,0,none,0
few_shot_markers,80,s5_ind_06,S5,indirect,False,0,none,0
few_shot_markers,80,s5_ind_07,S5,indirect,False,0,none,0
few_shot_markers,80,s5_ind_08,S5,indirect,False,0,none,0
few_shot_markers,80,s5_ind_09,S5,indirect,False,0,none,0
few_shot_markers,80,s5_ind_10,S5,indirect,False,0,none,0
few_shot_markers,80,s6_rp_01,S6,roleplay,False,4,none,0
few_shot_markers,80,s6_rp_02,S6,roleplay,False,4,none,0
few_shot_markers,80,s6_rp_03,S6,roleplay,False,4,none,0
few_shot_markers,80,s6_rp_04,S6,roleplay,False,0,none,0
few_shot_markers,80,s6_rp_05,S6,roleplay,False,8,none,0
few_shot_markers,80,s6_rp_06,S6,roleplay,False,0,none,0
few_shot_markers,80,s6_rp_07,S6,roleplay,False,0,none,0
few_shot_markers,80,s6_rp_08,S6,roleplay,False,0,none,0
few_shot_markers,80,s6_enc_01,S6,encoding,False,4,none,0
few_shot_markers,80,s6_enc_02,S6,encoding,False,0,none,0
few_shot_markers,80,s6_enc_03,S6,encoding,False,4,none,0
few_shot_markers,80,s6_enc_04,S6,encoding,False,4,none,0
few_shot_markers,80,safe_01,SAFE,benign,False,0,none,0
few_shot_markers,80,safe_02,SAFE,benign,False,4,none,0
few_shot_markers,80,safe_03,SAFE,benign,False,4,none,0
few_shot_markers,80,safe_04,SAFE,benign,False,4,none,0
few_shot_markers,80,safe_05,SAFE,benign,False,0,none,0
few_shot_markers,80,safe_06,SAFE,benign,False,0,none,0
few_shot_markers,80,safe_07,SAFE,benign,False,4,none,0
few_shot_markers,80,safe_08,SAFE,benign,False,0,none,0
few_shot_markers,80,safe_09,SAFE,benign,False,0,none,0
few_shot_markers,80,safe_10,SAFE,benign,False,0,none,0
few_shot_markers,80,safe_11,SAFE,benign,False,0,none,0
few_shot_markers,80,safe_12,SAFE,benign,False,4,none,0
few_shot_markers,80,safe_13,SAFE,benign,False,0,none,0
few_shot_markers,80,safe_14,SAFE,benign,False,4,none,0
few_shot_markers,80,safe_15,SAFE,benign,False,0,none,0
few_shot_markers,80,safe_16,SAFE,benign,False,0,none,0
few_shot_markers,80,safe_17,SAFE,benign,False,4,none,0
few_shot_markers,80,safe_18,SAFE,benign,False,0,none,0
few_shot_markers,80,safe_19,SAFE,benign,False,0,none,0
few_shot_markers,80,safe_20,SAFE,benign,False,0,none,0
few_shot_markers,80,hn_p_01,SAFE,legit_prompt,True,8,none,0
few_shot_markers,80,hn_p_02,SAFE,legit_prompt,True,12,none,0
few_shot_markers,80,hn_p_03,SAFE,legit_prompt,True,4,none,0
few_shot_markers,80,hn_p_04,SAFE,legit_prompt,True,8,none,0
few_shot_markers,80,hn_p_05,SAFE,legit_prompt,True,12,none,0
few_shot_markers,80,hn_p_06,SAFE,legit_prompt,True,8,none,0
few_shot_markers,80,hn_p_07,SAFE,legit_prompt,True,8,none,0
few_shot_markers,80,hn_p_08,SAFE,legit_prompt,True,12,none,0
few_shot_markers,80,hn_d_01,SAFE,security_doc,False,0,none,0
few_shot_markers,80,hn_d_02,SAFE,security_doc,False,0,none,0
few_shot_markers,80,hn_d_03,SAFE,security_doc,False,0,none,0
few_shot_markers,80,hn_d_04,SAFE,security_doc,False,4,none,0
few_shot_markers,80,hn_d_05,SAFE,security_doc,False,0,none,0
few_shot_markers,80,hn_d_06,SAFE,security_doc,False,0,none,0
few_shot_markers,80,hn_d_07,SAFE,security_doc,False,4,none,0
few_shot_markers,80,hn_d_08,SAFE,security_doc,False,0,none,0
few_shot_markers,80,hn_t_01,SAFE,benign_template,True,6,none,0
few_shot_markers,80,hn_t_02,SAFE,benign_template,True,6,none,0
few_shot_markers,80,hn_t_03,SAFE,benign_template,True,6,none,0
few_shot_markers,80,hn_t_04,SAFE,benign_template,True,14,none,0
few_shot_markers,90,s5_imp_01,S5,imperative,False,0,none,0
few_shot_markers,90,s5_imp_02,S5,imperative,False,0,none,0
few_shot_markers,90,s5_imp_03,S5,imperative,False,4,none,0
few_shot_markers,90,s5_imp_04,S5,imperative,False,0,none,0
few_shot_markers,90,s5_imp_05,S5,imperative,False,0,none,0
few_shot_markers,90,s5_imp_06,S5,imperative,False,0,none,0
few_shot_markers,90,s5_imp_07,S5,imperative,False,0,none,0
few_shot_markers,90,s5_imp_08,S5,imperative,False,0,none,0
few_shot_markers,90,s5_imp_09,S5,imperative,False,4,none,0
few_shot_markers,90,s5_imp_10,S5,imperative,False,0,none,0
few_shot_markers,90,s5_imp_11,S5,imperative,False,0,none,0
few_shot_markers,90,s5_imp_12,S5,imperative,False,0,none,0
few_shot_markers,90,s5_imp_13,S5,imperative,False,0,none,0
few_shot_markers,90,s5_imp_14,S5,imperative,False,8,none,0
few_shot_markers,90,s5_imp_15,S5,imperative,False,0,none,0
few_shot_markers,90,s5_dec_01,S5,declarative,False,0,none,0
few_shot_markers,90,s5_dec_02,S5,declarative,False,0,none,0
few_shot_markers,90,s5_dec_03,S5,declarative,False,0,none,0
few_shot_markers,90,s5_dec_04,S5,declarative,False,0,none,0
few_shot_markers,90,s5_dec_05,S5,declarative,False,4,none,0
few_shot_markers,90,s5_dec_06,S5,declarative,False,0,none,0
few_shot_markers,90,s5_dec_07,S5,declarative,False,0,none,0
few_shot_markers,90,s5_dec_08,S5,declarative,False,0,none,0
few_shot_markers,90,s5_dec_09,S5,declarative,False,0,none,0
few_shot_markers,90,s5_dec_10,S5,declarative,False,0,none,0
few_shot_markers,90,s5_dec_11,S5,declarative,False,0,none,0
few_shot_markers,90,s5_dec_12,S5,declarative,False,0,none,0
few_shot_markers,90,s5_dec_13,S5,declarative,False,0,none,0
few_shot_markers,90,s5_dec_14,S5,declarative,False,0,none,0
few_shot_markers,90,s5_ind_01,S5,indirect,False,0,none,0
few_shot_markers,90,s5_ind_02,S5,indirect,False,0,none,0
few_shot_markers,90,s5_ind_03,S5,indirect,False,0,none,0
few_shot_markers,90,s5_ind_04,S5,indirect,False,0,none,0
few_shot_markers,90,s5_ind_05,S5,indirect,False,0,none,0
few_shot_markers,90,s5_ind_06,S5,indirect,False,0,none,0
few_shot_markers,90,s5_ind_07,S5,indirect,False,0,none,0
few_shot_markers,90,s5_ind_08,S5,indirect,False,0,none,0
few_shot_markers,90,s5_ind_09,S5,indirect,False,0,none,0
few_shot_markers,90,s5_ind_10,S5,indirect,False,0,none,0
few_shot_markers,90,s6_rp_01,S6,roleplay,False,4,none,0
few_shot_markers,90,s6_rp_02,S6,roleplay,False,4,none,0
few_shot_markers,90,s6_rp_03,S6,roleplay,False,4,none,0
few_shot_markers,90,s6_rp_04,S6,roleplay,False,0,none,0
few_shot_markers,90,s6_rp_05,S6,roleplay,False,8,none,0
few_shot_markers,90,s6_rp_06,S6,roleplay,False,0,none,0
few_shot_markers,90,s6_rp_07,S6,roleplay,False,0,none,0
few_shot_markers,90,s6_rp_08,S6,roleplay,False,0,none,0
few_shot_markers,90,s6_enc_01,S6,encoding,False,4,none,0
few_shot_markers,90,s6_enc_02,S6,encoding,False,0,none,0
few_shot_markers,90,s6_enc_03,S6,encoding,False,4,none,0
few_shot_markers,90,s6_enc_04,S6,encoding,False,4,none,0
few_shot_markers,90,safe_01,SAFE,benign,False,0,none,0
few_shot_markers,90,safe_02,SAFE,benign,False,4,none,0
few_shot_markers,90,safe_03,SAFE,benign,False,4,none,0
few_shot_markers,90,safe_04,SAFE,benign,False,4,none,0
few_shot_markers,90,safe_05,SAFE,benign,False,0,none,0
few_shot_markers,90,safe_06,SAFE,benign,False,0,none,0
few_shot_markers,90,safe_07,SAFE,benign,False,4,none,0
few_shot_markers,90,safe_08,SAFE,benign,False,0,none,0
few_shot_markers,90,safe_09,SAFE,benign,False,0,none,0
few_shot_markers,90,safe_10,SAFE,benign,False,0,none,0
few_shot_markers,90,safe_11,SAFE,benign,False,0,none,0
few_shot_markers,90,safe_12,SAFE,benign,False,4,none,0
few_shot_markers,90,safe_13,SAFE,benign,False,0,none,0
few_shot_markers,90,safe_14,SAFE,benign,False,4,none,0
few_shot_markers,90,safe_15,SAFE,benign,False,0,none,0
few_shot_markers,90,safe_16,SAFE,benign,False,0,none,0
few_shot_markers,90,safe_17,SAFE,benign,False,4,none,0
few_shot_markers,90,safe_18,SAFE,benign,False,0,none,0
few_shot_markers,90,safe_19,SAFE,benign,False,0,none,0
few_shot_markers,90,safe_20,SAFE,benign,False,0,none,0
few_shot_markers,90,hn_p_01,SAFE,legit_prompt,True,8,none,0
few_shot_markers,90,hn_p_02,SAFE,legit_prompt,True,12,none,0
few_shot_markers,90,hn_p_03,SAFE,legit_prompt,True,4,none,0
few_shot_markers,90,hn_p_04,SAFE,legit_prompt,True,8,none,0
few_shot_markers,90,hn_p_05,SAFE,legit_prompt,True,12,none,0
few_shot_markers,90,hn_p_06,SAFE,legit_prompt,True,8,none,0
few_shot_markers,90,hn_p_07,SAFE,legit_prompt,True,8,none,0
few_shot_markers,90,hn_p_08,SAFE,legit_prompt,True,12,none,0
few_shot_markers,90,hn_d_01,SAFE,security_doc,False,0,none,0
few_shot_markers,90,hn_d_02,SAFE,security_doc,False,0,none,0
few_shot_markers,90,hn_d_03,SAFE,security_doc,False,0,none,0
few_shot_markers,90,hn_d_04,SAFE,security_doc,False,4,none,0
few_shot_markers,90,hn_d_05,SAFE,security_doc,False,0,none,0
few_shot_markers,90,hn_d_06,SAFE,security_doc,False,0,none,0
few_shot_markers,90,hn_d_07,SAFE,security_doc,False,4,none,0
few_shot_markers,90,hn_d_08,SAFE,security_doc,False,0,none,0
few_shot_markers,90,hn_t_01,SAFE,benign_template,True,6,none,0
few_shot_markers,90,hn_t_02,SAFE,benign_template,True,6,none,0
few_shot_markers,90,hn_t_03,SAFE,benign_template,True,6,none,0
few_shot_markers,90,hn_t_04,SAFE,benign_template,True,14,none,0
few_shot_markers,100,s5_imp_01,S5,imperative,False,0,none,0
few_shot_markers,100,s5_imp_02,S5,imperative,False,0,none,0
few_shot_markers,100,s5_imp_03,S5,imperative,False,4,none,0
few_shot_markers,100,s5_imp_04,S5,imperative,False,0,none,0
few_shot_markers,100,s5_imp_05,S5,imperative,False,0,none,0
few_shot_markers,100,s5_imp_06,S5,imperative,False,0,none,0
few_shot_markers,100,s5_imp_07,S5,imperative,False,0,none,0
few_shot_markers,100,s5_imp_08,S5,imperative,False,0,none,0
few_shot_markers,100,s5_imp_09,S5,imperative,False,4,none,0
few_shot_markers,100,s5_imp_10,S5,imperative,False,0,none,0
few_shot_markers,100,s5_imp_11,S5,imperative,False,0,none,0
few_shot_markers,100,s5_imp_12,S5,imperative,False,0,none,0
few_shot_markers,100,s5_imp_13,S5,imperative,False,0,none,0
few_shot_markers,100,s5_imp_14,S5,imperative,False,8,none,0
few_shot_markers,100,s5_imp_15,S5,imperative,False,0,none,0
few_shot_markers,100,s5_dec_01,S5,declarative,False,0,none,0
few_shot_markers,100,s5_dec_02,S5,declarative,False,0,none,0
few_shot_markers,100,s5_dec_03,S5,declarative,False,0,none,0
few_shot_markers,100,s5_dec_04,S5,declarative,False,0,none,0
few_shot_markers,100,s5_dec_05,S5,declarative,False,4,none,0
few_shot_markers,100,s5_dec_06,S5,declarative,False,0,none,0
few_shot_markers,100,s5_dec_07,S5,declarative,False,0,none,0
few_shot_markers,100,s5_dec_08,S5,declarative,False,0,none,0
few_shot_markers,100,s5_dec_09,S5,declarative,False,0,none,0
few_shot_markers,100,s5_dec_10,S5,declarative,False,0,none,0
few_shot_markers,100,s5_dec_11,S5,declarative,False,0,none,0
few_shot_markers,100,s5_dec_12,S5,declarative,False,0,none,0
few_shot_markers,100,s5_dec_13,S5,declarative,False,0,none,0
few_shot_markers,100,s5_dec_14,S5,declarative,False,0,none,0
few_shot_markers,100,s5_ind_01,S5,indirect,False,0,none,0
few_shot_markers,100,s5_ind_02,S5,indirect,False,0,none,0
few_shot_markers,100,s5_ind_03,S5,indirect,False,0,none,0
few_shot_markers,100,s5_ind_04,S5,indirect,False,0,none,0
few_shot_markers,100,s5_ind_05,S5,indirect,False,0,none,0
few_shot_markers,100,s5_ind_06,S5,indirect,False,0,none,0
few_shot_markers,100,s5_ind_07,S5,indirect,False,0,none,0
few_shot_markers,100,s5_ind_08,S5,indirect,False,0,none,0
few_shot_markers,100,s5_ind_09,S5,indirect,False,0,none,0
few_shot_markers,100,s5_ind_10,S5,indirect,False,0,none,0
few_shot_markers,100,s6_rp_01,S6,roleplay,False,4,none,0
few_shot_markers,100,s6_rp_02,S6,roleplay,False,4,none,0
few_shot_markers,100,s6_rp_03,S6,roleplay,False,4,none,0
few_shot_markers,100,s6_rp_04,S6,roleplay,False,0,none,0
few_shot_markers,100,s6_rp_05,S6,roleplay,False,8,none,0
few_shot_markers,100,s6_rp_06,S6,roleplay,False,0,none,0
few_shot_markers,100,s6_rp_07,S6,roleplay,False,0,none,0
few_shot_markers,100,s6_rp_08,S6,roleplay,False,0,none,0
few_shot_markers,100,s6_enc_01,S6,encoding,False,4,none,0
few_shot_markers,100,s6_enc_02,S6,encoding,False,0,none,0
few_shot_markers,100,s6_enc_03,S6,encoding,False,4,none,0
few_shot_markers,100,s6_enc_04,S6,encoding,False,4,none,0
few_shot_markers,100,safe_01,SAFE,benign,False,0,none,0
few_shot_markers,100,safe_02,SAFE,benign,False,4,none,0
few_shot_markers,100,safe_03,SAFE,benign,False,4,none,0
few_shot_markers,100,safe_04,SAFE,benign,False,4,none,0
few_shot_markers,100,safe_05,SAFE,benign,False,0,none,0
few_shot_markers,100,safe_06,SAFE,benign,False,0,none,0
few_shot_markers,100,safe_07,SAFE,benign,False,4,none,0
few_shot_markers,100,safe_08,SAFE,benign,False,0,none,0
few_shot_markers,100,safe_09,SAFE,benign,False,0,none,0
few_shot_markers,100,safe_10,SAFE,benign,False,0,none,0
few_shot_markers,100,safe_11,SAFE,benign,False,0,none,0
few_shot_markers,100,safe_12,SAFE,benign,False,4,none,0
few_shot_markers,100,safe_13,SAFE,benign,False,0,none,0
few_shot_markers,100,safe_14,SAFE,benign,False,4,none,0
few_shot_markers,100,safe_15,SAFE,benign,False,0,none,0
few_shot_markers,100,safe_16,SAFE,benign,False,0,none,0
few_shot_markers,100,safe_17,SAFE,benign,False,4,none,0
few_shot_markers,100,safe_18,SAFE,benign,False,0,none,0
few_shot_markers,100,safe_19,SAFE,benign,False,0,none,0
few_shot_markers,100,safe_20,SAFE,benign,False,0,none,0
few_shot_markers,100,hn_p_01,SAFE,legit_prompt,True,8,none,0
few_shot_markers,100,hn_p_02,SAFE,legit_prompt,True,12,none,0
few_shot_markers,100,hn_p_03,SAFE,legit_prompt,True,4,none,0
few_shot_markers,100,hn_p_04,SAFE,legit_prompt,True,8,none,0
few_shot_markers,100,hn_p_05,SAFE,legit_prompt,True,12,none,0
few_shot_markers,100,hn_p_06,SAFE,legit_prompt,True,8,none,0
few_shot_markers,100,hn_p_07,SAFE,legit_prompt,True,8,none,0
few_shot_markers,100,hn_p_08,SAFE,legit_prompt,True,12,none,0
few_shot_markers,100,hn_d_01,SAFE,security_doc,False,0,none,0
few_shot_markers,100,hn_d_02,SAFE,security_doc,False,0,none,0
few_shot_markers,100,hn_d_03,SAFE,security_doc,False,0,none,0
few_shot_markers,100,hn_d_04,SAFE,security_doc,False,4,none,0
few_shot_markers,100,hn_d_05,SAFE,security_doc,False,0,none,0
few_shot_markers,100,hn_d_06,SAFE,security_doc,False,0,none,0
few_shot_markers,100,hn_d_07,SAFE,security_doc,False,4,none,0
few_shot_markers,100,hn_d_08,SAFE,security_doc,False,0,none,0
few_shot_markers,100,hn_t_01,SAFE,benign_template,True,6,none,0
few_shot_markers,100,hn_t_02,SAFE,benign_template,True,6,none,0
few_shot_markers,100,hn_t_03,SAFE,benign_template,True,6,none,0
few_shot_markers,100,hn_t_04,SAFE,benign_template,True,14,none,0
